<?xml version="1.0" encoding="UTF-8"?>
<GenRun Id="synth_1" LaunchPart="xc7z020clg400-1" LaunchTime="1719160054">
  <File Type="PA-TCL" Name="ALU_sys_HDL_BD_wrapper.tcl"/>
  <File Type="REPORTS-TCL" Name="ALU_sys_HDL_BD_wrapper_reports.tcl"/>
  <File Type="RDS-RDS" Name="ALU_sys_HDL_BD_wrapper.vds"/>
  <File Type="RDS-UTIL" Name="ALU_sys_HDL_BD_wrapper_utilization_synth.rpt"/>
  <File Type="RDS-UTIL-PB" Name="ALU_sys_HDL_BD_wrapper_utilization_synth.pb"/>
  <File Type="RDS-DCP" Name="ALU_sys_HDL_BD_wrapper.dcp"/>
  <FileSet Name="sources" Type="DesignSrcs" RelSrcDir="$PSRCDIR/sources_1" RelGenDir="$PGENDIR/sources_1">
    <Filter Type="Srcs"/>
    <File Path="$PSRCDIR/sources_1/bd/ALU_sys_HDL_BD/ALU_sys_HDL_BD.bd">
      <FileInfo>
        <Attr Name="ImportPath" Val="$PPRDIR/../../../../../../../../Desktop/ALU_sys_HDL_BD/ALU_sys_HDL_BD.srcs/sources_1/bd/ALU_sys_HDL_BD/ALU_sys_HDL_BD.bd"/>
        <Attr Name="ImportTime" Val="1719225108"/>
        <Attr Name="UsedIn" Val="synthesis"/>
        <Attr Name="UsedIn" Val="implementation"/>
        <Attr Name="UsedIn" Val="simulation"/>
      </FileInfo>
    </File>
    <File Path="$PGENDIR/sources_1/bd/ALU_sys_HDL_BD/hdl/ALU_sys_HDL_BD_wrapper.vhd">
      <FileInfo>
        <Attr Name="ImportPath" Val="$PPRDIR/../../../../../../../../Desktop/ALU_sys_HDL_BD/ALU_sys_HDL_BD.gen/sources_1/bd/ALU_sys_HDL_BD/hdl/ALU_sys_HDL_BD_wrapper.vhd"/>
        <Attr Name="ImportTime" Val="1719160028"/>
        <Attr Name="UsedIn" Val="synthesis"/>
        <Attr Name="UsedIn" Val="simulation"/>
      </FileInfo>
    </File>
    <Config>
      <Option Name="DesignMode" Val="RTL"/>
      <Option Name="TopModule" Val="ALU_sys_HDL_BD_wrapper"/>
      <Option Name="TopAutoSet" Val="TRUE"/>
    </Config>
  </FileSet>
  <FileSet Name="constrs_in" Type="Constrs" RelSrcDir="$PSRCDIR/constrs_1" RelGenDir="$PGENDIR/constrs_1">
    <Filter Type="Constrs"/>
    <Config>
      <Option Name="ConstrsType" Val="XDC"/>
    </Config>
  </FileSet>
  <FileSet Name="utils" Type="Utils" RelSrcDir="$PSRCDIR/utils_1" RelGenDir="$PGENDIR/utils_1">
    <Filter Type="Utils"/>
    <Config>
      <Option Name="TopAutoSet" Val="TRUE"/>
    </Config>
  </FileSet>
  <Strategy Version="1" Minor="2">
    <StratHandle Name="Vivado Synthesis Defaults" Flow="Vivado Synthesis 2023"/>
    <Step Id="synth_design"/>
  </Strategy>
  <BlockFileSet Type="BlockSrcs" Name="ALU_sys_HDL_BD_ALU_sys_HDL_0_0"/>
  <BlockFileSet Type="BlockSrcs" Name="ALU_sys_HDL_BD_rst_ps7_0_100M_0"/>
  <BlockFileSet Type="BlockSrcs" Name="ALU_sys_HDL_BD_processing_system7_0_0"/>
  <BlockFileSet Type="BlockSrcs" Name="ALU_sys_HDL_BD_auto_pc_0"/>
  <BlockFileSet Type="BlockSrcs" Name="ALU_sys_HDL_BD_auto_pc_4"/>
  <BlockFileSet Type="BlockSrcs" Name="ALU_sys_HDL_BD_auto_us_1"/>
  <BlockFileSet Type="BlockSrcs" Name="ALU_sys_HDL_BD_auto_pc_1"/>
  <BlockFileSet Type="BlockSrcs" Name="ALU_sys_HDL_BD_auto_pc_2"/>
  <BlockFileSet Type="BlockSrcs" Name="ALU_sys_HDL_BD_auto_us_0"/>
  <BlockFileSet Type="BlockSrcs" Name="ALU_sys_HDL_BD_auto_us_3"/>
  <BlockFileSet Type="BlockSrcs" Name="ALU_sys_HDL_BD_auto_us_2"/>
  <BlockFileSet Type="BlockSrcs" Name="ALU_sys_HDL_BD_auto_pc_3"/>
</GenRun>
