<?xml version="1.0" encoding="UTF-8"?>
<GenRun Id="synth_1" LaunchPart="xc7z020clg400-1" LaunchTime="1719088787">
  <File Type="PA-TCL" Name="SISD_block_design_wrapper.tcl"/>
  <File Type="REPORTS-TCL" Name="SISD_block_design_wrapper_reports.tcl"/>
  <File Type="RDS-RDS" Name="SISD_block_design_wrapper.vds"/>
  <File Type="RDS-UTIL" Name="SISD_block_design_wrapper_utilization_synth.rpt"/>
  <File Type="RDS-UTIL-PB" Name="SISD_block_design_wrapper_utilization_synth.pb"/>
  <File Type="RDS-DCP" Name="SISD_block_design_wrapper.dcp"/>
  <FileSet Name="sources" Type="DesignSrcs" RelSrcDir="$PSRCDIR/sources_1" RelGenDir="$PGENDIR/sources_1">
    <Filter Type="Srcs"/>
    <File Path="$PSRCDIR/sources_1/bd/SISD_block_design/SISD_block_design.bd">
      <FileInfo>
        <Attr Name="ImportPath" Val="$PPRDIR/../../../../../../../../Desktop/NECST/NL2/M_AXI_ALU/SISD/Vivado/SISD.srcs/sources_1/bd/SISD_block_design/SISD_block_design.bd"/>
        <Attr Name="ImportTime" Val="1719686947"/>
        <Attr Name="UsedIn" Val="synthesis"/>
        <Attr Name="UsedIn" Val="implementation"/>
        <Attr Name="UsedIn" Val="simulation"/>
      </FileInfo>
    </File>
    <File Path="$PGENDIR/sources_1/bd/SISD_block_design/hdl/SISD_block_design_wrapper.vhd">
      <FileInfo>
        <Attr Name="ImportPath" Val="$PPRDIR/../../../../../../../../Desktop/NECST/NL2/M_AXI_ALU/SISD/Vivado/SISD.gen/sources_1/bd/SISD_block_design/hdl/SISD_block_design_wrapper.vhd"/>
        <Attr Name="ImportTime" Val="1719091514"/>
        <Attr Name="UsedIn" Val="synthesis"/>
        <Attr Name="UsedIn" Val="simulation"/>
      </FileInfo>
    </File>
    <Config>
      <Option Name="DesignMode" Val="RTL"/>
      <Option Name="TopModule" Val="SISD_block_design_wrapper"/>
      <Option Name="TopAutoSet" Val="TRUE"/>
    </Config>
  </FileSet>
  <FileSet Name="constrs_in" Type="Constrs" RelSrcDir="$PSRCDIR/constrs_1" RelGenDir="$PGENDIR/constrs_1">
    <Filter Type="Constrs"/>
    <Config>
      <Option Name="ConstrsType" Val="XDC"/>
    </Config>
  </FileSet>
  <FileSet Name="utils" Type="Utils" RelSrcDir="$PSRCDIR/utils_1" RelGenDir="$PGENDIR/utils_1">
    <Filter Type="Utils"/>
    <Config>
      <Option Name="TopAutoSet" Val="TRUE"/>
    </Config>
  </FileSet>
  <Strategy Version="1" Minor="2">
    <StratHandle Name="Vivado Synthesis Defaults" Flow="Vivado Synthesis 2023"/>
    <Step Id="synth_design"/>
  </Strategy>
  <BlockFileSet Type="BlockSrcs" Name="SISD_block_design_auto_pc_0"/>
  <BlockFileSet Type="BlockSrcs" Name="SISD_block_design_processing_system7_0_0"/>
  <BlockFileSet Type="BlockSrcs" Name="SISD_block_design_sisd_0_0"/>
  <BlockFileSet Type="BlockSrcs" Name="SISD_block_design_rst_ps7_0_50M_0"/>
</GenRun>
