<?xml version="1.0" encoding="UTF-8"?>
<GenRun Id="synth_1" LaunchPart="xc7z020clg400-1" LaunchTime="1719681412">
  <File Type="PA-TCL" Name="bd_0_wrapper.tcl"/>
  <File Type="RDS-PROPCONSTRS" Name="bd_0_wrapper_drc_synth.rpt"/>
  <File Type="REPORTS-TCL" Name="bd_0_wrapper_reports.tcl"/>
  <File Type="RDS-RDS" Name="bd_0_wrapper.vds"/>
  <File Type="RDS-UTIL" Name="bd_0_wrapper_utilization_synth.rpt"/>
  <File Type="RDS-UTIL-PB" Name="bd_0_wrapper_utilization_synth.pb"/>
  <File Type="RDS-DCP" Name="bd_0_wrapper.dcp"/>
  <File Type="VDS-TIMINGSUMMARY" Name="bd_0_wrapper_timing_summary_synth.rpt"/>
  <File Type="VDS-TIMING-PB" Name="bd_0_wrapper_timing_summary_synth.pb"/>
  <FileSet Name="sources" Type="DesignSrcs" RelSrcDir="$PSRCDIR/sources_1" RelGenDir="$PGENDIR/sources_1">
    <Filter Type="Srcs"/>
    <File Path="$PSRCDIR/sources_1/bd/bd_0/bd_0.bd">
      <FileInfo>
        <Attr Name="UsedIn" Val="synthesis"/>
        <Attr Name="UsedIn" Val="implementation"/>
        <Attr Name="UsedIn" Val="simulation"/>
      </FileInfo>
    </File>
    <File Path="$PGENDIR/sources_1/bd/bd_0/hdl/bd_0_wrapper.vhd">
      <FileInfo>
        <Attr Name="UsedIn" Val="synthesis"/>
        <Attr Name="UsedIn" Val="simulation"/>
      </FileInfo>
    </File>
    <Config>
      <Option Name="DesignMode" Val="RTL"/>
      <Option Name="TopModule" Val="bd_0_wrapper"/>
      <Option Name="TopAutoSet" Val="TRUE"/>
    </Config>
  </FileSet>
  <FileSet Name="constrs_in" Type="Constrs" RelSrcDir="$PSRCDIR/constrs_1" RelGenDir="$PGENDIR/constrs_1">
    <Filter Type="Constrs"/>
    <File Path="$PPRDIR/ALU_sys_HDL.xdc">
      <FileInfo>
        <Attr Name="UsedIn" Val="synthesis"/>
        <Attr Name="UsedIn" Val="implementation"/>
      </FileInfo>
    </File>
    <Config>
      <Option Name="ConstrsType" Val="XDC"/>
    </Config>
  </FileSet>
  <FileSet Name="utils" Type="Utils" RelSrcDir="$PSRCDIR/utils_1" RelGenDir="$PGENDIR/utils_1">
    <Filter Type="Utils"/>
    <Config>
      <Option Name="TopAutoSet" Val="TRUE"/>
    </Config>
  </FileSet>
  <Strategy Version="1" Minor="2">
    <StratHandle Name="Vivado Synthesis Defaults" Flow="Vivado Synthesis 2023">
      <Desc>Vivado Synthesis Defaults</Desc>
    </StratHandle>
    <Step Id="synth_design">
      <Option Id="MoreOptsStr"><![CDATA[-mode out_of_context]]></Option>
    </Step>
  </Strategy>
  <BlockFileSet Type="BlockSrcs" Name="bd_0_hls_inst_0"/>
</GenRun>
