<?xml version="1.0" encoding="UTF-8"?>
<GenRun Id="impl_1" LaunchPart="xc7z020clg400-1" LaunchTime="1719160056">
  <File Type="ROUTE-PWR" Name="ALU_sys_HDL_BD_wrapper_power_routed.rpt"/>
  <File Type="PA-TCL" Name="ALU_sys_HDL_BD_wrapper.tcl"/>
  <File Type="ROUTE-PWR-SUM" Name="ALU_sys_HDL_BD_wrapper_power_summary_routed.pb"/>
  <File Type="REPORTS-TCL" Name="ALU_sys_HDL_BD_wrapper_reports.tcl"/>
  <File Type="BITSTR-MSK" Name="ALU_sys_HDL_BD_wrapper.msk"/>
  <File Type="ROUTE-CLK" Name="ALU_sys_HDL_BD_wrapper_clock_utilization_routed.rpt"/>
  <File Type="RDI-RDI" Name="ALU_sys_HDL_BD_wrapper.vdi"/>
  <File Type="POSTROUTE-PHYSOPT-BUS-SKEW-PB" Name="ALU_sys_HDL_BD_wrapper_bus_skew_postroute_physopted.pb"/>
  <File Type="BG-BIT" Name="ALU_sys_HDL_BD_wrapper.bit"/>
  <File Type="BG-DRC" Name="ALU_sys_HDL_BD_wrapper.drc"/>
  <File Type="BG-BGN" Name="ALU_sys_HDL_BD_wrapper.bgn"/>
  <File Type="BG-BIN" Name="ALU_sys_HDL_BD_wrapper.bin"/>
  <File Type="BITSTR-RBT" Name="ALU_sys_HDL_BD_wrapper.rbt"/>
  <File Type="BITSTR-NKY" Name="ALU_sys_HDL_BD_wrapper.nky"/>
  <File Type="BITSTR-BMM" Name="ALU_sys_HDL_BD_wrapper_bd.bmm"/>
  <File Type="BITSTR-MMI" Name="ALU_sys_HDL_BD_wrapper.mmi"/>
  <File Type="ROUTE-METHODOLOGY-DRC" Name="ALU_sys_HDL_BD_wrapper_methodology_drc_routed.rpt"/>
  <File Type="BITSTR-SYSDEF" Name="ALU_sys_HDL_BD_wrapper.sysdef"/>
  <File Type="BITSTR-LTX" Name="debug_nets.ltx"/>
  <File Type="BITSTR-LTX" Name="ALU_sys_HDL_BD_wrapper.ltx"/>
  <File Type="WBT-USG" Name="usage_statistics_webtalk.html"/>
  <File Type="OPT-DRC" Name="ALU_sys_HDL_BD_wrapper_drc_opted.rpt"/>
  <File Type="OPT-HWDEF" Name="ALU_sys_HDL_BD_wrapper.hwdef"/>
  <File Type="PLACE-IO" Name="ALU_sys_HDL_BD_wrapper_io_placed.rpt"/>
  <File Type="PLACE-UTIL" Name="ALU_sys_HDL_BD_wrapper_utilization_placed.rpt"/>
  <File Type="PLACE-UTIL-PB" Name="ALU_sys_HDL_BD_wrapper_utilization_placed.pb"/>
  <File Type="PLACE-CTRL" Name="ALU_sys_HDL_BD_wrapper_control_sets_placed.rpt"/>
  <File Type="PLACE-PRE-SIMILARITY" Name="ALU_sys_HDL_BD_wrapper_incremental_reuse_pre_placed.rpt"/>
  <File Type="ROUTE-DRC" Name="ALU_sys_HDL_BD_wrapper_drc_routed.rpt"/>
  <File Type="ROUTE-DRC-PB" Name="ALU_sys_HDL_BD_wrapper_drc_routed.pb"/>
  <File Type="ROUTE-PWR-RPX" Name="ALU_sys_HDL_BD_wrapper_power_routed.rpx"/>
  <File Type="ROUTE-STATUS" Name="ALU_sys_HDL_BD_wrapper_route_status.rpt"/>
  <File Type="ROUTE-STATUS-PB" Name="ALU_sys_HDL_BD_wrapper_route_status.pb"/>
  <File Type="ROUTE-DCP" Name="ALU_sys_HDL_BD_wrapper_routed.dcp"/>
  <File Type="ROUTE-ERROR-DCP" Name="ALU_sys_HDL_BD_wrapper_routed_error.dcp"/>
  <File Type="ROUTE-BLACKBOX-DCP" Name="ALU_sys_HDL_BD_wrapper_routed_bb.dcp"/>
  <File Type="ROUTE-TIMINGSUMMARY" Name="ALU_sys_HDL_BD_wrapper_timing_summary_routed.rpt"/>
  <File Type="ROUTE-TIMING-PB" Name="ALU_sys_HDL_BD_wrapper_timing_summary_routed.pb"/>
  <File Type="ROUTE-TIMING-RPX" Name="ALU_sys_HDL_BD_wrapper_timing_summary_routed.rpx"/>
  <File Type="ROUTE-SIMILARITY" Name="ALU_sys_HDL_BD_wrapper_incremental_reuse_routed.rpt"/>
  <File Type="ROUTE-BUS-SKEW" Name="ALU_sys_HDL_BD_wrapper_bus_skew_routed.rpt"/>
  <File Type="ROUTE-BUS-SKEW-PB" Name="ALU_sys_HDL_BD_wrapper_bus_skew_routed.pb"/>
  <File Type="ROUTE-BUS-SKEW-RPX" Name="ALU_sys_HDL_BD_wrapper_bus_skew_routed.rpx"/>
  <File Type="OPT-DCP" Name="ALU_sys_HDL_BD_wrapper_opt.dcp"/>
  <File Type="PLACE-DCP" Name="ALU_sys_HDL_BD_wrapper_placed.dcp"/>
  <File Type="PWROPT-DCP" Name="ALU_sys_HDL_BD_wrapper_pwropt.dcp"/>
  <File Type="POSTPLACE-PWROPT-DCP" Name="ALU_sys_HDL_BD_wrapper_postplace_pwropt.dcp"/>
  <File Type="PHYSOPT-DCP" Name="ALU_sys_HDL_BD_wrapper_physopt.dcp"/>
  <File Type="POSTROUTE-PHYSOPT-DCP" Name="ALU_sys_HDL_BD_wrapper_postroute_physopt.dcp"/>
  <File Type="POSTROUTE-PHYSOPT-BLACKBOX-DCP" Name="ALU_sys_HDL_BD_wrapper_postroute_physopt_bb.dcp"/>
  <File Type="POSTROUTE-PHYSOPT-TIMING" Name="ALU_sys_HDL_BD_wrapper_timing_summary_postroute_physopted.rpt"/>
  <File Type="POSTROUTE-PHYSOPT-TIMING-PB" Name="ALU_sys_HDL_BD_wrapper_timing_summary_postroute_physopted.pb"/>
  <File Type="POSTROUTE-PHYSOPT-TIMING-RPX" Name="ALU_sys_HDL_BD_wrapper_timing_summary_postroute_physopted.rpx"/>
  <File Type="POSTROUTE-PHYSOPT-BUS-SKEW" Name="ALU_sys_HDL_BD_wrapper_bus_skew_postroute_physopted.rpt"/>
  <File Type="POSTROUTE-PHYSOPT-BUS-SKEW-RPX" Name="ALU_sys_HDL_BD_wrapper_bus_skew_postroute_physopted.rpx"/>
  <File Type="ROUTE-METHODOLOGY-DRC-PB" Name="ALU_sys_HDL_BD_wrapper_methodology_drc_routed.pb"/>
  <File Type="ROUTE-DRC-RPX" Name="ALU_sys_HDL_BD_wrapper_drc_routed.rpx"/>
  <File Type="ROUTE-METHODOLOGY-DRC-RPX" Name="ALU_sys_HDL_BD_wrapper_methodology_drc_routed.rpx"/>
  <File Type="PDI-FILE" Name="ALU_sys_HDL_BD_wrapper.pdi"/>
  <File Type="BOOT-PDI-FILE" Name="ALU_sys_HDL_BD_wrapper_boot.pdi"/>
  <File Type="PL-PDI-FILE" Name="ALU_sys_HDL_BD_wrapper_pld.pdi"/>
  <File Type="RCFI_FILE" Name="ALU_sys_HDL_BD_wrapper.rcfi"/>
  <File Type="CFI_FILE" Name="ALU_sys_HDL_BD_wrapper.cfi"/>
  <File Type="RNPI_FILE" Name="ALU_sys_HDL_BD_wrapper.rnpi"/>
  <File Type="NPI_FILE" Name="ALU_sys_HDL_BD_wrapper.npi"/>
  <File Type="RBD_FILE" Name="ALU_sys_HDL_BD_wrapper.rbd"/>
  <File Type="ROUTE-RQS" Name="ALU_sys_HDL_BD_wrapper_routed.rqs"/>
  <File Type="POSTROUTE-PHYSOPT-RQS" Name="ALU_sys_HDL_BD_wrapper_postroute_physopted.rqs"/>
  <File Type="ROUTE-RQS-RPT" Name="route_report_qor_suggestions_0.rpt"/>
  <File Type="POSTROUTE-PHYSOPT-RQS-RPT" Name="postroute_physopt_report_qor_suggestions_0.rpt"/>
  <FileSet Name="sources" Type="DesignSrcs" RelSrcDir="$PSRCDIR/sources_1" RelGenDir="$PGENDIR/sources_1">
    <Filter Type="Srcs"/>
    <File Path="$PSRCDIR/sources_1/bd/ALU_sys_HDL_BD/ALU_sys_HDL_BD.bd">
      <FileInfo>
        <Attr Name="ImportPath" Val="$PPRDIR/../../../../../../../../Desktop/ALU_sys_HDL_BD/ALU_sys_HDL_BD.srcs/sources_1/bd/ALU_sys_HDL_BD/ALU_sys_HDL_BD.bd"/>
        <Attr Name="ImportTime" Val="1719225108"/>
        <Attr Name="UsedIn" Val="synthesis"/>
        <Attr Name="UsedIn" Val="implementation"/>
        <Attr Name="UsedIn" Val="simulation"/>
      </FileInfo>
    </File>
    <File Path="$PGENDIR/sources_1/bd/ALU_sys_HDL_BD/hdl/ALU_sys_HDL_BD_wrapper.vhd">
      <FileInfo>
        <Attr Name="ImportPath" Val="$PPRDIR/../../../../../../../../Desktop/ALU_sys_HDL_BD/ALU_sys_HDL_BD.gen/sources_1/bd/ALU_sys_HDL_BD/hdl/ALU_sys_HDL_BD_wrapper.vhd"/>
        <Attr Name="ImportTime" Val="1719160028"/>
        <Attr Name="UsedIn" Val="synthesis"/>
        <Attr Name="UsedIn" Val="simulation"/>
      </FileInfo>
    </File>
    <Config>
      <Option Name="DesignMode" Val="RTL"/>
      <Option Name="TopModule" Val="ALU_sys_HDL_BD_wrapper"/>
      <Option Name="TopAutoSet" Val="TRUE"/>
    </Config>
  </FileSet>
  <FileSet Name="constrs_in" Type="Constrs" RelSrcDir="$PSRCDIR/constrs_1" RelGenDir="$PGENDIR/constrs_1">
    <Filter Type="Constrs"/>
    <Config>
      <Option Name="ConstrsType" Val="XDC"/>
    </Config>
  </FileSet>
  <FileSet Name="utils" Type="Utils" RelSrcDir="$PSRCDIR/utils_1" RelGenDir="$PGENDIR/utils_1">
    <Filter Type="Utils"/>
    <Config>
      <Option Name="TopAutoSet" Val="TRUE"/>
    </Config>
  </FileSet>
  <Strategy Version="1" Minor="2">
    <StratHandle Name="Vivado Implementation Defaults" Flow="Vivado Implementation 2023"/>
    <Step Id="init_design"/>
    <Step Id="opt_design"/>
    <Step Id="power_opt_design"/>
    <Step Id="place_design"/>
    <Step Id="post_place_power_opt_design"/>
    <Step Id="phys_opt_design"/>
    <Step Id="route_design"/>
    <Step Id="post_route_phys_opt_design"/>
    <Step Id="write_bitstream"/>
    <Step Id="write_device_image"/>
  </Strategy>
  <BlockFileSet Type="BlockSrcs" Name="ALU_sys_HDL_BD_ALU_sys_HDL_0_0"/>
  <BlockFileSet Type="BlockSrcs" Name="ALU_sys_HDL_BD_rst_ps7_0_100M_0"/>
  <BlockFileSet Type="BlockSrcs" Name="ALU_sys_HDL_BD_processing_system7_0_0"/>
  <BlockFileSet Type="BlockSrcs" Name="ALU_sys_HDL_BD_auto_pc_0"/>
  <BlockFileSet Type="BlockSrcs" Name="ALU_sys_HDL_BD_auto_pc_4"/>
  <BlockFileSet Type="BlockSrcs" Name="ALU_sys_HDL_BD_auto_us_1"/>
  <BlockFileSet Type="BlockSrcs" Name="ALU_sys_HDL_BD_auto_pc_1"/>
  <BlockFileSet Type="BlockSrcs" Name="ALU_sys_HDL_BD_auto_pc_2"/>
  <BlockFileSet Type="BlockSrcs" Name="ALU_sys_HDL_BD_auto_us_0"/>
  <BlockFileSet Type="BlockSrcs" Name="ALU_sys_HDL_BD_auto_us_3"/>
  <BlockFileSet Type="BlockSrcs" Name="ALU_sys_HDL_BD_auto_us_2"/>
  <BlockFileSet Type="BlockSrcs" Name="ALU_sys_HDL_BD_auto_pc_3"/>
</GenRun>
