{
  "Top": "ALU_sys_HDL",
  "RtlTop": "ALU_sys_HDL",
  "RtlPrefix": "",
  "RtlSubPrefix": "ALU_sys_HDL_",
  "SourceLanguage": "cpp",
  "HostMachineBits": "64",
  "FunctionProtocol": "ap_ctrl_hs",
  "ResetStyle": "control",
  "Target": {
    "Family": "zynq",
    "Device": "xc7z020",
    "Package": "-clg400",
    "Speed": "-1",
    "Triple": "fpga64-xilinx-none"
  },
  "Args": {
    "a": {
      "index": "0",
      "direction": "in",
      "srcType": "*",
      "srcSize": "32",
      "hwRefs": [
        {
          "type": "interface",
          "interface": "m_axi_gmem0",
          "name": "",
          "usage": "data",
          "direction": "in"
        },
        {
          "type": "register",
          "interface": "s_axi_control",
          "name": "a_1",
          "usage": "address",
          "direction": "in"
        },
        {
          "type": "register",
          "interface": "s_axi_control",
          "name": "a_2",
          "usage": "address",
          "direction": "in"
        }
      ]
    },
    "b": {
      "index": "1",
      "direction": "in",
      "srcType": "*",
      "srcSize": "32",
      "hwRefs": [
        {
          "type": "interface",
          "interface": "m_axi_gmem1",
          "name": "",
          "usage": "data",
          "direction": "in"
        },
        {
          "type": "register",
          "interface": "s_axi_control",
          "name": "b_1",
          "usage": "address",
          "direction": "in"
        },
        {
          "type": "register",
          "interface": "s_axi_control",
          "name": "b_2",
          "usage": "address",
          "direction": "in"
        }
      ]
    },
    "c": {
      "index": "2",
      "direction": "out",
      "srcType": "*",
      "srcSize": "32",
      "hwRefs": [
        {
          "type": "interface",
          "interface": "m_axi_gmem2",
          "name": "",
          "usage": "data",
          "direction": "out"
        },
        {
          "type": "register",
          "interface": "s_axi_control",
          "name": "c_1",
          "usage": "address",
          "direction": "in"
        },
        {
          "type": "register",
          "interface": "s_axi_control",
          "name": "c_2",
          "usage": "address",
          "direction": "in"
        }
      ]
    },
    "op": {
      "index": "3",
      "direction": "in",
      "srcType": "*",
      "srcSize": "32",
      "hwRefs": [
        {
          "type": "interface",
          "interface": "m_axi_gmem3",
          "name": "",
          "usage": "data",
          "direction": "in"
        },
        {
          "type": "register",
          "interface": "s_axi_control",
          "name": "op_1",
          "usage": "address",
          "direction": "in"
        },
        {
          "type": "register",
          "interface": "s_axi_control",
          "name": "op_2",
          "usage": "address",
          "direction": "in"
        }
      ]
    },
    "selec": {
      "index": "4",
      "direction": "in",
      "srcType": "int",
      "srcSize": "32",
      "hwRefs": [{
          "type": "register",
          "interface": "s_axi_control",
          "name": "selec",
          "usage": "data",
          "direction": "in"
        }]
    }
  },
  "HlsSolution": {
    "FlowTarget": "vivado",
    "ConfigTcl": [
      "config_cosim -rtl=vhdl",
      "config_cosim -tool=xsim",
      "config_export -display_name=ALU_sys_HDL",
      "config_export -flow=syn",
      "config_export -format=ip_catalog",
      "config_export -output=C:\/Users\/marco\/Desktop\/hhllss\/ALU_sys_HDL",
      "config_export -rtl=vhdl",
      "config_export -vivado_clock=10"
    ],
    "ProfileOption": "0",
    "ProfileType": "none",
    "KernelName": "ALU_sys_HDL"
  },
  "ClockInfo": {
    "ClockName": "ap_clk",
    "ClockPeriod": "10",
    "Uncertainty": "2.7",
    "IsCombinational": "0",
    "II": "undef",
    "Latency": "undef"
  },
  "Xdc": {"OocClocks": ["create_clock -name ap_clk -period 10.000 [get_ports ap_clk]"]},
  "Ipx": {
    "Vendor": "xilinx.com",
    "Library": "hls",
    "Name": "ALU_sys_HDL",
    "Version": "1.0",
    "DisplayName": "ALU_sys_HDL",
    "Revision": "2113623856",
    "Description": "An IP generated by Vitis HLS",
    "Taxonomy": "\/VITIS_HLS_IP",
    "AutoFamilySupport": "",
    "ZipFile": "xilinx_com_hls_ALU_sys_HDL_1_0.zip"
  },
  "Files": {
    "CSource": ["..\/..\/..\/NECST\/NL2\/M_AXI_ALU\/ALU_sys_HDL\/HLS\/HLS_project\/core.cpp"],
    "Vhdl": [
      "impl\/vhdl\/ALU_sys_HDL_Block_entry1_proc.vhd",
      "impl\/vhdl\/ALU_sys_HDL_Block_entry1_proc_ALU_operation_MEM_RAM_AUTO_1R1W.vhd",
      "impl\/vhdl\/ALU_sys_HDL_control_s_axi.vhd",
      "impl\/vhdl\/ALU_sys_HDL_data_exe_wb.vhd",
      "impl\/vhdl\/ALU_sys_HDL_data_exe_wb_Pipeline_exe.vhd",
      "impl\/vhdl\/ALU_sys_HDL_data_exe_wb_Pipeline_l_data_a.vhd",
      "impl\/vhdl\/ALU_sys_HDL_data_exe_wb_Pipeline_l_data_b.vhd",
      "impl\/vhdl\/ALU_sys_HDL_data_exe_wb_Pipeline_write_back.vhd",
      "impl\/vhdl\/ALU_sys_HDL_fifo_w32_d400_A.vhd",
      "impl\/vhdl\/ALU_sys_HDL_flow_control_loop_pipe_sequential_init.vhd",
      "impl\/vhdl\/ALU_sys_HDL_gmem0_m_axi.vhd",
      "impl\/vhdl\/ALU_sys_HDL_gmem1_m_axi.vhd",
      "impl\/vhdl\/ALU_sys_HDL_gmem2_m_axi.vhd",
      "impl\/vhdl\/ALU_sys_HDL_gmem3_m_axi.vhd",
      "impl\/vhdl\/ALU_sys_HDL_mul_32s_32s_32_2_1.vhd",
      "impl\/vhdl\/ALU_sys_HDL_op_data_exe_wb.vhd",
      "impl\/vhdl\/ALU_sys_HDL_op_data_exe_wb_Pipeline_exe.vhd",
      "impl\/vhdl\/ALU_sys_HDL_op_data_exe_wb_Pipeline_l_data_a.vhd",
      "impl\/vhdl\/ALU_sys_HDL_op_data_exe_wb_Pipeline_l_data_b.vhd",
      "impl\/vhdl\/ALU_sys_HDL_op_data_exe_wb_Pipeline_l_operation.vhd",
      "impl\/vhdl\/ALU_sys_HDL_op_data_exe_wb_Pipeline_s_operation_data_op.vhd",
      "impl\/vhdl\/ALU_sys_HDL_op_data_exe_wb_Pipeline_write_back.vhd",
      "impl\/vhdl\/ALU_sys_HDL_operation.vhd",
      "impl\/vhdl\/ALU_sys_HDL_operation_Pipeline_l_operation.vhd",
      "impl\/vhdl\/ALU_sys_HDL_operation_Pipeline_s_operation_data_op.vhd",
      "impl\/vhdl\/ALU_sys_HDL_reset.vhd",
      "impl\/vhdl\/ALU_sys_HDL_reset_Pipeline_clear_ALU_op.vhd",
      "impl\/vhdl\/ALU_sys_HDL_reset_Pipeline_clear_FIFO_a.vhd",
      "impl\/vhdl\/ALU_sys_HDL_reset_Pipeline_clear_FIFO_b.vhd",
      "impl\/vhdl\/ALU_sys_HDL_reset_Pipeline_clear_RAM_op.vhd",
      "impl\/vhdl\/ALU_sys_HDL_sdiv_32s_32s_32_36_1.vhd",
      "impl\/vhdl\/implsyn.bat",
      "impl\/vhdl\/ALU_sys_HDL.vhd"
    ],
    "Verilog": [
      "impl\/verilog\/ALU_sys_HDL_Block_entry1_proc.v",
      "impl\/verilog\/ALU_sys_HDL_Block_entry1_proc_ALU_operation_MEM_RAM_AUTO_1R1W.dat",
      "impl\/verilog\/ALU_sys_HDL_Block_entry1_proc_ALU_operation_MEM_RAM_AUTO_1R1W.v",
      "impl\/verilog\/ALU_sys_HDL_control_s_axi.v",
      "impl\/verilog\/ALU_sys_HDL_data_exe_wb.v",
      "impl\/verilog\/ALU_sys_HDL_data_exe_wb_Pipeline_exe.v",
      "impl\/verilog\/ALU_sys_HDL_data_exe_wb_Pipeline_l_data_a.v",
      "impl\/verilog\/ALU_sys_HDL_data_exe_wb_Pipeline_l_data_b.v",
      "impl\/verilog\/ALU_sys_HDL_data_exe_wb_Pipeline_write_back.v",
      "impl\/verilog\/ALU_sys_HDL_fifo_w32_d400_A.v",
      "impl\/verilog\/ALU_sys_HDL_flow_control_loop_pipe_sequential_init.v",
      "impl\/verilog\/ALU_sys_HDL_gmem0_m_axi.v",
      "impl\/verilog\/ALU_sys_HDL_gmem1_m_axi.v",
      "impl\/verilog\/ALU_sys_HDL_gmem2_m_axi.v",
      "impl\/verilog\/ALU_sys_HDL_gmem3_m_axi.v",
      "impl\/verilog\/ALU_sys_HDL_mul_32s_32s_32_2_1.v",
      "impl\/verilog\/ALU_sys_HDL_op_data_exe_wb.v",
      "impl\/verilog\/ALU_sys_HDL_op_data_exe_wb_Pipeline_exe.v",
      "impl\/verilog\/ALU_sys_HDL_op_data_exe_wb_Pipeline_l_data_a.v",
      "impl\/verilog\/ALU_sys_HDL_op_data_exe_wb_Pipeline_l_data_b.v",
      "impl\/verilog\/ALU_sys_HDL_op_data_exe_wb_Pipeline_l_operation.v",
      "impl\/verilog\/ALU_sys_HDL_op_data_exe_wb_Pipeline_s_operation_data_op.v",
      "impl\/verilog\/ALU_sys_HDL_op_data_exe_wb_Pipeline_write_back.v",
      "impl\/verilog\/ALU_sys_HDL_operation.v",
      "impl\/verilog\/ALU_sys_HDL_operation_Pipeline_l_operation.v",
      "impl\/verilog\/ALU_sys_HDL_operation_Pipeline_s_operation_data_op.v",
      "impl\/verilog\/ALU_sys_HDL_reset.v",
      "impl\/verilog\/ALU_sys_HDL_reset_Pipeline_clear_ALU_op.v",
      "impl\/verilog\/ALU_sys_HDL_reset_Pipeline_clear_FIFO_a.v",
      "impl\/verilog\/ALU_sys_HDL_reset_Pipeline_clear_FIFO_b.v",
      "impl\/verilog\/ALU_sys_HDL_reset_Pipeline_clear_RAM_op.v",
      "impl\/verilog\/ALU_sys_HDL_sdiv_32s_32s_32_36_1.v",
      "impl\/verilog\/ALU_sys_HDL.v"
    ],
    "SwDriver": [
      "impl\/misc\/drivers\/ALU_sys_HDL_v1_0\/data\/ALU_sys_HDL.mdd",
      "impl\/misc\/drivers\/ALU_sys_HDL_v1_0\/data\/ALU_sys_HDL.tcl",
      "impl\/misc\/drivers\/ALU_sys_HDL_v1_0\/data\/ALU_sys_HDL.yaml",
      "impl\/misc\/drivers\/ALU_sys_HDL_v1_0\/src\/CMakeLists.txt",
      "impl\/misc\/drivers\/ALU_sys_HDL_v1_0\/src\/Makefile",
      "impl\/misc\/drivers\/ALU_sys_HDL_v1_0\/src\/xalu_sys_hdl.c",
      "impl\/misc\/drivers\/ALU_sys_HDL_v1_0\/src\/xalu_sys_hdl.h",
      "impl\/misc\/drivers\/ALU_sys_HDL_v1_0\/src\/xalu_sys_hdl_hw.h",
      "impl\/misc\/drivers\/ALU_sys_HDL_v1_0\/src\/xalu_sys_hdl_linux.c",
      "impl\/misc\/drivers\/ALU_sys_HDL_v1_0\/src\/xalu_sys_hdl_sinit.c"
    ],
    "IpMisc": ["impl\/misc\/logo.png"],
    "CsynthXml": "syn\/report\/csynth.xml",
    "DebugDir": ".debug",
    "KernelXml": ".autopilot\/db\/kernel.internal.xml",
    "Xo": "",
    "XoHlsDir": "",
    "ProtoInst": [".debug\/ALU_sys_HDL.protoinst"]
  },
  "SubcoreInfo": {
    "HasXpmMemory": false,
    "HasClockedDsp": false,
    "Ip": []
  },
  "Interfaces": {
    "s_axi_control": {
      "type": "axi4lite",
      "busTypeName": "aximm",
      "mode": "slave",
      "dataWidth": "32",
      "addrWidth": "7",
      "portPrefix": "s_axi_control_",
      "paramPrefix": "C_S_AXI_CONTROL_",
      "offsetMasterName": "m_axi_gmem3",
      "ports": [
        "s_axi_control_ARADDR",
        "s_axi_control_ARREADY",
        "s_axi_control_ARVALID",
        "s_axi_control_AWADDR",
        "s_axi_control_AWREADY",
        "s_axi_control_AWVALID",
        "s_axi_control_BREADY",
        "s_axi_control_BRESP",
        "s_axi_control_BVALID",
        "s_axi_control_RDATA",
        "s_axi_control_RREADY",
        "s_axi_control_RRESP",
        "s_axi_control_RVALID",
        "s_axi_control_WDATA",
        "s_axi_control_WREADY",
        "s_axi_control_WSTRB",
        "s_axi_control_WVALID"
      ],
      "registers": [
        {
          "offset": "0x00",
          "name": "CTRL",
          "access": "RW",
          "description": "Control signals",
          "range": "32",
          "fields": [
            {
              "offset": "0",
              "width": "1",
              "name": "AP_START",
              "access": "RW",
              "description": "Control signal Register for 'ap_start'."
            },
            {
              "offset": "1",
              "width": "1",
              "name": "AP_DONE",
              "access": "R",
              "description": "Control signal Register for 'ap_done'."
            },
            {
              "offset": "2",
              "width": "1",
              "name": "AP_IDLE",
              "access": "R",
              "description": "Control signal Register for 'ap_idle'."
            },
            {
              "offset": "3",
              "width": "1",
              "name": "AP_READY",
              "access": "R",
              "description": "Control signal Register for 'ap_ready'."
            },
            {
              "offset": "4",
              "width": "3",
              "name": "RESERVED_1",
              "access": "R",
              "description": "Reserved.  0s on read."
            },
            {
              "offset": "7",
              "width": "1",
              "name": "AUTO_RESTART",
              "access": "RW",
              "description": "Control signal Register for 'auto_restart'."
            },
            {
              "offset": "8",
              "width": "1",
              "name": "RESERVED_2",
              "access": "R",
              "description": "Reserved.  0s on read."
            },
            {
              "offset": "9",
              "width": "1",
              "name": "INTERRUPT",
              "access": "R",
              "description": "Control signal Register for 'interrupt'."
            },
            {
              "offset": "10",
              "width": "22",
              "name": "RESERVED_3",
              "access": "R",
              "description": "Reserved.  0s on read."
            }
          ]
        },
        {
          "offset": "0x04",
          "name": "GIER",
          "access": "RW",
          "description": "Global Interrupt Enable Register",
          "range": "32",
          "fields": [
            {
              "offset": "0",
              "width": "1",
              "name": "Enable",
              "access": "RW",
              "description": "Master enable for the device interrupt output to the system interrupt controller: 0 = Disabled, 1 = Enabled"
            },
            {
              "offset": "1",
              "width": "31",
              "name": "RESERVED",
              "access": "R",
              "description": "Reserved.  0s on read."
            }
          ]
        },
        {
          "offset": "0x08",
          "name": "IP_IER",
          "access": "RW",
          "description": "IP Interrupt Enable Register",
          "range": "32",
          "fields": [
            {
              "offset": "0",
              "width": "1",
              "name": "CHAN0_INT_EN",
              "access": "RW",
              "description": "Enable Channel 0 (ap_done) Interrupt.  0 = Disabled, 1 = Enabled."
            },
            {
              "offset": "1",
              "width": "1",
              "name": "CHAN1_INT_EN",
              "access": "RW",
              "description": "Enable Channel 1 (ap_ready) Interrupt.  0 = Disabled, 1 = Enabled."
            },
            {
              "offset": "2",
              "width": "30",
              "name": "RESERVED_0",
              "access": "R",
              "description": "Reserved.  0s on read."
            }
          ]
        },
        {
          "offset": "0x0c",
          "name": "IP_ISR",
          "access": "RW",
          "description": "IP Interrupt Status Register",
          "range": "32",
          "fields": [
            {
              "offset": "0",
              "width": "1",
              "name": "CHAN0_INT_ST",
              "access": "RTOW",
              "description": "Channel 0 (ap_done) Interrupt Status. 0 = No Channel 0 interrupt, 1 = Channel 0 interrupt."
            },
            {
              "offset": "1",
              "width": "1",
              "name": "CHAN1_INT_ST",
              "access": "RTOW",
              "description": "Channel 1 (ap_ready) Interrupt Status. 0 = No Channel 1 interrupt, 1 = Channel 1 interrupt."
            },
            {
              "offset": "2",
              "width": "30",
              "name": "RESERVED_0",
              "access": "R",
              "description": "Reserved.  0s on read."
            }
          ]
        },
        {
          "offset": "0x10",
          "name": "a_1",
          "access": "W",
          "description": "Data signal of a",
          "range": "32",
          "fields": [{
              "offset": "0",
              "width": "32",
              "name": "a",
              "access": "W",
              "description": "Bit 31 to 0 of a"
            }]
        },
        {
          "offset": "0x14",
          "name": "a_2",
          "access": "W",
          "description": "Data signal of a",
          "range": "32",
          "fields": [{
              "offset": "0",
              "width": "32",
              "name": "a",
              "access": "W",
              "description": "Bit 63 to 32 of a"
            }]
        },
        {
          "offset": "0x1c",
          "name": "b_1",
          "access": "W",
          "description": "Data signal of b",
          "range": "32",
          "fields": [{
              "offset": "0",
              "width": "32",
              "name": "b",
              "access": "W",
              "description": "Bit 31 to 0 of b"
            }]
        },
        {
          "offset": "0x20",
          "name": "b_2",
          "access": "W",
          "description": "Data signal of b",
          "range": "32",
          "fields": [{
              "offset": "0",
              "width": "32",
              "name": "b",
              "access": "W",
              "description": "Bit 63 to 32 of b"
            }]
        },
        {
          "offset": "0x28",
          "name": "c_1",
          "access": "W",
          "description": "Data signal of c",
          "range": "32",
          "fields": [{
              "offset": "0",
              "width": "32",
              "name": "c",
              "access": "W",
              "description": "Bit 31 to 0 of c"
            }]
        },
        {
          "offset": "0x2c",
          "name": "c_2",
          "access": "W",
          "description": "Data signal of c",
          "range": "32",
          "fields": [{
              "offset": "0",
              "width": "32",
              "name": "c",
              "access": "W",
              "description": "Bit 63 to 32 of c"
            }]
        },
        {
          "offset": "0x34",
          "name": "op_1",
          "access": "W",
          "description": "Data signal of op",
          "range": "32",
          "fields": [{
              "offset": "0",
              "width": "32",
              "name": "op",
              "access": "W",
              "description": "Bit 31 to 0 of op"
            }]
        },
        {
          "offset": "0x38",
          "name": "op_2",
          "access": "W",
          "description": "Data signal of op",
          "range": "32",
          "fields": [{
              "offset": "0",
              "width": "32",
              "name": "op",
              "access": "W",
              "description": "Bit 63 to 32 of op"
            }]
        },
        {
          "offset": "0x40",
          "name": "selec",
          "access": "W",
          "description": "Data signal of selec",
          "range": "32",
          "fields": [{
              "offset": "0",
              "width": "32",
              "name": "selec",
              "access": "W",
              "description": "Bit 31 to 0 of selec"
            }]
        }
      ],
      "constraints": [
        {
          "constraint_type": "pragma interface",
          "mode": "s_axilite",
          "register_option": "0",
          "offset": "16",
          "argName": "a"
        },
        {
          "constraint_type": "pragma interface",
          "mode": "s_axilite",
          "register_option": "0",
          "offset": "28",
          "argName": "b"
        },
        {
          "constraint_type": "pragma interface",
          "mode": "s_axilite",
          "register_option": "0",
          "offset": "40",
          "argName": "c"
        },
        {
          "constraint_type": "pragma interface",
          "mode": "s_axilite",
          "register_option": "0",
          "offset": "52",
          "argName": "op"
        },
        {
          "constraint_type": "pragma interface",
          "mode": "s_axilite",
          "register_option": "0",
          "offset": "64",
          "argName": "selec"
        }
      ]
    },
    "ap_clk": {
      "type": "clock",
      "busTypeName": "clock",
      "mode": "slave",
      "busParams": {
        "ASSOCIATED_BUSIF": "s_axi_control:m_axi_gmem0:m_axi_gmem1:m_axi_gmem2:m_axi_gmem3",
        "ASSOCIATED_RESET": "ap_rst_n"
      },
      "portMap": {"ap_clk": "CLK"},
      "ports": ["ap_clk"]
    },
    "ap_rst_n": {
      "type": "reset",
      "busTypeName": "reset",
      "mode": "slave",
      "busParams": {"POLARITY": "ACTIVE_LOW"},
      "portMap": {"ap_rst_n": "RST"},
      "ports": ["ap_rst_n"]
    },
    "interrupt": {
      "type": "interrupt",
      "busTypeName": "interrupt",
      "mode": "master",
      "dataWidth": "1",
      "busParams": {"SENSITIVITY": "LEVEL_HIGH"},
      "portMap": {"interrupt": "INTERRUPT"},
      "ports": ["interrupt"]
    },
    "m_axi_gmem0": {
      "type": "axi4full",
      "busTypeName": "aximm",
      "mode": "master",
      "dataWidth": "32",
      "addrWidth": "64",
      "portPrefix": "m_axi_gmem0_",
      "paramPrefix": "C_M_AXI_GMEM0_",
      "offsetSlaveName": "s_axi_control",
      "preferredUsageValue": "MEMORY",
      "busParams": {
        "NUM_READ_OUTSTANDING": "16",
        "NUM_WRITE_OUTSTANDING": "16",
        "MAX_READ_BURST_LENGTH": "16",
        "MAX_WRITE_BURST_LENGTH": "16",
        "MAX_BURST_LENGTH": "256",
        "PROTOCOL": "AXI4",
        "READ_WRITE_MODE": "READ_ONLY",
        "HAS_BURST": "0",
        "SUPPORTS_NARROW_BURST": "0"
      },
      "ports": [
        "m_axi_gmem0_ARADDR",
        "m_axi_gmem0_ARBURST",
        "m_axi_gmem0_ARCACHE",
        "m_axi_gmem0_ARID",
        "m_axi_gmem0_ARLEN",
        "m_axi_gmem0_ARLOCK",
        "m_axi_gmem0_ARPROT",
        "m_axi_gmem0_ARQOS",
        "m_axi_gmem0_ARREADY",
        "m_axi_gmem0_ARREGION",
        "m_axi_gmem0_ARSIZE",
        "m_axi_gmem0_ARUSER",
        "m_axi_gmem0_ARVALID",
        "m_axi_gmem0_AWADDR",
        "m_axi_gmem0_AWBURST",
        "m_axi_gmem0_AWCACHE",
        "m_axi_gmem0_AWID",
        "m_axi_gmem0_AWLEN",
        "m_axi_gmem0_AWLOCK",
        "m_axi_gmem0_AWPROT",
        "m_axi_gmem0_AWQOS",
        "m_axi_gmem0_AWREADY",
        "m_axi_gmem0_AWREGION",
        "m_axi_gmem0_AWSIZE",
        "m_axi_gmem0_AWUSER",
        "m_axi_gmem0_AWVALID",
        "m_axi_gmem0_BID",
        "m_axi_gmem0_BREADY",
        "m_axi_gmem0_BRESP",
        "m_axi_gmem0_BUSER",
        "m_axi_gmem0_BVALID",
        "m_axi_gmem0_RDATA",
        "m_axi_gmem0_RID",
        "m_axi_gmem0_RLAST",
        "m_axi_gmem0_RREADY",
        "m_axi_gmem0_RRESP",
        "m_axi_gmem0_RUSER",
        "m_axi_gmem0_RVALID",
        "m_axi_gmem0_WDATA",
        "m_axi_gmem0_WID",
        "m_axi_gmem0_WLAST",
        "m_axi_gmem0_WREADY",
        "m_axi_gmem0_WSTRB",
        "m_axi_gmem0_WUSER",
        "m_axi_gmem0_WVALID"
      ],
      "constraints": [
        {
          "constraint_type": "pragma interface",
          "mode": "m_axi",
          "register_option": "0",
          "offset": "slave",
          "latency": "0",
          "num_read_outstanding": "16",
          "num_write_outstanding": "16",
          "max_read_burst_length": "16",
          "max_write_burst_length": "16",
          "max_widen_bitwidth": "0",
          "argName": "a"
        },
        {
          "constraint_type": "bitwidth",
          "orig_bitwidth": "32",
          "final_bitwidth": "32",
          "argName": "a"
        }
      ]
    },
    "m_axi_gmem1": {
      "type": "axi4full",
      "busTypeName": "aximm",
      "mode": "master",
      "dataWidth": "32",
      "addrWidth": "64",
      "portPrefix": "m_axi_gmem1_",
      "paramPrefix": "C_M_AXI_GMEM1_",
      "offsetSlaveName": "s_axi_control",
      "preferredUsageValue": "MEMORY",
      "busParams": {
        "NUM_READ_OUTSTANDING": "16",
        "NUM_WRITE_OUTSTANDING": "16",
        "MAX_READ_BURST_LENGTH": "16",
        "MAX_WRITE_BURST_LENGTH": "16",
        "MAX_BURST_LENGTH": "256",
        "PROTOCOL": "AXI4",
        "READ_WRITE_MODE": "READ_ONLY",
        "HAS_BURST": "0",
        "SUPPORTS_NARROW_BURST": "0"
      },
      "ports": [
        "m_axi_gmem1_ARADDR",
        "m_axi_gmem1_ARBURST",
        "m_axi_gmem1_ARCACHE",
        "m_axi_gmem1_ARID",
        "m_axi_gmem1_ARLEN",
        "m_axi_gmem1_ARLOCK",
        "m_axi_gmem1_ARPROT",
        "m_axi_gmem1_ARQOS",
        "m_axi_gmem1_ARREADY",
        "m_axi_gmem1_ARREGION",
        "m_axi_gmem1_ARSIZE",
        "m_axi_gmem1_ARUSER",
        "m_axi_gmem1_ARVALID",
        "m_axi_gmem1_AWADDR",
        "m_axi_gmem1_AWBURST",
        "m_axi_gmem1_AWCACHE",
        "m_axi_gmem1_AWID",
        "m_axi_gmem1_AWLEN",
        "m_axi_gmem1_AWLOCK",
        "m_axi_gmem1_AWPROT",
        "m_axi_gmem1_AWQOS",
        "m_axi_gmem1_AWREADY",
        "m_axi_gmem1_AWREGION",
        "m_axi_gmem1_AWSIZE",
        "m_axi_gmem1_AWUSER",
        "m_axi_gmem1_AWVALID",
        "m_axi_gmem1_BID",
        "m_axi_gmem1_BREADY",
        "m_axi_gmem1_BRESP",
        "m_axi_gmem1_BUSER",
        "m_axi_gmem1_BVALID",
        "m_axi_gmem1_RDATA",
        "m_axi_gmem1_RID",
        "m_axi_gmem1_RLAST",
        "m_axi_gmem1_RREADY",
        "m_axi_gmem1_RRESP",
        "m_axi_gmem1_RUSER",
        "m_axi_gmem1_RVALID",
        "m_axi_gmem1_WDATA",
        "m_axi_gmem1_WID",
        "m_axi_gmem1_WLAST",
        "m_axi_gmem1_WREADY",
        "m_axi_gmem1_WSTRB",
        "m_axi_gmem1_WUSER",
        "m_axi_gmem1_WVALID"
      ],
      "constraints": [
        {
          "constraint_type": "pragma interface",
          "mode": "m_axi",
          "register_option": "0",
          "offset": "slave",
          "latency": "0",
          "num_read_outstanding": "16",
          "num_write_outstanding": "16",
          "max_read_burst_length": "16",
          "max_write_burst_length": "16",
          "max_widen_bitwidth": "0",
          "argName": "b"
        },
        {
          "constraint_type": "bitwidth",
          "orig_bitwidth": "32",
          "final_bitwidth": "32",
          "argName": "b"
        }
      ]
    },
    "m_axi_gmem2": {
      "type": "axi4full",
      "busTypeName": "aximm",
      "mode": "master",
      "dataWidth": "32",
      "addrWidth": "64",
      "portPrefix": "m_axi_gmem2_",
      "paramPrefix": "C_M_AXI_GMEM2_",
      "offsetSlaveName": "s_axi_control",
      "preferredUsageValue": "MEMORY",
      "busParams": {
        "NUM_READ_OUTSTANDING": "16",
        "NUM_WRITE_OUTSTANDING": "16",
        "MAX_READ_BURST_LENGTH": "16",
        "MAX_WRITE_BURST_LENGTH": "16",
        "MAX_BURST_LENGTH": "256",
        "PROTOCOL": "AXI4",
        "READ_WRITE_MODE": "WRITE_ONLY",
        "HAS_BURST": "0",
        "SUPPORTS_NARROW_BURST": "0"
      },
      "ports": [
        "m_axi_gmem2_ARADDR",
        "m_axi_gmem2_ARBURST",
        "m_axi_gmem2_ARCACHE",
        "m_axi_gmem2_ARID",
        "m_axi_gmem2_ARLEN",
        "m_axi_gmem2_ARLOCK",
        "m_axi_gmem2_ARPROT",
        "m_axi_gmem2_ARQOS",
        "m_axi_gmem2_ARREADY",
        "m_axi_gmem2_ARREGION",
        "m_axi_gmem2_ARSIZE",
        "m_axi_gmem2_ARUSER",
        "m_axi_gmem2_ARVALID",
        "m_axi_gmem2_AWADDR",
        "m_axi_gmem2_AWBURST",
        "m_axi_gmem2_AWCACHE",
        "m_axi_gmem2_AWID",
        "m_axi_gmem2_AWLEN",
        "m_axi_gmem2_AWLOCK",
        "m_axi_gmem2_AWPROT",
        "m_axi_gmem2_AWQOS",
        "m_axi_gmem2_AWREADY",
        "m_axi_gmem2_AWREGION",
        "m_axi_gmem2_AWSIZE",
        "m_axi_gmem2_AWUSER",
        "m_axi_gmem2_AWVALID",
        "m_axi_gmem2_BID",
        "m_axi_gmem2_BREADY",
        "m_axi_gmem2_BRESP",
        "m_axi_gmem2_BUSER",
        "m_axi_gmem2_BVALID",
        "m_axi_gmem2_RDATA",
        "m_axi_gmem2_RID",
        "m_axi_gmem2_RLAST",
        "m_axi_gmem2_RREADY",
        "m_axi_gmem2_RRESP",
        "m_axi_gmem2_RUSER",
        "m_axi_gmem2_RVALID",
        "m_axi_gmem2_WDATA",
        "m_axi_gmem2_WID",
        "m_axi_gmem2_WLAST",
        "m_axi_gmem2_WREADY",
        "m_axi_gmem2_WSTRB",
        "m_axi_gmem2_WUSER",
        "m_axi_gmem2_WVALID"
      ],
      "constraints": [
        {
          "constraint_type": "pragma interface",
          "mode": "m_axi",
          "register_option": "0",
          "offset": "slave",
          "latency": "0",
          "num_read_outstanding": "16",
          "num_write_outstanding": "16",
          "max_read_burst_length": "16",
          "max_write_burst_length": "16",
          "max_widen_bitwidth": "0",
          "argName": "c"
        },
        {
          "constraint_type": "bitwidth",
          "orig_bitwidth": "32",
          "final_bitwidth": "32",
          "argName": "c"
        }
      ]
    },
    "m_axi_gmem3": {
      "type": "axi4full",
      "busTypeName": "aximm",
      "mode": "master",
      "dataWidth": "32",
      "addrWidth": "64",
      "portPrefix": "m_axi_gmem3_",
      "paramPrefix": "C_M_AXI_GMEM3_",
      "offsetSlaveName": "s_axi_control",
      "preferredUsageValue": "MEMORY",
      "busParams": {
        "NUM_READ_OUTSTANDING": "16",
        "NUM_WRITE_OUTSTANDING": "16",
        "MAX_READ_BURST_LENGTH": "16",
        "MAX_WRITE_BURST_LENGTH": "16",
        "MAX_BURST_LENGTH": "256",
        "PROTOCOL": "AXI4",
        "READ_WRITE_MODE": "READ_ONLY",
        "HAS_BURST": "0",
        "SUPPORTS_NARROW_BURST": "0"
      },
      "ports": [
        "m_axi_gmem3_ARADDR",
        "m_axi_gmem3_ARBURST",
        "m_axi_gmem3_ARCACHE",
        "m_axi_gmem3_ARID",
        "m_axi_gmem3_ARLEN",
        "m_axi_gmem3_ARLOCK",
        "m_axi_gmem3_ARPROT",
        "m_axi_gmem3_ARQOS",
        "m_axi_gmem3_ARREADY",
        "m_axi_gmem3_ARREGION",
        "m_axi_gmem3_ARSIZE",
        "m_axi_gmem3_ARUSER",
        "m_axi_gmem3_ARVALID",
        "m_axi_gmem3_AWADDR",
        "m_axi_gmem3_AWBURST",
        "m_axi_gmem3_AWCACHE",
        "m_axi_gmem3_AWID",
        "m_axi_gmem3_AWLEN",
        "m_axi_gmem3_AWLOCK",
        "m_axi_gmem3_AWPROT",
        "m_axi_gmem3_AWQOS",
        "m_axi_gmem3_AWREADY",
        "m_axi_gmem3_AWREGION",
        "m_axi_gmem3_AWSIZE",
        "m_axi_gmem3_AWUSER",
        "m_axi_gmem3_AWVALID",
        "m_axi_gmem3_BID",
        "m_axi_gmem3_BREADY",
        "m_axi_gmem3_BRESP",
        "m_axi_gmem3_BUSER",
        "m_axi_gmem3_BVALID",
        "m_axi_gmem3_RDATA",
        "m_axi_gmem3_RID",
        "m_axi_gmem3_RLAST",
        "m_axi_gmem3_RREADY",
        "m_axi_gmem3_RRESP",
        "m_axi_gmem3_RUSER",
        "m_axi_gmem3_RVALID",
        "m_axi_gmem3_WDATA",
        "m_axi_gmem3_WID",
        "m_axi_gmem3_WLAST",
        "m_axi_gmem3_WREADY",
        "m_axi_gmem3_WSTRB",
        "m_axi_gmem3_WUSER",
        "m_axi_gmem3_WVALID"
      ],
      "constraints": [
        {
          "constraint_type": "pragma interface",
          "mode": "m_axi",
          "register_option": "0",
          "offset": "slave",
          "latency": "0",
          "num_read_outstanding": "16",
          "num_write_outstanding": "16",
          "max_read_burst_length": "16",
          "max_write_burst_length": "16",
          "max_widen_bitwidth": "0",
          "argName": "op"
        },
        {
          "constraint_type": "bitwidth",
          "orig_bitwidth": "32",
          "final_bitwidth": "32",
          "argName": "op"
        }
      ]
    }
  },
  "RtlPorts": {
    "s_axi_control_AWVALID": {
      "dir": "in",
      "width": "1"
    },
    "s_axi_control_AWREADY": {
      "dir": "out",
      "width": "1"
    },
    "s_axi_control_AWADDR": {
      "dir": "in",
      "width": "7"
    },
    "s_axi_control_WVALID": {
      "dir": "in",
      "width": "1"
    },
    "s_axi_control_WREADY": {
      "dir": "out",
      "width": "1"
    },
    "s_axi_control_WDATA": {
      "dir": "in",
      "width": "32"
    },
    "s_axi_control_WSTRB": {
      "dir": "in",
      "width": "4"
    },
    "s_axi_control_ARVALID": {
      "dir": "in",
      "width": "1"
    },
    "s_axi_control_ARREADY": {
      "dir": "out",
      "width": "1"
    },
    "s_axi_control_ARADDR": {
      "dir": "in",
      "width": "7"
    },
    "s_axi_control_RVALID": {
      "dir": "out",
      "width": "1"
    },
    "s_axi_control_RREADY": {
      "dir": "in",
      "width": "1"
    },
    "s_axi_control_RDATA": {
      "dir": "out",
      "width": "32"
    },
    "s_axi_control_RRESP": {
      "dir": "out",
      "width": "2"
    },
    "s_axi_control_BVALID": {
      "dir": "out",
      "width": "1"
    },
    "s_axi_control_BREADY": {
      "dir": "in",
      "width": "1"
    },
    "s_axi_control_BRESP": {
      "dir": "out",
      "width": "2"
    },
    "ap_clk": {
      "dir": "in",
      "width": "1"
    },
    "ap_rst_n": {
      "dir": "in",
      "width": "1"
    },
    "interrupt": {
      "dir": "out",
      "width": "1"
    },
    "m_axi_gmem0_AWVALID": {
      "dir": "out",
      "width": "1"
    },
    "m_axi_gmem0_AWREADY": {
      "dir": "in",
      "width": "1"
    },
    "m_axi_gmem0_AWADDR": {
      "dir": "out",
      "width": "64"
    },
    "m_axi_gmem0_AWID": {
      "dir": "out",
      "width": "1",
      "isVector": "true"
    },
    "m_axi_gmem0_AWLEN": {
      "dir": "out",
      "width": "8"
    },
    "m_axi_gmem0_AWSIZE": {
      "dir": "out",
      "width": "3"
    },
    "m_axi_gmem0_AWBURST": {
      "dir": "out",
      "width": "2"
    },
    "m_axi_gmem0_AWLOCK": {
      "dir": "out",
      "width": "2"
    },
    "m_axi_gmem0_AWCACHE": {
      "dir": "out",
      "width": "4"
    },
    "m_axi_gmem0_AWPROT": {
      "dir": "out",
      "width": "3"
    },
    "m_axi_gmem0_AWQOS": {
      "dir": "out",
      "width": "4"
    },
    "m_axi_gmem0_AWREGION": {
      "dir": "out",
      "width": "4"
    },
    "m_axi_gmem0_AWUSER": {
      "dir": "out",
      "width": "1",
      "isVector": "true"
    },
    "m_axi_gmem0_WVALID": {
      "dir": "out",
      "width": "1"
    },
    "m_axi_gmem0_WREADY": {
      "dir": "in",
      "width": "1"
    },
    "m_axi_gmem0_WDATA": {
      "dir": "out",
      "width": "32"
    },
    "m_axi_gmem0_WSTRB": {
      "dir": "out",
      "width": "4"
    },
    "m_axi_gmem0_WLAST": {
      "dir": "out",
      "width": "1"
    },
    "m_axi_gmem0_WID": {
      "dir": "out",
      "width": "1",
      "isVector": "true"
    },
    "m_axi_gmem0_WUSER": {
      "dir": "out",
      "width": "1",
      "isVector": "true"
    },
    "m_axi_gmem0_ARVALID": {
      "dir": "out",
      "width": "1"
    },
    "m_axi_gmem0_ARREADY": {
      "dir": "in",
      "width": "1"
    },
    "m_axi_gmem0_ARADDR": {
      "dir": "out",
      "width": "64"
    },
    "m_axi_gmem0_ARID": {
      "dir": "out",
      "width": "1",
      "isVector": "true"
    },
    "m_axi_gmem0_ARLEN": {
      "dir": "out",
      "width": "8"
    },
    "m_axi_gmem0_ARSIZE": {
      "dir": "out",
      "width": "3"
    },
    "m_axi_gmem0_ARBURST": {
      "dir": "out",
      "width": "2"
    },
    "m_axi_gmem0_ARLOCK": {
      "dir": "out",
      "width": "2"
    },
    "m_axi_gmem0_ARCACHE": {
      "dir": "out",
      "width": "4"
    },
    "m_axi_gmem0_ARPROT": {
      "dir": "out",
      "width": "3"
    },
    "m_axi_gmem0_ARQOS": {
      "dir": "out",
      "width": "4"
    },
    "m_axi_gmem0_ARREGION": {
      "dir": "out",
      "width": "4"
    },
    "m_axi_gmem0_ARUSER": {
      "dir": "out",
      "width": "1",
      "isVector": "true"
    },
    "m_axi_gmem0_RVALID": {
      "dir": "in",
      "width": "1"
    },
    "m_axi_gmem0_RREADY": {
      "dir": "out",
      "width": "1"
    },
    "m_axi_gmem0_RDATA": {
      "dir": "in",
      "width": "32"
    },
    "m_axi_gmem0_RLAST": {
      "dir": "in",
      "width": "1"
    },
    "m_axi_gmem0_RID": {
      "dir": "in",
      "width": "1",
      "isVector": "true"
    },
    "m_axi_gmem0_RUSER": {
      "dir": "in",
      "width": "1",
      "isVector": "true"
    },
    "m_axi_gmem0_RRESP": {
      "dir": "in",
      "width": "2"
    },
    "m_axi_gmem0_BVALID": {
      "dir": "in",
      "width": "1"
    },
    "m_axi_gmem0_BREADY": {
      "dir": "out",
      "width": "1"
    },
    "m_axi_gmem0_BRESP": {
      "dir": "in",
      "width": "2"
    },
    "m_axi_gmem0_BID": {
      "dir": "in",
      "width": "1",
      "isVector": "true"
    },
    "m_axi_gmem0_BUSER": {
      "dir": "in",
      "width": "1",
      "isVector": "true"
    },
    "m_axi_gmem1_AWVALID": {
      "dir": "out",
      "width": "1"
    },
    "m_axi_gmem1_AWREADY": {
      "dir": "in",
      "width": "1"
    },
    "m_axi_gmem1_AWADDR": {
      "dir": "out",
      "width": "64"
    },
    "m_axi_gmem1_AWID": {
      "dir": "out",
      "width": "1",
      "isVector": "true"
    },
    "m_axi_gmem1_AWLEN": {
      "dir": "out",
      "width": "8"
    },
    "m_axi_gmem1_AWSIZE": {
      "dir": "out",
      "width": "3"
    },
    "m_axi_gmem1_AWBURST": {
      "dir": "out",
      "width": "2"
    },
    "m_axi_gmem1_AWLOCK": {
      "dir": "out",
      "width": "2"
    },
    "m_axi_gmem1_AWCACHE": {
      "dir": "out",
      "width": "4"
    },
    "m_axi_gmem1_AWPROT": {
      "dir": "out",
      "width": "3"
    },
    "m_axi_gmem1_AWQOS": {
      "dir": "out",
      "width": "4"
    },
    "m_axi_gmem1_AWREGION": {
      "dir": "out",
      "width": "4"
    },
    "m_axi_gmem1_AWUSER": {
      "dir": "out",
      "width": "1",
      "isVector": "true"
    },
    "m_axi_gmem1_WVALID": {
      "dir": "out",
      "width": "1"
    },
    "m_axi_gmem1_WREADY": {
      "dir": "in",
      "width": "1"
    },
    "m_axi_gmem1_WDATA": {
      "dir": "out",
      "width": "32"
    },
    "m_axi_gmem1_WSTRB": {
      "dir": "out",
      "width": "4"
    },
    "m_axi_gmem1_WLAST": {
      "dir": "out",
      "width": "1"
    },
    "m_axi_gmem1_WID": {
      "dir": "out",
      "width": "1",
      "isVector": "true"
    },
    "m_axi_gmem1_WUSER": {
      "dir": "out",
      "width": "1",
      "isVector": "true"
    },
    "m_axi_gmem1_ARVALID": {
      "dir": "out",
      "width": "1"
    },
    "m_axi_gmem1_ARREADY": {
      "dir": "in",
      "width": "1"
    },
    "m_axi_gmem1_ARADDR": {
      "dir": "out",
      "width": "64"
    },
    "m_axi_gmem1_ARID": {
      "dir": "out",
      "width": "1",
      "isVector": "true"
    },
    "m_axi_gmem1_ARLEN": {
      "dir": "out",
      "width": "8"
    },
    "m_axi_gmem1_ARSIZE": {
      "dir": "out",
      "width": "3"
    },
    "m_axi_gmem1_ARBURST": {
      "dir": "out",
      "width": "2"
    },
    "m_axi_gmem1_ARLOCK": {
      "dir": "out",
      "width": "2"
    },
    "m_axi_gmem1_ARCACHE": {
      "dir": "out",
      "width": "4"
    },
    "m_axi_gmem1_ARPROT": {
      "dir": "out",
      "width": "3"
    },
    "m_axi_gmem1_ARQOS": {
      "dir": "out",
      "width": "4"
    },
    "m_axi_gmem1_ARREGION": {
      "dir": "out",
      "width": "4"
    },
    "m_axi_gmem1_ARUSER": {
      "dir": "out",
      "width": "1",
      "isVector": "true"
    },
    "m_axi_gmem1_RVALID": {
      "dir": "in",
      "width": "1"
    },
    "m_axi_gmem1_RREADY": {
      "dir": "out",
      "width": "1"
    },
    "m_axi_gmem1_RDATA": {
      "dir": "in",
      "width": "32"
    },
    "m_axi_gmem1_RLAST": {
      "dir": "in",
      "width": "1"
    },
    "m_axi_gmem1_RID": {
      "dir": "in",
      "width": "1",
      "isVector": "true"
    },
    "m_axi_gmem1_RUSER": {
      "dir": "in",
      "width": "1",
      "isVector": "true"
    },
    "m_axi_gmem1_RRESP": {
      "dir": "in",
      "width": "2"
    },
    "m_axi_gmem1_BVALID": {
      "dir": "in",
      "width": "1"
    },
    "m_axi_gmem1_BREADY": {
      "dir": "out",
      "width": "1"
    },
    "m_axi_gmem1_BRESP": {
      "dir": "in",
      "width": "2"
    },
    "m_axi_gmem1_BID": {
      "dir": "in",
      "width": "1",
      "isVector": "true"
    },
    "m_axi_gmem1_BUSER": {
      "dir": "in",
      "width": "1",
      "isVector": "true"
    },
    "m_axi_gmem2_AWVALID": {
      "dir": "out",
      "width": "1"
    },
    "m_axi_gmem2_AWREADY": {
      "dir": "in",
      "width": "1"
    },
    "m_axi_gmem2_AWADDR": {
      "dir": "out",
      "width": "64"
    },
    "m_axi_gmem2_AWID": {
      "dir": "out",
      "width": "1",
      "isVector": "true"
    },
    "m_axi_gmem2_AWLEN": {
      "dir": "out",
      "width": "8"
    },
    "m_axi_gmem2_AWSIZE": {
      "dir": "out",
      "width": "3"
    },
    "m_axi_gmem2_AWBURST": {
      "dir": "out",
      "width": "2"
    },
    "m_axi_gmem2_AWLOCK": {
      "dir": "out",
      "width": "2"
    },
    "m_axi_gmem2_AWCACHE": {
      "dir": "out",
      "width": "4"
    },
    "m_axi_gmem2_AWPROT": {
      "dir": "out",
      "width": "3"
    },
    "m_axi_gmem2_AWQOS": {
      "dir": "out",
      "width": "4"
    },
    "m_axi_gmem2_AWREGION": {
      "dir": "out",
      "width": "4"
    },
    "m_axi_gmem2_AWUSER": {
      "dir": "out",
      "width": "1",
      "isVector": "true"
    },
    "m_axi_gmem2_WVALID": {
      "dir": "out",
      "width": "1"
    },
    "m_axi_gmem2_WREADY": {
      "dir": "in",
      "width": "1"
    },
    "m_axi_gmem2_WDATA": {
      "dir": "out",
      "width": "32"
    },
    "m_axi_gmem2_WSTRB": {
      "dir": "out",
      "width": "4"
    },
    "m_axi_gmem2_WLAST": {
      "dir": "out",
      "width": "1"
    },
    "m_axi_gmem2_WID": {
      "dir": "out",
      "width": "1",
      "isVector": "true"
    },
    "m_axi_gmem2_WUSER": {
      "dir": "out",
      "width": "1",
      "isVector": "true"
    },
    "m_axi_gmem2_ARVALID": {
      "dir": "out",
      "width": "1"
    },
    "m_axi_gmem2_ARREADY": {
      "dir": "in",
      "width": "1"
    },
    "m_axi_gmem2_ARADDR": {
      "dir": "out",
      "width": "64"
    },
    "m_axi_gmem2_ARID": {
      "dir": "out",
      "width": "1",
      "isVector": "true"
    },
    "m_axi_gmem2_ARLEN": {
      "dir": "out",
      "width": "8"
    },
    "m_axi_gmem2_ARSIZE": {
      "dir": "out",
      "width": "3"
    },
    "m_axi_gmem2_ARBURST": {
      "dir": "out",
      "width": "2"
    },
    "m_axi_gmem2_ARLOCK": {
      "dir": "out",
      "width": "2"
    },
    "m_axi_gmem2_ARCACHE": {
      "dir": "out",
      "width": "4"
    },
    "m_axi_gmem2_ARPROT": {
      "dir": "out",
      "width": "3"
    },
    "m_axi_gmem2_ARQOS": {
      "dir": "out",
      "width": "4"
    },
    "m_axi_gmem2_ARREGION": {
      "dir": "out",
      "width": "4"
    },
    "m_axi_gmem2_ARUSER": {
      "dir": "out",
      "width": "1",
      "isVector": "true"
    },
    "m_axi_gmem2_RVALID": {
      "dir": "in",
      "width": "1"
    },
    "m_axi_gmem2_RREADY": {
      "dir": "out",
      "width": "1"
    },
    "m_axi_gmem2_RDATA": {
      "dir": "in",
      "width": "32"
    },
    "m_axi_gmem2_RLAST": {
      "dir": "in",
      "width": "1"
    },
    "m_axi_gmem2_RID": {
      "dir": "in",
      "width": "1",
      "isVector": "true"
    },
    "m_axi_gmem2_RUSER": {
      "dir": "in",
      "width": "1",
      "isVector": "true"
    },
    "m_axi_gmem2_RRESP": {
      "dir": "in",
      "width": "2"
    },
    "m_axi_gmem2_BVALID": {
      "dir": "in",
      "width": "1"
    },
    "m_axi_gmem2_BREADY": {
      "dir": "out",
      "width": "1"
    },
    "m_axi_gmem2_BRESP": {
      "dir": "in",
      "width": "2"
    },
    "m_axi_gmem2_BID": {
      "dir": "in",
      "width": "1",
      "isVector": "true"
    },
    "m_axi_gmem2_BUSER": {
      "dir": "in",
      "width": "1",
      "isVector": "true"
    },
    "m_axi_gmem3_AWVALID": {
      "dir": "out",
      "width": "1"
    },
    "m_axi_gmem3_AWREADY": {
      "dir": "in",
      "width": "1"
    },
    "m_axi_gmem3_AWADDR": {
      "dir": "out",
      "width": "64"
    },
    "m_axi_gmem3_AWID": {
      "dir": "out",
      "width": "1",
      "isVector": "true"
    },
    "m_axi_gmem3_AWLEN": {
      "dir": "out",
      "width": "8"
    },
    "m_axi_gmem3_AWSIZE": {
      "dir": "out",
      "width": "3"
    },
    "m_axi_gmem3_AWBURST": {
      "dir": "out",
      "width": "2"
    },
    "m_axi_gmem3_AWLOCK": {
      "dir": "out",
      "width": "2"
    },
    "m_axi_gmem3_AWCACHE": {
      "dir": "out",
      "width": "4"
    },
    "m_axi_gmem3_AWPROT": {
      "dir": "out",
      "width": "3"
    },
    "m_axi_gmem3_AWQOS": {
      "dir": "out",
      "width": "4"
    },
    "m_axi_gmem3_AWREGION": {
      "dir": "out",
      "width": "4"
    },
    "m_axi_gmem3_AWUSER": {
      "dir": "out",
      "width": "1",
      "isVector": "true"
    },
    "m_axi_gmem3_WVALID": {
      "dir": "out",
      "width": "1"
    },
    "m_axi_gmem3_WREADY": {
      "dir": "in",
      "width": "1"
    },
    "m_axi_gmem3_WDATA": {
      "dir": "out",
      "width": "32"
    },
    "m_axi_gmem3_WSTRB": {
      "dir": "out",
      "width": "4"
    },
    "m_axi_gmem3_WLAST": {
      "dir": "out",
      "width": "1"
    },
    "m_axi_gmem3_WID": {
      "dir": "out",
      "width": "1",
      "isVector": "true"
    },
    "m_axi_gmem3_WUSER": {
      "dir": "out",
      "width": "1",
      "isVector": "true"
    },
    "m_axi_gmem3_ARVALID": {
      "dir": "out",
      "width": "1"
    },
    "m_axi_gmem3_ARREADY": {
      "dir": "in",
      "width": "1"
    },
    "m_axi_gmem3_ARADDR": {
      "dir": "out",
      "width": "64"
    },
    "m_axi_gmem3_ARID": {
      "dir": "out",
      "width": "1",
      "isVector": "true"
    },
    "m_axi_gmem3_ARLEN": {
      "dir": "out",
      "width": "8"
    },
    "m_axi_gmem3_ARSIZE": {
      "dir": "out",
      "width": "3"
    },
    "m_axi_gmem3_ARBURST": {
      "dir": "out",
      "width": "2"
    },
    "m_axi_gmem3_ARLOCK": {
      "dir": "out",
      "width": "2"
    },
    "m_axi_gmem3_ARCACHE": {
      "dir": "out",
      "width": "4"
    },
    "m_axi_gmem3_ARPROT": {
      "dir": "out",
      "width": "3"
    },
    "m_axi_gmem3_ARQOS": {
      "dir": "out",
      "width": "4"
    },
    "m_axi_gmem3_ARREGION": {
      "dir": "out",
      "width": "4"
    },
    "m_axi_gmem3_ARUSER": {
      "dir": "out",
      "width": "1",
      "isVector": "true"
    },
    "m_axi_gmem3_RVALID": {
      "dir": "in",
      "width": "1"
    },
    "m_axi_gmem3_RREADY": {
      "dir": "out",
      "width": "1"
    },
    "m_axi_gmem3_RDATA": {
      "dir": "in",
      "width": "32"
    },
    "m_axi_gmem3_RLAST": {
      "dir": "in",
      "width": "1"
    },
    "m_axi_gmem3_RID": {
      "dir": "in",
      "width": "1",
      "isVector": "true"
    },
    "m_axi_gmem3_RUSER": {
      "dir": "in",
      "width": "1",
      "isVector": "true"
    },
    "m_axi_gmem3_RRESP": {
      "dir": "in",
      "width": "2"
    },
    "m_axi_gmem3_BVALID": {
      "dir": "in",
      "width": "1"
    },
    "m_axi_gmem3_BREADY": {
      "dir": "out",
      "width": "1"
    },
    "m_axi_gmem3_BRESP": {
      "dir": "in",
      "width": "2"
    },
    "m_axi_gmem3_BID": {
      "dir": "in",
      "width": "1",
      "isVector": "true"
    },
    "m_axi_gmem3_BUSER": {
      "dir": "in",
      "width": "1",
      "isVector": "true"
    }
  },
  "ModuleInfo": {
    "Hierarchy": {
      "ModuleName": "ALU_sys_HDL",
      "Instances": [{
          "ModuleName": "Block_entry1_proc",
          "InstanceName": "Block_entry1_proc_U0",
          "Instances": [
            {
              "ModuleName": "op_data_exe_wb",
              "InstanceName": "grp_op_data_exe_wb_fu_112",
              "Instances": [
                {
                  "ModuleName": "op_data_exe_wb_Pipeline_l_operation",
                  "InstanceName": "grp_op_data_exe_wb_Pipeline_l_operation_fu_92"
                },
                {
                  "ModuleName": "op_data_exe_wb_Pipeline_l_data_a",
                  "InstanceName": "grp_op_data_exe_wb_Pipeline_l_data_a_fu_101"
                },
                {
                  "ModuleName": "op_data_exe_wb_Pipeline_l_data_b",
                  "InstanceName": "grp_op_data_exe_wb_Pipeline_l_data_b_fu_110"
                },
                {
                  "ModuleName": "op_data_exe_wb_Pipeline_s_operation_data_op",
                  "InstanceName": "grp_op_data_exe_wb_Pipeline_s_operation_data_op_fu_119"
                },
                {
                  "ModuleName": "op_data_exe_wb_Pipeline_exe",
                  "InstanceName": "grp_op_data_exe_wb_Pipeline_exe_fu_127"
                },
                {
                  "ModuleName": "op_data_exe_wb_Pipeline_write_back",
                  "InstanceName": "grp_op_data_exe_wb_Pipeline_write_back_fu_139"
                }
              ]
            },
            {
              "ModuleName": "data_exe_wb",
              "InstanceName": "grp_data_exe_wb_fu_142",
              "Instances": [
                {
                  "ModuleName": "data_exe_wb_Pipeline_l_data_a",
                  "InstanceName": "grp_data_exe_wb_Pipeline_l_data_a_fu_74"
                },
                {
                  "ModuleName": "data_exe_wb_Pipeline_l_data_b",
                  "InstanceName": "grp_data_exe_wb_Pipeline_l_data_b_fu_83"
                },
                {
                  "ModuleName": "data_exe_wb_Pipeline_exe",
                  "InstanceName": "grp_data_exe_wb_Pipeline_exe_fu_92"
                },
                {
                  "ModuleName": "data_exe_wb_Pipeline_write_back",
                  "InstanceName": "grp_data_exe_wb_Pipeline_write_back_fu_104"
                }
              ]
            },
            {
              "ModuleName": "operation",
              "InstanceName": "grp_operation_fu_166",
              "Instances": [
                {
                  "ModuleName": "operation_Pipeline_l_operation",
                  "InstanceName": "grp_operation_Pipeline_l_operation_fu_42"
                },
                {
                  "ModuleName": "operation_Pipeline_s_operation_data_op",
                  "InstanceName": "grp_operation_Pipeline_s_operation_data_op_fu_51"
                }
              ]
            },
            {
              "ModuleName": "reset",
              "InstanceName": "grp_reset_fu_178",
              "Instances": [
                {
                  "ModuleName": "reset_Pipeline_clear_FIFO_a",
                  "InstanceName": "grp_reset_Pipeline_clear_FIFO_a_fu_28"
                },
                {
                  "ModuleName": "reset_Pipeline_clear_FIFO_b",
                  "InstanceName": "grp_reset_Pipeline_clear_FIFO_b_fu_34"
                },
                {
                  "ModuleName": "reset_Pipeline_clear_ALU_op",
                  "InstanceName": "grp_reset_Pipeline_clear_ALU_op_fu_40"
                },
                {
                  "ModuleName": "reset_Pipeline_clear_RAM_op",
                  "InstanceName": "grp_reset_Pipeline_clear_RAM_op_fu_46"
                }
              ]
            }
          ]
        }]
    },
    "Info": {
      "op_data_exe_wb_Pipeline_l_operation": {
        "FunctionProtocol": "ap_ctrl_hs",
        "isTaskLevelControl": "0",
        "isPipelined": "1",
        "isCombinational": "0",
        "isOneStateSeq": "0"
      },
      "op_data_exe_wb_Pipeline_l_data_a": {
        "FunctionProtocol": "ap_ctrl_hs",
        "isTaskLevelControl": "0",
        "isPipelined": "1",
        "isCombinational": "0",
        "isOneStateSeq": "0"
      },
      "op_data_exe_wb_Pipeline_l_data_b": {
        "FunctionProtocol": "ap_ctrl_hs",
        "isTaskLevelControl": "0",
        "isPipelined": "1",
        "isCombinational": "0",
        "isOneStateSeq": "0"
      },
      "op_data_exe_wb_Pipeline_s_operation_data_op": {
        "FunctionProtocol": "ap_ctrl_hs",
        "isTaskLevelControl": "0",
        "isPipelined": "1",
        "isCombinational": "0",
        "isOneStateSeq": "0"
      },
      "op_data_exe_wb_Pipeline_exe": {
        "FunctionProtocol": "ap_ctrl_hs",
        "isTaskLevelControl": "0",
        "isPipelined": "1",
        "isCombinational": "0",
        "isOneStateSeq": "0"
      },
      "op_data_exe_wb_Pipeline_write_back": {
        "FunctionProtocol": "ap_ctrl_hs",
        "isTaskLevelControl": "0",
        "isPipelined": "1",
        "isCombinational": "0",
        "isOneStateSeq": "0"
      },
      "op_data_exe_wb": {
        "FunctionProtocol": "ap_ctrl_hs",
        "isTaskLevelControl": "0",
        "isPipelined": "0",
        "isCombinational": "0",
        "isOneStateSeq": "0"
      },
      "data_exe_wb_Pipeline_l_data_a": {
        "FunctionProtocol": "ap_ctrl_hs",
        "isTaskLevelControl": "0",
        "isPipelined": "1",
        "isCombinational": "0",
        "isOneStateSeq": "0"
      },
      "data_exe_wb_Pipeline_l_data_b": {
        "FunctionProtocol": "ap_ctrl_hs",
        "isTaskLevelControl": "0",
        "isPipelined": "1",
        "isCombinational": "0",
        "isOneStateSeq": "0"
      },
      "data_exe_wb_Pipeline_exe": {
        "FunctionProtocol": "ap_ctrl_hs",
        "isTaskLevelControl": "0",
        "isPipelined": "1",
        "isCombinational": "0",
        "isOneStateSeq": "0"
      },
      "data_exe_wb_Pipeline_write_back": {
        "FunctionProtocol": "ap_ctrl_hs",
        "isTaskLevelControl": "0",
        "isPipelined": "1",
        "isCombinational": "0",
        "isOneStateSeq": "0"
      },
      "data_exe_wb": {
        "FunctionProtocol": "ap_ctrl_hs",
        "isTaskLevelControl": "0",
        "isPipelined": "0",
        "isCombinational": "0",
        "isOneStateSeq": "0"
      },
      "operation_Pipeline_l_operation": {
        "FunctionProtocol": "ap_ctrl_hs",
        "isTaskLevelControl": "0",
        "isPipelined": "1",
        "isCombinational": "0",
        "isOneStateSeq": "0"
      },
      "operation_Pipeline_s_operation_data_op": {
        "FunctionProtocol": "ap_ctrl_hs",
        "isTaskLevelControl": "0",
        "isPipelined": "1",
        "isCombinational": "0",
        "isOneStateSeq": "0"
      },
      "operation": {
        "FunctionProtocol": "ap_ctrl_hs",
        "isTaskLevelControl": "0",
        "isPipelined": "0",
        "isCombinational": "0",
        "isOneStateSeq": "0"
      },
      "reset_Pipeline_clear_FIFO_a": {
        "FunctionProtocol": "ap_ctrl_hs",
        "isTaskLevelControl": "0",
        "isPipelined": "1",
        "isCombinational": "0",
        "isOneStateSeq": "0"
      },
      "reset_Pipeline_clear_FIFO_b": {
        "FunctionProtocol": "ap_ctrl_hs",
        "isTaskLevelControl": "0",
        "isPipelined": "1",
        "isCombinational": "0",
        "isOneStateSeq": "0"
      },
      "reset_Pipeline_clear_ALU_op": {
        "FunctionProtocol": "ap_ctrl_hs",
        "isTaskLevelControl": "0",
        "isPipelined": "1",
        "isCombinational": "0",
        "isOneStateSeq": "0"
      },
      "reset_Pipeline_clear_RAM_op": {
        "FunctionProtocol": "ap_ctrl_hs",
        "isTaskLevelControl": "0",
        "isPipelined": "1",
        "isCombinational": "0",
        "isOneStateSeq": "0"
      },
      "reset": {
        "FunctionProtocol": "ap_ctrl_hs",
        "isTaskLevelControl": "0",
        "isPipelined": "0",
        "isCombinational": "0",
        "isOneStateSeq": "0"
      },
      "Block_entry1_proc": {
        "FunctionProtocol": "ap_ctrl_hs",
        "isTaskLevelControl": "0",
        "isPipelined": "0",
        "isCombinational": "0",
        "isOneStateSeq": "0"
      },
      "ALU_sys_HDL": {
        "FunctionProtocol": "ap_ctrl_hs",
        "isTaskLevelControl": "0",
        "isPipelined": "1",
        "isCombinational": "0",
        "isOneStateSeq": "0"
      }
    },
    "Metrics": {
      "op_data_exe_wb_Pipeline_l_operation": {
        "Latency": {
          "LatencyBest": "411",
          "LatencyAvg": "411",
          "LatencyWorst": "411",
          "PipelineII": "411",
          "PipelineDepth": "",
          "PipelineType": "no"
        },
        "Timing": {
          "Target": "10.00",
          "Uncertainty": "2.70",
          "Estimate": "7.300"
        },
        "Loops": [{
            "Name": "l_operation",
            "TripCount": "400",
            "Latency": "409",
            "PipelineII": "1",
            "PipelineDepth": "11"
          }],
        "Area": {
          "FF": "126",
          "AVAIL_FF": "106400",
          "UTIL_FF": "~0",
          "LUT": "168",
          "AVAIL_LUT": "53200",
          "UTIL_LUT": "~0",
          "BRAM_18K": "0",
          "AVAIL_BRAM": "280",
          "UTIL_BRAM": "0",
          "DSP": "0",
          "AVAIL_DSP": "220",
          "UTIL_DSP": "0",
          "URAM": "0",
          "AVAIL_URAM": "0",
          "UTIL_URAM": "0"
        }
      },
      "op_data_exe_wb_Pipeline_l_data_a": {
        "Latency": {
          "LatencyBest": "411",
          "LatencyAvg": "411",
          "LatencyWorst": "411",
          "PipelineII": "411",
          "PipelineDepth": "",
          "PipelineType": "no"
        },
        "Timing": {
          "Target": "10.00",
          "Uncertainty": "2.70",
          "Estimate": "7.300"
        },
        "Loops": [{
            "Name": "l_data_a",
            "TripCount": "400",
            "Latency": "409",
            "PipelineII": "1",
            "PipelineDepth": "11"
          }],
        "Area": {
          "FF": "126",
          "AVAIL_FF": "106400",
          "UTIL_FF": "~0",
          "LUT": "168",
          "AVAIL_LUT": "53200",
          "UTIL_LUT": "~0",
          "BRAM_18K": "0",
          "AVAIL_BRAM": "280",
          "UTIL_BRAM": "0",
          "DSP": "0",
          "AVAIL_DSP": "220",
          "UTIL_DSP": "0",
          "URAM": "0",
          "AVAIL_URAM": "0",
          "UTIL_URAM": "0"
        }
      },
      "op_data_exe_wb_Pipeline_l_data_b": {
        "Latency": {
          "LatencyBest": "411",
          "LatencyAvg": "411",
          "LatencyWorst": "411",
          "PipelineII": "411",
          "PipelineDepth": "",
          "PipelineType": "no"
        },
        "Timing": {
          "Target": "10.00",
          "Uncertainty": "2.70",
          "Estimate": "7.300"
        },
        "Loops": [{
            "Name": "l_data_b",
            "TripCount": "400",
            "Latency": "409",
            "PipelineII": "1",
            "PipelineDepth": "11"
          }],
        "Area": {
          "FF": "126",
          "AVAIL_FF": "106400",
          "UTIL_FF": "~0",
          "LUT": "168",
          "AVAIL_LUT": "53200",
          "UTIL_LUT": "~0",
          "BRAM_18K": "0",
          "AVAIL_BRAM": "280",
          "UTIL_BRAM": "0",
          "DSP": "0",
          "AVAIL_DSP": "220",
          "UTIL_DSP": "0",
          "URAM": "0",
          "AVAIL_URAM": "0",
          "UTIL_URAM": "0"
        }
      },
      "op_data_exe_wb_Pipeline_s_operation_data_op": {
        "Latency": {
          "LatencyBest": "402",
          "LatencyAvg": "402",
          "LatencyWorst": "402",
          "PipelineII": "402",
          "PipelineDepth": "",
          "PipelineType": "no"
        },
        "Timing": {
          "Target": "10.00",
          "Uncertainty": "2.70",
          "Estimate": "6.846"
        },
        "Loops": [{
            "Name": "s_operation_data_op",
            "TripCount": "400",
            "Latency": "400",
            "PipelineII": "1",
            "PipelineDepth": "2"
          }],
        "Area": {
          "FF": "21",
          "AVAIL_FF": "106400",
          "UTIL_FF": "~0",
          "LUT": "77",
          "AVAIL_LUT": "53200",
          "UTIL_LUT": "~0",
          "BRAM_18K": "0",
          "AVAIL_BRAM": "280",
          "UTIL_BRAM": "0",
          "DSP": "0",
          "AVAIL_DSP": "220",
          "UTIL_DSP": "0",
          "URAM": "0",
          "AVAIL_URAM": "0",
          "UTIL_URAM": "0"
        }
      },
      "op_data_exe_wb_Pipeline_exe": {
        "Latency": {
          "LatencyBest": "439",
          "LatencyAvg": "439",
          "LatencyWorst": "439",
          "PipelineII": "439",
          "PipelineDepth": "",
          "PipelineType": "no"
        },
        "Timing": {
          "Target": "10.00",
          "Uncertainty": "2.70",
          "Estimate": "6.912"
        },
        "Loops": [{
            "Name": "exe",
            "TripCount": "400",
            "Latency": "437",
            "PipelineII": "1",
            "PipelineDepth": "39"
          }],
        "Area": {
          "DSP": "3",
          "AVAIL_DSP": "220",
          "UTIL_DSP": "1",
          "FF": "2899",
          "AVAIL_FF": "106400",
          "UTIL_FF": "2",
          "LUT": "2094",
          "AVAIL_LUT": "53200",
          "UTIL_LUT": "3",
          "BRAM_18K": "0",
          "AVAIL_BRAM": "280",
          "UTIL_BRAM": "0",
          "URAM": "0",
          "AVAIL_URAM": "0",
          "UTIL_URAM": "0"
        }
      },
      "op_data_exe_wb_Pipeline_write_back": {
        "Latency": {
          "LatencyBest": "408",
          "LatencyAvg": "408",
          "LatencyWorst": "408",
          "PipelineII": "408",
          "PipelineDepth": "",
          "PipelineType": "no"
        },
        "Timing": {
          "Target": "10.00",
          "Uncertainty": "2.70",
          "Estimate": "7.300"
        },
        "Loops": [{
            "Name": "write_back",
            "TripCount": "400",
            "Latency": "406",
            "PipelineII": "1",
            "PipelineDepth": "8"
          }],
        "Area": {
          "FF": "120",
          "AVAIL_FF": "106400",
          "UTIL_FF": "~0",
          "LUT": "177",
          "AVAIL_LUT": "53200",
          "UTIL_LUT": "~0",
          "BRAM_18K": "0",
          "AVAIL_BRAM": "280",
          "UTIL_BRAM": "0",
          "DSP": "0",
          "AVAIL_DSP": "220",
          "UTIL_DSP": "0",
          "URAM": "0",
          "AVAIL_URAM": "0",
          "UTIL_URAM": "0"
        }
      },
      "op_data_exe_wb": {
        "Latency": {
          "LatencyBest": "2499",
          "LatencyAvg": "2499",
          "LatencyWorst": "2499",
          "PipelineII": "2499",
          "PipelineDepth": "",
          "PipelineType": "no"
        },
        "Timing": {
          "Target": "10.00",
          "Uncertainty": "2.70",
          "Estimate": "7.300"
        },
        "Area": {
          "DSP": "3",
          "AVAIL_DSP": "220",
          "UTIL_DSP": "1",
          "FF": "3442",
          "AVAIL_FF": "106400",
          "UTIL_FF": "3",
          "LUT": "3135",
          "AVAIL_LUT": "53200",
          "UTIL_LUT": "5",
          "BRAM_18K": "0",
          "AVAIL_BRAM": "280",
          "UTIL_BRAM": "0",
          "URAM": "0",
          "AVAIL_URAM": "0",
          "UTIL_URAM": "0"
        }
      },
      "data_exe_wb_Pipeline_l_data_a": {
        "Latency": {
          "LatencyBest": "411",
          "LatencyAvg": "411",
          "LatencyWorst": "411",
          "PipelineII": "411",
          "PipelineDepth": "",
          "PipelineType": "no"
        },
        "Timing": {
          "Target": "10.00",
          "Uncertainty": "2.70",
          "Estimate": "7.300"
        },
        "Loops": [{
            "Name": "l_data_a",
            "TripCount": "400",
            "Latency": "409",
            "PipelineII": "1",
            "PipelineDepth": "11"
          }],
        "Area": {
          "FF": "126",
          "AVAIL_FF": "106400",
          "UTIL_FF": "~0",
          "LUT": "168",
          "AVAIL_LUT": "53200",
          "UTIL_LUT": "~0",
          "BRAM_18K": "0",
          "AVAIL_BRAM": "280",
          "UTIL_BRAM": "0",
          "DSP": "0",
          "AVAIL_DSP": "220",
          "UTIL_DSP": "0",
          "URAM": "0",
          "AVAIL_URAM": "0",
          "UTIL_URAM": "0"
        }
      },
      "data_exe_wb_Pipeline_l_data_b": {
        "Latency": {
          "LatencyBest": "411",
          "LatencyAvg": "411",
          "LatencyWorst": "411",
          "PipelineII": "411",
          "PipelineDepth": "",
          "PipelineType": "no"
        },
        "Timing": {
          "Target": "10.00",
          "Uncertainty": "2.70",
          "Estimate": "7.300"
        },
        "Loops": [{
            "Name": "l_data_b",
            "TripCount": "400",
            "Latency": "409",
            "PipelineII": "1",
            "PipelineDepth": "11"
          }],
        "Area": {
          "FF": "126",
          "AVAIL_FF": "106400",
          "UTIL_FF": "~0",
          "LUT": "168",
          "AVAIL_LUT": "53200",
          "UTIL_LUT": "~0",
          "BRAM_18K": "0",
          "AVAIL_BRAM": "280",
          "UTIL_BRAM": "0",
          "DSP": "0",
          "AVAIL_DSP": "220",
          "UTIL_DSP": "0",
          "URAM": "0",
          "AVAIL_URAM": "0",
          "UTIL_URAM": "0"
        }
      },
      "data_exe_wb_Pipeline_exe": {
        "Latency": {
          "LatencyBest": "439",
          "LatencyAvg": "439",
          "LatencyWorst": "439",
          "PipelineII": "439",
          "PipelineDepth": "",
          "PipelineType": "no"
        },
        "Timing": {
          "Target": "10.00",
          "Uncertainty": "2.70",
          "Estimate": "6.912"
        },
        "Loops": [{
            "Name": "exe",
            "TripCount": "400",
            "Latency": "437",
            "PipelineII": "1",
            "PipelineDepth": "39"
          }],
        "Area": {
          "DSP": "3",
          "AVAIL_DSP": "220",
          "UTIL_DSP": "1",
          "FF": "2899",
          "AVAIL_FF": "106400",
          "UTIL_FF": "2",
          "LUT": "2094",
          "AVAIL_LUT": "53200",
          "UTIL_LUT": "3",
          "BRAM_18K": "0",
          "AVAIL_BRAM": "280",
          "UTIL_BRAM": "0",
          "URAM": "0",
          "AVAIL_URAM": "0",
          "UTIL_URAM": "0"
        }
      },
      "data_exe_wb_Pipeline_write_back": {
        "Latency": {
          "LatencyBest": "408",
          "LatencyAvg": "408",
          "LatencyWorst": "408",
          "PipelineII": "408",
          "PipelineDepth": "",
          "PipelineType": "no"
        },
        "Timing": {
          "Target": "10.00",
          "Uncertainty": "2.70",
          "Estimate": "7.300"
        },
        "Loops": [{
            "Name": "write_back",
            "TripCount": "400",
            "Latency": "406",
            "PipelineII": "1",
            "PipelineDepth": "8"
          }],
        "Area": {
          "FF": "120",
          "AVAIL_FF": "106400",
          "UTIL_FF": "~0",
          "LUT": "177",
          "AVAIL_LUT": "53200",
          "UTIL_LUT": "~0",
          "BRAM_18K": "0",
          "AVAIL_BRAM": "280",
          "UTIL_BRAM": "0",
          "DSP": "0",
          "AVAIL_DSP": "220",
          "UTIL_DSP": "0",
          "URAM": "0",
          "AVAIL_URAM": "0",
          "UTIL_URAM": "0"
        }
      },
      "data_exe_wb": {
        "Latency": {
          "LatencyBest": "1680",
          "LatencyAvg": "1680",
          "LatencyWorst": "1680",
          "PipelineII": "1680",
          "PipelineDepth": "",
          "PipelineType": "no"
        },
        "Timing": {
          "Target": "10.00",
          "Uncertainty": "2.70",
          "Estimate": "7.300"
        },
        "Area": {
          "DSP": "3",
          "AVAIL_DSP": "220",
          "UTIL_DSP": "1",
          "FF": "3287",
          "AVAIL_FF": "106400",
          "UTIL_FF": "3",
          "LUT": "2789",
          "AVAIL_LUT": "53200",
          "UTIL_LUT": "5",
          "BRAM_18K": "0",
          "AVAIL_BRAM": "280",
          "UTIL_BRAM": "0",
          "URAM": "0",
          "AVAIL_URAM": "0",
          "UTIL_URAM": "0"
        }
      },
      "operation_Pipeline_l_operation": {
        "Latency": {
          "LatencyBest": "411",
          "LatencyAvg": "411",
          "LatencyWorst": "411",
          "PipelineII": "411",
          "PipelineDepth": "",
          "PipelineType": "no"
        },
        "Timing": {
          "Target": "10.00",
          "Uncertainty": "2.70",
          "Estimate": "7.300"
        },
        "Loops": [{
            "Name": "l_operation",
            "TripCount": "400",
            "Latency": "409",
            "PipelineII": "1",
            "PipelineDepth": "11"
          }],
        "Area": {
          "FF": "126",
          "AVAIL_FF": "106400",
          "UTIL_FF": "~0",
          "LUT": "168",
          "AVAIL_LUT": "53200",
          "UTIL_LUT": "~0",
          "BRAM_18K": "0",
          "AVAIL_BRAM": "280",
          "UTIL_BRAM": "0",
          "DSP": "0",
          "AVAIL_DSP": "220",
          "UTIL_DSP": "0",
          "URAM": "0",
          "AVAIL_URAM": "0",
          "UTIL_URAM": "0"
        }
      },
      "operation_Pipeline_s_operation_data_op": {
        "Latency": {
          "LatencyBest": "402",
          "LatencyAvg": "402",
          "LatencyWorst": "402",
          "PipelineII": "402",
          "PipelineDepth": "",
          "PipelineType": "no"
        },
        "Timing": {
          "Target": "10.00",
          "Uncertainty": "2.70",
          "Estimate": "6.846"
        },
        "Loops": [{
            "Name": "s_operation_data_op",
            "TripCount": "400",
            "Latency": "400",
            "PipelineII": "1",
            "PipelineDepth": "2"
          }],
        "Area": {
          "FF": "21",
          "AVAIL_FF": "106400",
          "UTIL_FF": "~0",
          "LUT": "77",
          "AVAIL_LUT": "53200",
          "UTIL_LUT": "~0",
          "BRAM_18K": "0",
          "AVAIL_BRAM": "280",
          "UTIL_BRAM": "0",
          "DSP": "0",
          "AVAIL_DSP": "220",
          "UTIL_DSP": "0",
          "URAM": "0",
          "AVAIL_URAM": "0",
          "UTIL_URAM": "0"
        }
      },
      "operation": {
        "Latency": {
          "LatencyBest": "818",
          "LatencyAvg": "818",
          "LatencyWorst": "818",
          "PipelineII": "818",
          "PipelineDepth": "",
          "PipelineType": "no"
        },
        "Timing": {
          "Target": "10.00",
          "Uncertainty": "2.70",
          "Estimate": "7.300"
        },
        "Area": {
          "FF": "155",
          "AVAIL_FF": "106400",
          "UTIL_FF": "~0",
          "LUT": "318",
          "AVAIL_LUT": "53200",
          "UTIL_LUT": "~0",
          "BRAM_18K": "0",
          "AVAIL_BRAM": "280",
          "UTIL_BRAM": "0",
          "DSP": "0",
          "AVAIL_DSP": "220",
          "UTIL_DSP": "0",
          "URAM": "0",
          "AVAIL_URAM": "0",
          "UTIL_URAM": "0"
        }
      },
      "reset_Pipeline_clear_FIFO_a": {
        "Latency": {
          "LatencyBest": "",
          "LatencyAvg": "",
          "LatencyWorst": "",
          "PipelineII": "",
          "PipelineDepth": "",
          "PipelineType": "no"
        },
        "Timing": {
          "Target": "10.00",
          "Uncertainty": "2.70",
          "Estimate": "3.592"
        },
        "Loops": [{
            "Name": "clear_FIFO_a",
            "TripCount": "",
            "Latency": "",
            "PipelineII": "1",
            "PipelineDepth": "1"
          }],
        "Area": {
          "FF": "2",
          "AVAIL_FF": "106400",
          "UTIL_FF": "~0",
          "LUT": "22",
          "AVAIL_LUT": "53200",
          "UTIL_LUT": "~0",
          "BRAM_18K": "0",
          "AVAIL_BRAM": "280",
          "UTIL_BRAM": "0",
          "DSP": "0",
          "AVAIL_DSP": "220",
          "UTIL_DSP": "0",
          "URAM": "0",
          "AVAIL_URAM": "0",
          "UTIL_URAM": "0"
        }
      },
      "reset_Pipeline_clear_FIFO_b": {
        "Latency": {
          "LatencyBest": "",
          "LatencyAvg": "",
          "LatencyWorst": "",
          "PipelineII": "",
          "PipelineDepth": "",
          "PipelineType": "no"
        },
        "Timing": {
          "Target": "10.00",
          "Uncertainty": "2.70",
          "Estimate": "3.592"
        },
        "Loops": [{
            "Name": "clear_FIFO_b",
            "TripCount": "",
            "Latency": "",
            "PipelineII": "1",
            "PipelineDepth": "1"
          }],
        "Area": {
          "FF": "2",
          "AVAIL_FF": "106400",
          "UTIL_FF": "~0",
          "LUT": "22",
          "AVAIL_LUT": "53200",
          "UTIL_LUT": "~0",
          "BRAM_18K": "0",
          "AVAIL_BRAM": "280",
          "UTIL_BRAM": "0",
          "DSP": "0",
          "AVAIL_DSP": "220",
          "UTIL_DSP": "0",
          "URAM": "0",
          "AVAIL_URAM": "0",
          "UTIL_URAM": "0"
        }
      },
      "reset_Pipeline_clear_ALU_op": {
        "Latency": {
          "LatencyBest": "",
          "LatencyAvg": "",
          "LatencyWorst": "",
          "PipelineII": "",
          "PipelineDepth": "",
          "PipelineType": "no"
        },
        "Timing": {
          "Target": "10.00",
          "Uncertainty": "2.70",
          "Estimate": "3.592"
        },
        "Loops": [{
            "Name": "clear_ALU_op",
            "TripCount": "",
            "Latency": "",
            "PipelineII": "1",
            "PipelineDepth": "1"
          }],
        "Area": {
          "FF": "2",
          "AVAIL_FF": "106400",
          "UTIL_FF": "~0",
          "LUT": "22",
          "AVAIL_LUT": "53200",
          "UTIL_LUT": "~0",
          "BRAM_18K": "0",
          "AVAIL_BRAM": "280",
          "UTIL_BRAM": "0",
          "DSP": "0",
          "AVAIL_DSP": "220",
          "UTIL_DSP": "0",
          "URAM": "0",
          "AVAIL_URAM": "0",
          "UTIL_URAM": "0"
        }
      },
      "reset_Pipeline_clear_RAM_op": {
        "Latency": {
          "LatencyBest": "402",
          "LatencyAvg": "402",
          "LatencyWorst": "402",
          "PipelineII": "402",
          "PipelineDepth": "",
          "PipelineType": "no"
        },
        "Timing": {
          "Target": "10.00",
          "Uncertainty": "2.70",
          "Estimate": "6.665"
        },
        "Loops": [{
            "Name": "clear_RAM_op",
            "TripCount": "400",
            "Latency": "400",
            "PipelineII": "1",
            "PipelineDepth": "1"
          }],
        "Area": {
          "FF": "11",
          "AVAIL_FF": "106400",
          "UTIL_FF": "~0",
          "LUT": "55",
          "AVAIL_LUT": "53200",
          "UTIL_LUT": "~0",
          "BRAM_18K": "0",
          "AVAIL_BRAM": "280",
          "UTIL_BRAM": "0",
          "DSP": "0",
          "AVAIL_DSP": "220",
          "UTIL_DSP": "0",
          "URAM": "0",
          "AVAIL_URAM": "0",
          "UTIL_URAM": "0"
        }
      },
      "reset": {
        "Latency": {
          "LatencyBest": "",
          "LatencyAvg": "",
          "LatencyWorst": "",
          "PipelineII": "",
          "PipelineDepth": "",
          "PipelineType": "no"
        },
        "Timing": {
          "Target": "10.00",
          "Uncertainty": "2.70",
          "Estimate": "6.665"
        },
        "Area": {
          "FF": "29",
          "AVAIL_FF": "106400",
          "UTIL_FF": "~0",
          "LUT": "198",
          "AVAIL_LUT": "53200",
          "UTIL_LUT": "~0",
          "BRAM_18K": "0",
          "AVAIL_BRAM": "280",
          "UTIL_BRAM": "0",
          "DSP": "0",
          "AVAIL_DSP": "220",
          "UTIL_DSP": "0",
          "URAM": "0",
          "AVAIL_URAM": "0",
          "UTIL_URAM": "0"
        }
      },
      "Block_entry1_proc": {
        "Latency": {
          "LatencyBest": "",
          "LatencyAvg": "",
          "LatencyWorst": "",
          "PipelineII": "",
          "PipelineDepth": "",
          "PipelineType": "no"
        },
        "Timing": {
          "Target": "10.00",
          "Uncertainty": "2.70",
          "Estimate": "7.300"
        },
        "Area": {
          "BRAM_18K": "9",
          "AVAIL_BRAM": "280",
          "UTIL_BRAM": "3",
          "DSP": "6",
          "AVAIL_DSP": "220",
          "UTIL_DSP": "2",
          "FF": "7580",
          "AVAIL_FF": "106400",
          "UTIL_FF": "7",
          "LUT": "7925",
          "AVAIL_LUT": "53200",
          "UTIL_LUT": "14",
          "URAM": "0",
          "AVAIL_URAM": "0",
          "UTIL_URAM": "0"
        }
      },
      "ALU_sys_HDL": {
        "Latency": {
          "LatencyBest": "",
          "LatencyAvg": "",
          "LatencyWorst": "",
          "PipelineII": "",
          "PipelineDepth": "",
          "PipelineType": "dataflow"
        },
        "Timing": {
          "Target": "10.00",
          "Uncertainty": "2.70",
          "Estimate": "7.300"
        },
        "Area": {
          "BRAM_18K": "25",
          "AVAIL_BRAM": "280",
          "UTIL_BRAM": "8",
          "DSP": "6",
          "AVAIL_DSP": "220",
          "UTIL_DSP": "2",
          "FF": "11254",
          "AVAIL_FF": "106400",
          "UTIL_FF": "10",
          "LUT": "11477",
          "AVAIL_LUT": "53200",
          "UTIL_LUT": "21",
          "URAM": "0",
          "AVAIL_URAM": "0",
          "UTIL_URAM": "0"
        }
      }
    }
  },
  "GenerateBdFiles": "0",
  "GenData": {
    "DataVersion": "0.2",
    "Time": "2024-06-29 19:16:26 +0200",
    "ToolName": "vitis_hls",
    "ToolVersion": "2023.2"
  }
}
