<?xml version="1.0" encoding="UTF-8"?>
<GenRun Id="impl_1" LaunchPart="xc7z020clg400-1" LaunchTime="1719088789">
  <File Type="ROUTE-PWR" Name="SISD_block_design_wrapper_power_routed.rpt"/>
  <File Type="PA-TCL" Name="SISD_block_design_wrapper.tcl"/>
  <File Type="ROUTE-PWR-SUM" Name="SISD_block_design_wrapper_power_summary_routed.pb"/>
  <File Type="REPORTS-TCL" Name="SISD_block_design_wrapper_reports.tcl"/>
  <File Type="BITSTR-MSK" Name="SISD_block_design_wrapper.msk"/>
  <File Type="ROUTE-CLK" Name="SISD_block_design_wrapper_clock_utilization_routed.rpt"/>
  <File Type="RDI-RDI" Name="SISD_block_design_wrapper.vdi"/>
  <File Type="POSTROUTE-PHYSOPT-BUS-SKEW-PB" Name="SISD_block_design_wrapper_bus_skew_postroute_physopted.pb"/>
  <File Type="BG-BIT" Name="SISD_block_design_wrapper.bit"/>
  <File Type="BG-DRC" Name="SISD_block_design_wrapper.drc"/>
  <File Type="BG-BGN" Name="SISD_block_design_wrapper.bgn"/>
  <File Type="BG-BIN" Name="SISD_block_design_wrapper.bin"/>
  <File Type="BITSTR-RBT" Name="SISD_block_design_wrapper.rbt"/>
  <File Type="BITSTR-NKY" Name="SISD_block_design_wrapper.nky"/>
  <File Type="BITSTR-BMM" Name="SISD_block_design_wrapper_bd.bmm"/>
  <File Type="BITSTR-MMI" Name="SISD_block_design_wrapper.mmi"/>
  <File Type="ROUTE-METHODOLOGY-DRC" Name="SISD_block_design_wrapper_methodology_drc_routed.rpt"/>
  <File Type="BITSTR-SYSDEF" Name="SISD_block_design_wrapper.sysdef"/>
  <File Type="BITSTR-LTX" Name="debug_nets.ltx"/>
  <File Type="BITSTR-LTX" Name="SISD_block_design_wrapper.ltx"/>
  <File Type="WBT-USG" Name="usage_statistics_webtalk.html"/>
  <File Type="OPT-DRC" Name="SISD_block_design_wrapper_drc_opted.rpt"/>
  <File Type="OPT-HWDEF" Name="SISD_block_design_wrapper.hwdef"/>
  <File Type="PLACE-IO" Name="SISD_block_design_wrapper_io_placed.rpt"/>
  <File Type="PLACE-UTIL" Name="SISD_block_design_wrapper_utilization_placed.rpt"/>
  <File Type="PLACE-UTIL-PB" Name="SISD_block_design_wrapper_utilization_placed.pb"/>
  <File Type="PLACE-CTRL" Name="SISD_block_design_wrapper_control_sets_placed.rpt"/>
  <File Type="PLACE-PRE-SIMILARITY" Name="SISD_block_design_wrapper_incremental_reuse_pre_placed.rpt"/>
  <File Type="ROUTE-DRC" Name="SISD_block_design_wrapper_drc_routed.rpt"/>
  <File Type="ROUTE-DRC-PB" Name="SISD_block_design_wrapper_drc_routed.pb"/>
  <File Type="ROUTE-PWR-RPX" Name="SISD_block_design_wrapper_power_routed.rpx"/>
  <File Type="ROUTE-STATUS" Name="SISD_block_design_wrapper_route_status.rpt"/>
  <File Type="ROUTE-STATUS-PB" Name="SISD_block_design_wrapper_route_status.pb"/>
  <File Type="ROUTE-DCP" Name="SISD_block_design_wrapper_routed.dcp"/>
  <File Type="ROUTE-ERROR-DCP" Name="SISD_block_design_wrapper_routed_error.dcp"/>
  <File Type="ROUTE-BLACKBOX-DCP" Name="SISD_block_design_wrapper_routed_bb.dcp"/>
  <File Type="ROUTE-TIMINGSUMMARY" Name="SISD_block_design_wrapper_timing_summary_routed.rpt"/>
  <File Type="ROUTE-TIMING-PB" Name="SISD_block_design_wrapper_timing_summary_routed.pb"/>
  <File Type="ROUTE-TIMING-RPX" Name="SISD_block_design_wrapper_timing_summary_routed.rpx"/>
  <File Type="ROUTE-SIMILARITY" Name="SISD_block_design_wrapper_incremental_reuse_routed.rpt"/>
  <File Type="ROUTE-BUS-SKEW" Name="SISD_block_design_wrapper_bus_skew_routed.rpt"/>
  <File Type="ROUTE-BUS-SKEW-PB" Name="SISD_block_design_wrapper_bus_skew_routed.pb"/>
  <File Type="ROUTE-BUS-SKEW-RPX" Name="SISD_block_design_wrapper_bus_skew_routed.rpx"/>
  <File Type="OPT-DCP" Name="SISD_block_design_wrapper_opt.dcp"/>
  <File Type="PLACE-DCP" Name="SISD_block_design_wrapper_placed.dcp"/>
  <File Type="PWROPT-DCP" Name="SISD_block_design_wrapper_pwropt.dcp"/>
  <File Type="POSTPLACE-PWROPT-DCP" Name="SISD_block_design_wrapper_postplace_pwropt.dcp"/>
  <File Type="PHYSOPT-DCP" Name="SISD_block_design_wrapper_physopt.dcp"/>
  <File Type="POSTROUTE-PHYSOPT-DCP" Name="SISD_block_design_wrapper_postroute_physopt.dcp"/>
  <File Type="POSTROUTE-PHYSOPT-BLACKBOX-DCP" Name="SISD_block_design_wrapper_postroute_physopt_bb.dcp"/>
  <File Type="POSTROUTE-PHYSOPT-TIMING" Name="SISD_block_design_wrapper_timing_summary_postroute_physopted.rpt"/>
  <File Type="POSTROUTE-PHYSOPT-TIMING-PB" Name="SISD_block_design_wrapper_timing_summary_postroute_physopted.pb"/>
  <File Type="POSTROUTE-PHYSOPT-TIMING-RPX" Name="SISD_block_design_wrapper_timing_summary_postroute_physopted.rpx"/>
  <File Type="POSTROUTE-PHYSOPT-BUS-SKEW" Name="SISD_block_design_wrapper_bus_skew_postroute_physopted.rpt"/>
  <File Type="POSTROUTE-PHYSOPT-BUS-SKEW-RPX" Name="SISD_block_design_wrapper_bus_skew_postroute_physopted.rpx"/>
  <File Type="ROUTE-METHODOLOGY-DRC-PB" Name="SISD_block_design_wrapper_methodology_drc_routed.pb"/>
  <File Type="ROUTE-DRC-RPX" Name="SISD_block_design_wrapper_drc_routed.rpx"/>
  <File Type="ROUTE-METHODOLOGY-DRC-RPX" Name="SISD_block_design_wrapper_methodology_drc_routed.rpx"/>
  <File Type="PDI-FILE" Name="SISD_block_design_wrapper.pdi"/>
  <File Type="BOOT-PDI-FILE" Name="SISD_block_design_wrapper_boot.pdi"/>
  <File Type="PL-PDI-FILE" Name="SISD_block_design_wrapper_pld.pdi"/>
  <File Type="RCFI_FILE" Name="SISD_block_design_wrapper.rcfi"/>
  <File Type="CFI_FILE" Name="SISD_block_design_wrapper.cfi"/>
  <File Type="RNPI_FILE" Name="SISD_block_design_wrapper.rnpi"/>
  <File Type="NPI_FILE" Name="SISD_block_design_wrapper.npi"/>
  <File Type="RBD_FILE" Name="SISD_block_design_wrapper.rbd"/>
  <File Type="ROUTE-RQS" Name="SISD_block_design_wrapper_routed.rqs"/>
  <File Type="POSTROUTE-PHYSOPT-RQS" Name="SISD_block_design_wrapper_postroute_physopted.rqs"/>
  <File Type="ROUTE-RQS-RPT" Name="route_report_qor_suggestions_0.rpt"/>
  <File Type="POSTROUTE-PHYSOPT-RQS-RPT" Name="postroute_physopt_report_qor_suggestions_0.rpt"/>
  <FileSet Name="sources" Type="DesignSrcs" RelSrcDir="$PSRCDIR/sources_1" RelGenDir="$PGENDIR/sources_1">
    <Filter Type="Srcs"/>
    <File Path="$PSRCDIR/sources_1/bd/SISD_block_design/SISD_block_design.bd">
      <FileInfo>
        <Attr Name="ImportPath" Val="$PPRDIR/../../../../../../../../Desktop/NECST/NL2/M_AXI_ALU/SISD/Vivado/SISD.srcs/sources_1/bd/SISD_block_design/SISD_block_design.bd"/>
        <Attr Name="ImportTime" Val="1719686947"/>
        <Attr Name="UsedIn" Val="synthesis"/>
        <Attr Name="UsedIn" Val="implementation"/>
        <Attr Name="UsedIn" Val="simulation"/>
      </FileInfo>
    </File>
    <File Path="$PGENDIR/sources_1/bd/SISD_block_design/hdl/SISD_block_design_wrapper.vhd">
      <FileInfo>
        <Attr Name="ImportPath" Val="$PPRDIR/../../../../../../../../Desktop/NECST/NL2/M_AXI_ALU/SISD/Vivado/SISD.gen/sources_1/bd/SISD_block_design/hdl/SISD_block_design_wrapper.vhd"/>
        <Attr Name="ImportTime" Val="1719091514"/>
        <Attr Name="UsedIn" Val="synthesis"/>
        <Attr Name="UsedIn" Val="simulation"/>
      </FileInfo>
    </File>
    <Config>
      <Option Name="DesignMode" Val="RTL"/>
      <Option Name="TopModule" Val="SISD_block_design_wrapper"/>
      <Option Name="TopAutoSet" Val="TRUE"/>
    </Config>
  </FileSet>
  <FileSet Name="constrs_in" Type="Constrs" RelSrcDir="$PSRCDIR/constrs_1" RelGenDir="$PGENDIR/constrs_1">
    <Filter Type="Constrs"/>
    <Config>
      <Option Name="ConstrsType" Val="XDC"/>
    </Config>
  </FileSet>
  <FileSet Name="utils" Type="Utils" RelSrcDir="$PSRCDIR/utils_1" RelGenDir="$PGENDIR/utils_1">
    <Filter Type="Utils"/>
    <Config>
      <Option Name="TopAutoSet" Val="TRUE"/>
    </Config>
  </FileSet>
  <Strategy Version="1" Minor="2">
    <StratHandle Name="Vivado Implementation Defaults" Flow="Vivado Implementation 2023"/>
    <Step Id="init_design"/>
    <Step Id="opt_design"/>
    <Step Id="power_opt_design"/>
    <Step Id="place_design"/>
    <Step Id="post_place_power_opt_design"/>
    <Step Id="phys_opt_design"/>
    <Step Id="route_design"/>
    <Step Id="post_route_phys_opt_design"/>
    <Step Id="write_bitstream"/>
    <Step Id="write_device_image"/>
  </Strategy>
  <BlockFileSet Type="BlockSrcs" Name="SISD_block_design_auto_pc_0"/>
  <BlockFileSet Type="BlockSrcs" Name="SISD_block_design_processing_system7_0_0"/>
  <BlockFileSet Type="BlockSrcs" Name="SISD_block_design_sisd_0_0"/>
  <BlockFileSet Type="BlockSrcs" Name="SISD_block_design_rst_ps7_0_50M_0"/>
</GenRun>
