<?xml version="1.0" encoding="UTF-8"?>
<GenRun Id="SISD_block_design_auto_pc_0_synth_1" LaunchPart="xc7z020clg400-1" LaunchTime="1719088784">
  <File Type="PA-TCL" Name="SISD_block_design_auto_pc_0.tcl"/>
  <File Type="REPORTS-TCL" Name="SISD_block_design_auto_pc_0_reports.tcl"/>
  <File Type="RDS-RDS" Name="SISD_block_design_auto_pc_0.vds"/>
  <File Type="RDS-UTIL" Name="SISD_block_design_auto_pc_0_utilization_synth.rpt"/>
  <File Type="RDS-UTIL-PB" Name="SISD_block_design_auto_pc_0_utilization_synth.pb"/>
  <File Type="RDS-DCP" Name="SISD_block_design_auto_pc_0.dcp"/>
  <FileSet Name="sources" Type="BlockSrcs" RelSrcDir="$PSRCDIR/SISD_block_design_auto_pc_0" RelGenDir="$PGENDIR/SISD_block_design_auto_pc_0">
    <File Path="$PSRCDIR/sources_1/bd/SISD_block_design/ip/SISD_block_design_auto_pc_0/SISD_block_design_auto_pc_0.xci">
      <FileInfo>
        <Attr Name="ImportPath" Val="$PPRDIR/../../../../../../../../Desktop/NECST/NL2/M_AXI_ALU/SISD/Vivado/SISD.srcs/sources_1/bd/SISD_block_design/ip/SISD_block_design_auto_pc_0/SISD_block_design_auto_pc_0.xci"/>
        <Attr Name="ImportTime" Val="1719091514"/>
        <Attr Name="UsedIn" Val="synthesis"/>
        <Attr Name="UsedIn" Val="implementation"/>
        <Attr Name="UsedIn" Val="simulation"/>
      </FileInfo>
    </File>
    <Config>
      <Option Name="TopModule" Val="SISD_block_design_auto_pc_0"/>
      <Option Name="UseBlackboxStub" Val="1"/>
    </Config>
  </FileSet>
  <FileSet Name="constrs_in" Type="BlockSrcs" RelSrcDir="$PSRCDIR/SISD_block_design_auto_pc_0" RelGenDir="$PGENDIR/SISD_block_design_auto_pc_0">
    <File Path="$PSRCDIR/sources_1/bd/SISD_block_design/ip/SISD_block_design_auto_pc_0/SISD_block_design_auto_pc_0.xci">
      <FileInfo>
        <Attr Name="ImportPath" Val="$PPRDIR/../../../../../../../../Desktop/NECST/NL2/M_AXI_ALU/SISD/Vivado/SISD.srcs/sources_1/bd/SISD_block_design/ip/SISD_block_design_auto_pc_0/SISD_block_design_auto_pc_0.xci"/>
        <Attr Name="ImportTime" Val="1719091514"/>
        <Attr Name="UsedIn" Val="synthesis"/>
        <Attr Name="UsedIn" Val="implementation"/>
        <Attr Name="UsedIn" Val="simulation"/>
      </FileInfo>
    </File>
    <Config>
      <Option Name="TopModule" Val="SISD_block_design_auto_pc_0"/>
      <Option Name="UseBlackboxStub" Val="1"/>
    </Config>
  </FileSet>
  <FileSet Name="utils" Type="Utils" RelSrcDir="$PSRCDIR/utils_1" RelGenDir="$PGENDIR/utils_1">
    <Filter Type="Utils"/>
    <Config>
      <Option Name="TopAutoSet" Val="TRUE"/>
    </Config>
  </FileSet>
  <Strategy Version="1" Minor="2">
    <StratHandle Name="Vivado Synthesis Defaults" Flow="Vivado Synthesis 2023"/>
    <Step Id="synth_design"/>
  </Strategy>
</GenRun>
