<?xml version="1.0" encoding="utf-8"?>
<Messages>
	<Message severity="INFO" prefix="[COSIM 212-47]" key="COSIM_TCL_47_1115" tag="" content="Using XSIM for RTL simulation." resolution=""/>
	<Message severity="INFO" prefix="[COSIM 212-14]" key="COSIM_TCL_14_1084" tag="" content="Instrumenting C test bench ..." resolution=""/>
	<Message severity="INFO" prefix="[COSIM 212-302]" key="COSIM_TCL_302_1177" tag="" content="Starting C TB testing ..." resolution=""/>
	<Message severity="INFO" prefix="[COSIM 212-333]" key="COSIM_TCL_333_1204" tag="" content="Generating C post check test bench ..." resolution=""/>
	<Message severity="INFO" prefix="[COSIM 212-12]" key="COSIM_TCL_12_1082" tag="" content="Generating RTL test bench ..." resolution=""/>
	<Message severity="WARNING" prefix="[HLS 200-616]" key="HLS 200-616" tag="" content="This design uses AXI slave interface in dataflow mode, which can result in simulation dead-lock and/or mismatching results (due to AXI slave FIFO sizing)." resolution=""/>
	<Message severity="INFO" prefix="[COSIM 212-1]" key="COSIM_TCL_1_1071" tag="" content="*** C/RTL co-simulation file generation completed. ***" resolution=""/>
	<Message severity="INFO" prefix="[COSIM 212-322]" key="COSIM_TCL_322_1194" tag="" content="Starting VHDL simulation." resolution=""/>
	<Message severity="INFO" prefix="[COSIM 212-15]" key="COSIM_TCL_15_1085" tag="" content="Starting XSIM ..." resolution=""/>
	<Message severity="INFO" prefix="[COSIM 212-316]" key="COSIM_TCL_316_1188" tag="" content="Starting C post checking ..." resolution=""/>
	<Message severity="INFO" prefix="[COSIM 212-1000]" key="COSIM_TCL_1000_1070" tag="" content="*** C/RTL co-simulation finished: PASS ***" resolution=""/>
	<Message severity="INFO" prefix="[HLS 200-111]" key="HLS_111_966" tag="RUNTIME" content="Finished Command cosim_design CPU user time: 0 seconds. CPU system time: 1 seconds. Elapsed time: 31.636 seconds; current allocated memory: 13.438 MB." resolution=""/>
</Messages>
