<InterfaceSummary>
<RtlPorts>
<name>gmem0</name>
<CType>
<TypeName></TypeName>
<TypeWidth>0</TypeWidth>
<PhysicalWidth>32</PhysicalWidth>
</CType>
<CFractionWidth>0</CFractionWidth>
<InvalidType>0</InvalidType>
</RtlPorts>
<RtlPorts>
<name>gmem1</name>
<CType>
<TypeName></TypeName>
<TypeWidth>0</TypeWidth>
<PhysicalWidth>32</PhysicalWidth>
</CType>
<CFractionWidth>0</CFractionWidth>
<InvalidType>0</InvalidType>
</RtlPorts>
<RtlPorts>
<name>gmem2</name>
<CType>
<TypeName></TypeName>
<TypeWidth>0</TypeWidth>
<PhysicalWidth>32</PhysicalWidth>
</CType>
<CFractionWidth>0</CFractionWidth>
<InvalidType>0</InvalidType>
</RtlPorts>
<RtlPorts>
<name>gmem3</name>
<CType>
<TypeName></TypeName>
<TypeWidth>0</TypeWidth>
<PhysicalWidth>32</PhysicalWidth>
</CType>
<CFractionWidth>0</CFractionWidth>
<InvalidType>0</InvalidType>
</RtlPorts>
</InterfaceSummary>

