<stg><name>ALU_sys_HDL</name>


<trans_list>

<trans id="37" from="1" to="2">
<condition id="-1">
<or_exp><and_exp></and_exp></or_exp>
</condition>
</trans>
</trans_list>



<state_list>

<state id="1" st_id="1">

<operation id="3" st_id="1" stage="1" lat="1">
<core>s_axilite</core>
<MemPortIdVec></MemPortIdVec>
<condition id="-1">
<or_exp><and_exp></and_exp></or_exp>
</condition>

<Node id="41" bw="32" op_0_bw="32" op_1_bw="32">
<![CDATA[
entry:26 %selec_read = read i32 @_ssdm_op_Read.s_axilite.i32, i32 %selec

]]></Node>
<StgValue><ssdm name="selec_read"/></StgValue>
</operation>

<operation id="4" st_id="1" stage="1" lat="1">
<core>s_axilite</core>
<MemPortIdVec></MemPortIdVec>
<condition id="-1">
<or_exp><and_exp></and_exp></or_exp>
</condition>

<Node id="42" bw="64" op_0_bw="64" op_1_bw="64">
<![CDATA[
entry:27 %op_read = read i64 @_ssdm_op_Read.s_axilite.i64, i64 %op

]]></Node>
<StgValue><ssdm name="op_read"/></StgValue>
</operation>

<operation id="5" st_id="1" stage="1" lat="1">
<core>s_axilite</core>
<MemPortIdVec></MemPortIdVec>
<condition id="-1">
<or_exp><and_exp></and_exp></or_exp>
</condition>

<Node id="43" bw="64" op_0_bw="64" op_1_bw="64">
<![CDATA[
entry:28 %c_read = read i64 @_ssdm_op_Read.s_axilite.i64, i64 %c

]]></Node>
<StgValue><ssdm name="c_read"/></StgValue>
</operation>

<operation id="6" st_id="1" stage="1" lat="1">
<core>s_axilite</core>
<MemPortIdVec></MemPortIdVec>
<condition id="-1">
<or_exp><and_exp></and_exp></or_exp>
</condition>

<Node id="44" bw="64" op_0_bw="64" op_1_bw="64">
<![CDATA[
entry:29 %b_read = read i64 @_ssdm_op_Read.s_axilite.i64, i64 %b

]]></Node>
<StgValue><ssdm name="b_read"/></StgValue>
</operation>

<operation id="7" st_id="1" stage="1" lat="1">
<core>s_axilite</core>
<MemPortIdVec></MemPortIdVec>
<condition id="-1">
<or_exp><and_exp></and_exp></or_exp>
</condition>

<Node id="45" bw="64" op_0_bw="64" op_1_bw="64">
<![CDATA[
entry:30 %a_read = read i64 @_ssdm_op_Read.s_axilite.i64, i64 %a

]]></Node>
<StgValue><ssdm name="a_read"/></StgValue>
</operation>

<operation id="8" st_id="1" stage="2" lat="2">
<core></core>
<MemPortIdVec></MemPortIdVec>
<condition id="-1">
<or_exp><and_exp></and_exp></or_exp>
</condition>

<Node id="46" bw="0" op_0_bw="0" op_1_bw="32" op_2_bw="32" op_3_bw="64" op_4_bw="32" op_5_bw="64" op_6_bw="32" op_7_bw="64" op_8_bw="32" op_9_bw="64" op_10_bw="32" op_11_bw="32" op_12_bw="32" op_13_bw="32" op_14_bw="32">
<![CDATA[
entry:31 %call_ln191 = call void @Block_entry1_proc, i32 %selec_read, i32 %gmem3, i64 %op_read, i32 %gmem0, i64 %a_read, i32 %gmem1, i64 %b_read, i32 %gmem2, i64 %c_read, i32 %data_a, i32 %data_b, i32 %ALU_operation, i32 %ALU_operation_MEM, i32 %data_result

]]></Node>
<StgValue><ssdm name="call_ln191"/></StgValue>
</operation>
</state>

<state id="2" st_id="2">

<operation id="9" st_id="2" stage="1" lat="1">
<core>NULL</core>
<MemPortIdVec></MemPortIdVec>
<condition id="-1">
<or_exp><and_exp></and_exp></or_exp>
</condition>

<Node id="15" bw="0" op_0_bw="0" op_1_bw="32" op_2_bw="32" op_3_bw="0">
<![CDATA[
entry:0 %specdataflowpipeline_ln225 = specdataflowpipeline void @_ssdm_op_SpecDataflowPipeline, i32 4294967295, i32 0, void @empty_20

]]></Node>
<StgValue><ssdm name="specdataflowpipeline_ln225"/></StgValue>
</operation>

<operation id="10" st_id="2" stage="1" lat="1">
<core>NULL</core>
<MemPortIdVec></MemPortIdVec>
<condition id="-1">
<or_exp><and_exp></and_exp></or_exp>
</condition>

<Node id="16" bw="0" op_0_bw="0" op_1_bw="0">
<![CDATA[
entry:1 %spectopmodule_ln191 = spectopmodule void @_ssdm_op_SpecTopModule, void @empty_15

]]></Node>
<StgValue><ssdm name="spectopmodule_ln191"/></StgValue>
</operation>

<operation id="11" st_id="2" stage="1" lat="1">
<core>NULL</core>
<MemPortIdVec></MemPortIdVec>
<condition id="-1">
<or_exp><and_exp></and_exp></or_exp>
</condition>

<Node id="17" bw="0" op_0_bw="0" op_1_bw="32" op_2_bw="0" op_3_bw="32" op_4_bw="32" op_5_bw="0" op_6_bw="32" op_7_bw="32" op_8_bw="0" op_9_bw="0" op_10_bw="0" op_11_bw="32" op_12_bw="32" op_13_bw="32" op_14_bw="32" op_15_bw="0" op_16_bw="0" op_17_bw="32" op_18_bw="32">
<![CDATA[
entry:2 %specinterface_ln0 = specinterface void @_ssdm_op_SpecInterface, i32 %gmem0, void @empty_19, i32 0, i32 0, void @empty_20, i32 0, i32 400, void @empty_21, void @empty_22, void @empty_20, i32 16, i32 16, i32 16, i32 16, void @empty_20, void @empty_20, i32 4294967295, i32 0

]]></Node>
<StgValue><ssdm name="specinterface_ln0"/></StgValue>
</operation>

<operation id="12" st_id="2" stage="1" lat="1">
<core>NULL</core>
<MemPortIdVec></MemPortIdVec>
<condition id="-1">
<or_exp><and_exp></and_exp></or_exp>
</condition>

<Node id="18" bw="0" op_0_bw="0" op_1_bw="32">
<![CDATA[
entry:3 %specbitsmap_ln0 = specbitsmap void @_ssdm_op_SpecBitsMap, i32 %gmem0

]]></Node>
<StgValue><ssdm name="specbitsmap_ln0"/></StgValue>
</operation>

<operation id="13" st_id="2" stage="1" lat="1">
<core>NULL</core>
<MemPortIdVec></MemPortIdVec>
<condition id="-1">
<or_exp><and_exp></and_exp></or_exp>
</condition>

<Node id="19" bw="0" op_0_bw="0" op_1_bw="32" op_2_bw="0" op_3_bw="32" op_4_bw="32" op_5_bw="0" op_6_bw="32" op_7_bw="32" op_8_bw="0" op_9_bw="0" op_10_bw="0" op_11_bw="32" op_12_bw="32" op_13_bw="32" op_14_bw="32" op_15_bw="0" op_16_bw="0" op_17_bw="32" op_18_bw="32">
<![CDATA[
entry:4 %specinterface_ln0 = specinterface void @_ssdm_op_SpecInterface, i32 %gmem1, void @empty_19, i32 0, i32 0, void @empty_20, i32 0, i32 400, void @empty_23, void @empty_22, void @empty_20, i32 16, i32 16, i32 16, i32 16, void @empty_20, void @empty_20, i32 4294967295, i32 0

]]></Node>
<StgValue><ssdm name="specinterface_ln0"/></StgValue>
</operation>

<operation id="14" st_id="2" stage="1" lat="1">
<core>NULL</core>
<MemPortIdVec></MemPortIdVec>
<condition id="-1">
<or_exp><and_exp></and_exp></or_exp>
</condition>

<Node id="20" bw="0" op_0_bw="0" op_1_bw="32">
<![CDATA[
entry:5 %specbitsmap_ln0 = specbitsmap void @_ssdm_op_SpecBitsMap, i32 %gmem1

]]></Node>
<StgValue><ssdm name="specbitsmap_ln0"/></StgValue>
</operation>

<operation id="15" st_id="2" stage="1" lat="1">
<core>NULL</core>
<MemPortIdVec></MemPortIdVec>
<condition id="-1">
<or_exp><and_exp></and_exp></or_exp>
</condition>

<Node id="21" bw="0" op_0_bw="0" op_1_bw="32" op_2_bw="0" op_3_bw="32" op_4_bw="32" op_5_bw="0" op_6_bw="32" op_7_bw="32" op_8_bw="0" op_9_bw="0" op_10_bw="0" op_11_bw="32" op_12_bw="32" op_13_bw="32" op_14_bw="32" op_15_bw="0" op_16_bw="0" op_17_bw="32" op_18_bw="32">
<![CDATA[
entry:6 %specinterface_ln0 = specinterface void @_ssdm_op_SpecInterface, i32 %gmem2, void @empty_19, i32 0, i32 0, void @empty_20, i32 0, i32 400, void @empty_24, void @empty_22, void @empty_20, i32 16, i32 16, i32 16, i32 16, void @empty_20, void @empty_20, i32 4294967295, i32 0

]]></Node>
<StgValue><ssdm name="specinterface_ln0"/></StgValue>
</operation>

<operation id="16" st_id="2" stage="1" lat="1">
<core>NULL</core>
<MemPortIdVec></MemPortIdVec>
<condition id="-1">
<or_exp><and_exp></and_exp></or_exp>
</condition>

<Node id="22" bw="0" op_0_bw="0" op_1_bw="32">
<![CDATA[
entry:7 %specbitsmap_ln0 = specbitsmap void @_ssdm_op_SpecBitsMap, i32 %gmem2

]]></Node>
<StgValue><ssdm name="specbitsmap_ln0"/></StgValue>
</operation>

<operation id="17" st_id="2" stage="1" lat="1">
<core>NULL</core>
<MemPortIdVec></MemPortIdVec>
<condition id="-1">
<or_exp><and_exp></and_exp></or_exp>
</condition>

<Node id="23" bw="0" op_0_bw="0" op_1_bw="32" op_2_bw="0" op_3_bw="32" op_4_bw="32" op_5_bw="0" op_6_bw="32" op_7_bw="32" op_8_bw="0" op_9_bw="0" op_10_bw="0" op_11_bw="32" op_12_bw="32" op_13_bw="32" op_14_bw="32" op_15_bw="0" op_16_bw="0" op_17_bw="32" op_18_bw="32">
<![CDATA[
entry:8 %specinterface_ln0 = specinterface void @_ssdm_op_SpecInterface, i32 %gmem3, void @empty_19, i32 0, i32 0, void @empty_20, i32 0, i32 400, void @empty_25, void @empty_22, void @empty_20, i32 16, i32 16, i32 16, i32 16, void @empty_20, void @empty_20, i32 4294967295, i32 0

]]></Node>
<StgValue><ssdm name="specinterface_ln0"/></StgValue>
</operation>

<operation id="18" st_id="2" stage="1" lat="1">
<core>NULL</core>
<MemPortIdVec></MemPortIdVec>
<condition id="-1">
<or_exp><and_exp></and_exp></or_exp>
</condition>

<Node id="24" bw="0" op_0_bw="0" op_1_bw="32">
<![CDATA[
entry:9 %specbitsmap_ln0 = specbitsmap void @_ssdm_op_SpecBitsMap, i32 %gmem3

]]></Node>
<StgValue><ssdm name="specbitsmap_ln0"/></StgValue>
</operation>

<operation id="19" st_id="2" stage="1" lat="1">
<core>NULL</core>
<MemPortIdVec></MemPortIdVec>
<condition id="-1">
<or_exp><and_exp></and_exp></or_exp>
</condition>

<Node id="25" bw="0" op_0_bw="0" op_1_bw="64" op_2_bw="0" op_3_bw="32" op_4_bw="32" op_5_bw="0" op_6_bw="32" op_7_bw="32" op_8_bw="0" op_9_bw="0" op_10_bw="0" op_11_bw="32" op_12_bw="32" op_13_bw="32" op_14_bw="32" op_15_bw="0" op_16_bw="0" op_17_bw="32" op_18_bw="32">
<![CDATA[
entry:10 %specinterface_ln0 = specinterface void @_ssdm_op_SpecInterface, i64 %a, void @empty, i32 0, i32 0, void @empty_20, i32 0, i32 0, void @empty_0, void @empty_1, void @empty_20, i32 0, i32 0, i32 0, i32 0, void @empty_20, void @empty_2, i32 4294967295, i32 0

]]></Node>
<StgValue><ssdm name="specinterface_ln0"/></StgValue>
</operation>

<operation id="20" st_id="2" stage="1" lat="1">
<core>NULL</core>
<MemPortIdVec></MemPortIdVec>
<condition id="-1">
<or_exp><and_exp></and_exp></or_exp>
</condition>

<Node id="26" bw="0" op_0_bw="0" op_1_bw="64" op_2_bw="0" op_3_bw="32" op_4_bw="32" op_5_bw="0" op_6_bw="32" op_7_bw="32" op_8_bw="0" op_9_bw="0" op_10_bw="0" op_11_bw="32" op_12_bw="32" op_13_bw="32" op_14_bw="32" op_15_bw="0" op_16_bw="0" op_17_bw="32" op_18_bw="32">
<![CDATA[
entry:11 %specinterface_ln0 = specinterface void @_ssdm_op_SpecInterface, i64 %a, void @empty_3, i32 0, i32 0, void @empty_20, i32 0, i32 0, void @empty_20, void @empty_20, void @empty_20, i32 0, i32 0, i32 0, i32 0, void @empty_20, void @empty_2, i32 4294967295, i32 0

]]></Node>
<StgValue><ssdm name="specinterface_ln0"/></StgValue>
</operation>

<operation id="21" st_id="2" stage="1" lat="1">
<core>NULL</core>
<MemPortIdVec></MemPortIdVec>
<condition id="-1">
<or_exp><and_exp></and_exp></or_exp>
</condition>

<Node id="27" bw="0" op_0_bw="0" op_1_bw="64" op_2_bw="0" op_3_bw="32" op_4_bw="32" op_5_bw="0" op_6_bw="32" op_7_bw="32" op_8_bw="0" op_9_bw="0" op_10_bw="0" op_11_bw="32" op_12_bw="32" op_13_bw="32" op_14_bw="32" op_15_bw="0" op_16_bw="0" op_17_bw="32" op_18_bw="32">
<![CDATA[
entry:12 %specinterface_ln0 = specinterface void @_ssdm_op_SpecInterface, i64 %b, void @empty, i32 0, i32 0, void @empty_20, i32 0, i32 0, void @empty_0, void @empty_4, void @empty_20, i32 0, i32 0, i32 0, i32 0, void @empty_20, void @empty_2, i32 4294967295, i32 0

]]></Node>
<StgValue><ssdm name="specinterface_ln0"/></StgValue>
</operation>

<operation id="22" st_id="2" stage="1" lat="1">
<core>NULL</core>
<MemPortIdVec></MemPortIdVec>
<condition id="-1">
<or_exp><and_exp></and_exp></or_exp>
</condition>

<Node id="28" bw="0" op_0_bw="0" op_1_bw="64" op_2_bw="0" op_3_bw="32" op_4_bw="32" op_5_bw="0" op_6_bw="32" op_7_bw="32" op_8_bw="0" op_9_bw="0" op_10_bw="0" op_11_bw="32" op_12_bw="32" op_13_bw="32" op_14_bw="32" op_15_bw="0" op_16_bw="0" op_17_bw="32" op_18_bw="32">
<![CDATA[
entry:13 %specinterface_ln0 = specinterface void @_ssdm_op_SpecInterface, i64 %b, void @empty_3, i32 0, i32 0, void @empty_20, i32 0, i32 0, void @empty_20, void @empty_20, void @empty_20, i32 0, i32 0, i32 0, i32 0, void @empty_20, void @empty_2, i32 4294967295, i32 0

]]></Node>
<StgValue><ssdm name="specinterface_ln0"/></StgValue>
</operation>

<operation id="23" st_id="2" stage="1" lat="1">
<core>NULL</core>
<MemPortIdVec></MemPortIdVec>
<condition id="-1">
<or_exp><and_exp></and_exp></or_exp>
</condition>

<Node id="29" bw="0" op_0_bw="0" op_1_bw="64" op_2_bw="0" op_3_bw="32" op_4_bw="32" op_5_bw="0" op_6_bw="32" op_7_bw="32" op_8_bw="0" op_9_bw="0" op_10_bw="0" op_11_bw="32" op_12_bw="32" op_13_bw="32" op_14_bw="32" op_15_bw="0" op_16_bw="0" op_17_bw="32" op_18_bw="32">
<![CDATA[
entry:14 %specinterface_ln0 = specinterface void @_ssdm_op_SpecInterface, i64 %c, void @empty, i32 0, i32 0, void @empty_20, i32 0, i32 0, void @empty_0, void @empty_5, void @empty_20, i32 0, i32 0, i32 0, i32 0, void @empty_20, void @empty_2, i32 4294967295, i32 0

]]></Node>
<StgValue><ssdm name="specinterface_ln0"/></StgValue>
</operation>

<operation id="24" st_id="2" stage="1" lat="1">
<core>NULL</core>
<MemPortIdVec></MemPortIdVec>
<condition id="-1">
<or_exp><and_exp></and_exp></or_exp>
</condition>

<Node id="30" bw="0" op_0_bw="0" op_1_bw="64" op_2_bw="0" op_3_bw="32" op_4_bw="32" op_5_bw="0" op_6_bw="32" op_7_bw="32" op_8_bw="0" op_9_bw="0" op_10_bw="0" op_11_bw="32" op_12_bw="32" op_13_bw="32" op_14_bw="32" op_15_bw="0" op_16_bw="0" op_17_bw="32" op_18_bw="32">
<![CDATA[
entry:15 %specinterface_ln0 = specinterface void @_ssdm_op_SpecInterface, i64 %c, void @empty_3, i32 0, i32 0, void @empty_20, i32 0, i32 0, void @empty_20, void @empty_20, void @empty_20, i32 0, i32 0, i32 0, i32 0, void @empty_20, void @empty_2, i32 4294967295, i32 0

]]></Node>
<StgValue><ssdm name="specinterface_ln0"/></StgValue>
</operation>

<operation id="25" st_id="2" stage="1" lat="1">
<core>NULL</core>
<MemPortIdVec></MemPortIdVec>
<condition id="-1">
<or_exp><and_exp></and_exp></or_exp>
</condition>

<Node id="31" bw="0" op_0_bw="0" op_1_bw="64" op_2_bw="0" op_3_bw="32" op_4_bw="32" op_5_bw="0" op_6_bw="32" op_7_bw="32" op_8_bw="0" op_9_bw="0" op_10_bw="0" op_11_bw="32" op_12_bw="32" op_13_bw="32" op_14_bw="32" op_15_bw="0" op_16_bw="0" op_17_bw="32" op_18_bw="32">
<![CDATA[
entry:16 %specinterface_ln0 = specinterface void @_ssdm_op_SpecInterface, i64 %op, void @empty, i32 0, i32 0, void @empty_20, i32 0, i32 0, void @empty_0, void @empty_26, void @empty_20, i32 0, i32 0, i32 0, i32 0, void @empty_20, void @empty_2, i32 4294967295, i32 0

]]></Node>
<StgValue><ssdm name="specinterface_ln0"/></StgValue>
</operation>

<operation id="26" st_id="2" stage="1" lat="1">
<core>NULL</core>
<MemPortIdVec></MemPortIdVec>
<condition id="-1">
<or_exp><and_exp></and_exp></or_exp>
</condition>

<Node id="32" bw="0" op_0_bw="0" op_1_bw="64" op_2_bw="0" op_3_bw="32" op_4_bw="32" op_5_bw="0" op_6_bw="32" op_7_bw="32" op_8_bw="0" op_9_bw="0" op_10_bw="0" op_11_bw="32" op_12_bw="32" op_13_bw="32" op_14_bw="32" op_15_bw="0" op_16_bw="0" op_17_bw="32" op_18_bw="32">
<![CDATA[
entry:17 %specinterface_ln0 = specinterface void @_ssdm_op_SpecInterface, i64 %op, void @empty_3, i32 0, i32 0, void @empty_20, i32 0, i32 0, void @empty_20, void @empty_20, void @empty_20, i32 0, i32 0, i32 0, i32 0, void @empty_20, void @empty_2, i32 4294967295, i32 0

]]></Node>
<StgValue><ssdm name="specinterface_ln0"/></StgValue>
</operation>

<operation id="27" st_id="2" stage="1" lat="1">
<core>NULL</core>
<MemPortIdVec></MemPortIdVec>
<condition id="-1">
<or_exp><and_exp></and_exp></or_exp>
</condition>

<Node id="33" bw="0" op_0_bw="0" op_1_bw="32">
<![CDATA[
entry:18 %specbitsmap_ln0 = specbitsmap void @_ssdm_op_SpecBitsMap, i32 %selec

]]></Node>
<StgValue><ssdm name="specbitsmap_ln0"/></StgValue>
</operation>

<operation id="28" st_id="2" stage="1" lat="1">
<core>NULL</core>
<MemPortIdVec></MemPortIdVec>
<condition id="-1">
<or_exp><and_exp></and_exp></or_exp>
</condition>

<Node id="34" bw="0" op_0_bw="0" op_1_bw="32" op_2_bw="0" op_3_bw="32" op_4_bw="32" op_5_bw="0" op_6_bw="32" op_7_bw="32" op_8_bw="0" op_9_bw="0" op_10_bw="0" op_11_bw="32" op_12_bw="32" op_13_bw="32" op_14_bw="32" op_15_bw="0" op_16_bw="0" op_17_bw="32" op_18_bw="32">
<![CDATA[
entry:19 %specinterface_ln0 = specinterface void @_ssdm_op_SpecInterface, i32 %selec, void @empty, i32 0, i32 0, void @empty_20, i32 0, i32 0, void @empty_0, void @empty_6, void @empty_20, i32 0, i32 0, i32 0, i32 0, void @empty_20, void @empty_20, i32 4294967295, i32 0

]]></Node>
<StgValue><ssdm name="specinterface_ln0"/></StgValue>
</operation>

<operation id="29" st_id="2" stage="1" lat="1">
<core>NULL</core>
<MemPortIdVec></MemPortIdVec>
<condition id="-1">
<or_exp><and_exp></and_exp></or_exp>
</condition>

<Node id="35" bw="0" op_0_bw="0" op_1_bw="32" op_2_bw="0" op_3_bw="32" op_4_bw="32" op_5_bw="0" op_6_bw="32" op_7_bw="32" op_8_bw="0" op_9_bw="0" op_10_bw="0" op_11_bw="32" op_12_bw="32" op_13_bw="32" op_14_bw="32" op_15_bw="0" op_16_bw="0" op_17_bw="32" op_18_bw="32">
<![CDATA[
entry:20 %specinterface_ln0 = specinterface void @_ssdm_op_SpecInterface, i32 %selec, void @empty_3, i32 0, i32 0, void @empty_20, i32 0, i32 0, void @empty_20, void @empty_20, void @empty_20, i32 0, i32 0, i32 0, i32 0, void @empty_20, void @empty_20, i32 4294967295, i32 0

]]></Node>
<StgValue><ssdm name="specinterface_ln0"/></StgValue>
</operation>

<operation id="30" st_id="2" stage="1" lat="1">
<core>NULL</core>
<MemPortIdVec></MemPortIdVec>
<condition id="-1">
<or_exp><and_exp></and_exp></or_exp>
</condition>

<Node id="36" bw="0" op_0_bw="0" op_1_bw="32" op_2_bw="0" op_3_bw="32" op_4_bw="32" op_5_bw="0" op_6_bw="32" op_7_bw="32" op_8_bw="0" op_9_bw="0" op_10_bw="0" op_11_bw="32" op_12_bw="32" op_13_bw="32" op_14_bw="32" op_15_bw="0" op_16_bw="0" op_17_bw="32" op_18_bw="32">
<![CDATA[
entry:21 %specinterface_ln0 = specinterface void @_ssdm_op_SpecInterface, i32 0, void @empty, i32 0, i32 0, void @empty_20, i32 0, i32 0, void @empty_0, void @empty_20, void @empty_20, i32 0, i32 0, i32 0, i32 0, void @empty_20, void @empty_20, i32 4294967295, i32 0

]]></Node>
<StgValue><ssdm name="specinterface_ln0"/></StgValue>
</operation>

<operation id="31" st_id="2" stage="1" lat="1">
<core>NULL</core>
<MemPortIdVec></MemPortIdVec>
<condition id="-1">
<or_exp><and_exp></and_exp></or_exp>
</condition>

<Node id="37" bw="0" op_0_bw="0" op_1_bw="32" op_2_bw="0" op_3_bw="32" op_4_bw="32" op_5_bw="0" op_6_bw="32" op_7_bw="32" op_8_bw="0" op_9_bw="0" op_10_bw="0" op_11_bw="32" op_12_bw="32" op_13_bw="32" op_14_bw="32" op_15_bw="0" op_16_bw="0" op_17_bw="32" op_18_bw="32">
<![CDATA[
entry:22 %specinterface_ln0 = specinterface void @_ssdm_op_SpecInterface, i32 %ALU_operation, void @empty_16, i32 0, i32 0, void @empty_20, i32 0, i32 0, void @empty_20, void @empty_20, void @empty_20, i32 0, i32 0, i32 0, i32 0, void @empty_20, void @empty_20, i32 4294967295, i32 0

]]></Node>
<StgValue><ssdm name="specinterface_ln0"/></StgValue>
</operation>

<operation id="32" st_id="2" stage="1" lat="1">
<core>NULL</core>
<MemPortIdVec></MemPortIdVec>
<condition id="-1">
<or_exp><and_exp></and_exp></or_exp>
</condition>

<Node id="38" bw="0" op_0_bw="0" op_1_bw="32" op_2_bw="0" op_3_bw="32" op_4_bw="32" op_5_bw="0" op_6_bw="32" op_7_bw="32" op_8_bw="0" op_9_bw="0" op_10_bw="0" op_11_bw="32" op_12_bw="32" op_13_bw="32" op_14_bw="32" op_15_bw="0" op_16_bw="0" op_17_bw="32" op_18_bw="32">
<![CDATA[
entry:23 %specinterface_ln0 = specinterface void @_ssdm_op_SpecInterface, i32 %data_a, void @empty_16, i32 0, i32 0, void @empty_20, i32 0, i32 0, void @empty_20, void @empty_20, void @empty_20, i32 0, i32 0, i32 0, i32 0, void @empty_20, void @empty_20, i32 4294967295, i32 0

]]></Node>
<StgValue><ssdm name="specinterface_ln0"/></StgValue>
</operation>

<operation id="33" st_id="2" stage="1" lat="1">
<core>NULL</core>
<MemPortIdVec></MemPortIdVec>
<condition id="-1">
<or_exp><and_exp></and_exp></or_exp>
</condition>

<Node id="39" bw="0" op_0_bw="0" op_1_bw="32" op_2_bw="0" op_3_bw="32" op_4_bw="32" op_5_bw="0" op_6_bw="32" op_7_bw="32" op_8_bw="0" op_9_bw="0" op_10_bw="0" op_11_bw="32" op_12_bw="32" op_13_bw="32" op_14_bw="32" op_15_bw="0" op_16_bw="0" op_17_bw="32" op_18_bw="32">
<![CDATA[
entry:24 %specinterface_ln0 = specinterface void @_ssdm_op_SpecInterface, i32 %data_b, void @empty_16, i32 0, i32 0, void @empty_20, i32 0, i32 0, void @empty_20, void @empty_20, void @empty_20, i32 0, i32 0, i32 0, i32 0, void @empty_20, void @empty_20, i32 4294967295, i32 0

]]></Node>
<StgValue><ssdm name="specinterface_ln0"/></StgValue>
</operation>

<operation id="34" st_id="2" stage="1" lat="1">
<core>NULL</core>
<MemPortIdVec></MemPortIdVec>
<condition id="-1">
<or_exp><and_exp></and_exp></or_exp>
</condition>

<Node id="40" bw="0" op_0_bw="0" op_1_bw="32" op_2_bw="0" op_3_bw="32" op_4_bw="32" op_5_bw="0" op_6_bw="32" op_7_bw="32" op_8_bw="0" op_9_bw="0" op_10_bw="0" op_11_bw="32" op_12_bw="32" op_13_bw="32" op_14_bw="32" op_15_bw="0" op_16_bw="0" op_17_bw="32" op_18_bw="32">
<![CDATA[
entry:25 %specinterface_ln0 = specinterface void @_ssdm_op_SpecInterface, i32 %data_result, void @empty_16, i32 0, i32 0, void @empty_20, i32 0, i32 0, void @empty_20, void @empty_20, void @empty_20, i32 0, i32 0, i32 0, i32 0, void @empty_20, void @empty_20, i32 4294967295, i32 0

]]></Node>
<StgValue><ssdm name="specinterface_ln0"/></StgValue>
</operation>

<operation id="35" st_id="2" stage="1" lat="2">
<core></core>
<MemPortIdVec></MemPortIdVec>
<condition id="-1">
<or_exp><and_exp></and_exp></or_exp>
</condition>

<Node id="46" bw="0" op_0_bw="0" op_1_bw="32" op_2_bw="32" op_3_bw="64" op_4_bw="32" op_5_bw="64" op_6_bw="32" op_7_bw="64" op_8_bw="32" op_9_bw="64" op_10_bw="32" op_11_bw="32" op_12_bw="32" op_13_bw="32" op_14_bw="32">
<![CDATA[
entry:31 %call_ln191 = call void @Block_entry1_proc, i32 %selec_read, i32 %gmem3, i64 %op_read, i32 %gmem0, i64 %a_read, i32 %gmem1, i64 %b_read, i32 %gmem2, i64 %c_read, i32 %data_a, i32 %data_b, i32 %ALU_operation, i32 %ALU_operation_MEM, i32 %data_result

]]></Node>
<StgValue><ssdm name="call_ln191"/></StgValue>
</operation>

<operation id="36" st_id="2" stage="1" lat="1">
<core>NULL</core>
<MemPortIdVec></MemPortIdVec>
<condition id="-1">
<or_exp><and_exp></and_exp></or_exp>
</condition>

<Node id="47" bw="0">
<![CDATA[
entry:32 %ret_ln256 = ret

]]></Node>
<StgValue><ssdm name="ret_ln256"/></StgValue>
</operation>
</state>
</state_list>


<ports>
<port id="39" name="gmem0" dir="0" iftype="4">
<core>NULL</core><StgValue><ssdm name="gmem0"/></StgValue>
</port>
<port id="40" name="gmem1" dir="0" iftype="4">
<core>NULL</core><StgValue><ssdm name="gmem1"/></StgValue>
</port>
<port id="41" name="gmem2" dir="1" iftype="4">
<core>NULL</core><StgValue><ssdm name="gmem2"/></StgValue>
</port>
<port id="42" name="gmem3" dir="0" iftype="4">
<core>NULL</core><StgValue><ssdm name="gmem3"/></StgValue>
</port>
<port id="43" name="a" dir="0" iftype="0">
<core>NULL</core><StgValue><ssdm name="a"/></StgValue>
</port>
<port id="44" name="b" dir="0" iftype="0">
<core>NULL</core><StgValue><ssdm name="b"/></StgValue>
</port>
<port id="45" name="c" dir="0" iftype="0">
<core>NULL</core><StgValue><ssdm name="c"/></StgValue>
</port>
<port id="46" name="op" dir="0" iftype="0">
<core>NULL</core><StgValue><ssdm name="op"/></StgValue>
</port>
<port id="47" name="selec" dir="0" iftype="0">
<core>NULL</core><StgValue><ssdm name="selec"/></StgValue>
</port>
<port id="48" name="data_a" dir="2" iftype="3">
<core>NULL</core><StgValue><ssdm name="data_a"/></StgValue>
</port>
<port id="49" name="data_b" dir="2" iftype="3">
<core>NULL</core><StgValue><ssdm name="data_b"/></StgValue>
</port>
<port id="50" name="ALU_operation" dir="2" iftype="3">
<core>NULL</core><StgValue><ssdm name="ALU_operation"/></StgValue>
</port>
<port id="51" name="ALU_operation_MEM" dir="2" iftype="1">
<core>RAM</core><StgValue><ssdm name="ALU_operation_MEM"/><MemPortTyVec>2 3 </MemPortTyVec>
</StgValue>
</port>
<port id="52" name="data_result" dir="2" iftype="3">
<core>NULL</core><StgValue><ssdm name="data_result"/></StgValue>
</port>
</ports>


<dataflows>
<dataflow id="54" from="_ssdm_op_Read.s_axilite.i32" to="selec_read" fromId="53" toId="3">
</dataflow>
<dataflow id="55" from="selec" to="selec_read" fromId="47" toId="3">
</dataflow>
<dataflow id="57" from="_ssdm_op_Read.s_axilite.i64" to="op_read" fromId="56" toId="4">
</dataflow>
<dataflow id="58" from="op" to="op_read" fromId="46" toId="4">
</dataflow>
<dataflow id="59" from="_ssdm_op_Read.s_axilite.i64" to="c_read" fromId="56" toId="5">
</dataflow>
<dataflow id="60" from="c" to="c_read" fromId="45" toId="5">
</dataflow>
<dataflow id="61" from="_ssdm_op_Read.s_axilite.i64" to="b_read" fromId="56" toId="6">
</dataflow>
<dataflow id="62" from="b" to="b_read" fromId="44" toId="6">
</dataflow>
<dataflow id="63" from="_ssdm_op_Read.s_axilite.i64" to="a_read" fromId="56" toId="7">
</dataflow>
<dataflow id="64" from="a" to="a_read" fromId="43" toId="7">
</dataflow>
<dataflow id="66" from="Block_entry1_proc" to="call_ln191" fromId="65" toId="8">
</dataflow>
<dataflow id="67" from="selec_read" to="call_ln191" fromId="3" toId="8">
</dataflow>
<dataflow id="68" from="gmem3" to="call_ln191" fromId="42" toId="8">
</dataflow>
<dataflow id="69" from="op_read" to="call_ln191" fromId="4" toId="8">
</dataflow>
<dataflow id="70" from="gmem0" to="call_ln191" fromId="39" toId="8">
</dataflow>
<dataflow id="71" from="a_read" to="call_ln191" fromId="7" toId="8">
</dataflow>
<dataflow id="72" from="gmem1" to="call_ln191" fromId="40" toId="8">
</dataflow>
<dataflow id="73" from="b_read" to="call_ln191" fromId="6" toId="8">
</dataflow>
<dataflow id="74" from="gmem2" to="call_ln191" fromId="41" toId="8">
</dataflow>
<dataflow id="75" from="c_read" to="call_ln191" fromId="5" toId="8">
</dataflow>
<dataflow id="76" from="data_a" to="call_ln191" fromId="48" toId="8">
</dataflow>
<dataflow id="77" from="data_b" to="call_ln191" fromId="49" toId="8">
</dataflow>
<dataflow id="78" from="ALU_operation" to="call_ln191" fromId="50" toId="8">
</dataflow>
<dataflow id="79" from="ALU_operation_MEM" to="call_ln191" fromId="51" toId="8">
</dataflow>
<dataflow id="80" from="data_result" to="call_ln191" fromId="52" toId="8">
</dataflow>
<dataflow id="82" from="_ssdm_op_SpecDataflowPipeline" to="specdataflowpipeline_ln225" fromId="81" toId="9">
</dataflow>
<dataflow id="84" from="StgValue_83" to="specdataflowpipeline_ln225" fromId="83" toId="9">
</dataflow>
<dataflow id="86" from="StgValue_85" to="specdataflowpipeline_ln225" fromId="85" toId="9">
</dataflow>
<dataflow id="88" from="empty_20" to="specdataflowpipeline_ln225" fromId="87" toId="9">
</dataflow>
<dataflow id="90" from="_ssdm_op_SpecTopModule" to="spectopmodule_ln191" fromId="89" toId="10">
</dataflow>
<dataflow id="92" from="empty_15" to="spectopmodule_ln191" fromId="91" toId="10">
</dataflow>
<dataflow id="94" from="_ssdm_op_SpecInterface" to="specinterface_ln0" fromId="93" toId="11">
</dataflow>
<dataflow id="95" from="gmem0" to="specinterface_ln0" fromId="39" toId="11">
</dataflow>
<dataflow id="97" from="empty_19" to="specinterface_ln0" fromId="96" toId="11">
</dataflow>
<dataflow id="98" from="StgValue_85" to="specinterface_ln0" fromId="85" toId="11">
</dataflow>
<dataflow id="99" from="StgValue_85" to="specinterface_ln0" fromId="85" toId="11">
</dataflow>
<dataflow id="100" from="empty_20" to="specinterface_ln0" fromId="87" toId="11">
</dataflow>
<dataflow id="101" from="StgValue_85" to="specinterface_ln0" fromId="85" toId="11">
</dataflow>
<dataflow id="103" from="StgValue_102" to="specinterface_ln0" fromId="102" toId="11">
</dataflow>
<dataflow id="105" from="empty_21" to="specinterface_ln0" fromId="104" toId="11">
</dataflow>
<dataflow id="107" from="empty_22" to="specinterface_ln0" fromId="106" toId="11">
</dataflow>
<dataflow id="108" from="empty_20" to="specinterface_ln0" fromId="87" toId="11">
</dataflow>
<dataflow id="110" from="StgValue_109" to="specinterface_ln0" fromId="109" toId="11">
</dataflow>
<dataflow id="111" from="StgValue_109" to="specinterface_ln0" fromId="109" toId="11">
</dataflow>
<dataflow id="112" from="StgValue_109" to="specinterface_ln0" fromId="109" toId="11">
</dataflow>
<dataflow id="113" from="StgValue_109" to="specinterface_ln0" fromId="109" toId="11">
</dataflow>
<dataflow id="114" from="empty_20" to="specinterface_ln0" fromId="87" toId="11">
</dataflow>
<dataflow id="115" from="empty_20" to="specinterface_ln0" fromId="87" toId="11">
</dataflow>
<dataflow id="116" from="StgValue_83" to="specinterface_ln0" fromId="83" toId="11">
</dataflow>
<dataflow id="117" from="StgValue_85" to="specinterface_ln0" fromId="85" toId="11">
</dataflow>
<dataflow id="119" from="_ssdm_op_SpecBitsMap" to="specbitsmap_ln0" fromId="118" toId="12">
</dataflow>
<dataflow id="120" from="gmem0" to="specbitsmap_ln0" fromId="39" toId="12">
</dataflow>
<dataflow id="121" from="_ssdm_op_SpecInterface" to="specinterface_ln0" fromId="93" toId="13">
</dataflow>
<dataflow id="122" from="gmem1" to="specinterface_ln0" fromId="40" toId="13">
</dataflow>
<dataflow id="123" from="empty_19" to="specinterface_ln0" fromId="96" toId="13">
</dataflow>
<dataflow id="124" from="StgValue_85" to="specinterface_ln0" fromId="85" toId="13">
</dataflow>
<dataflow id="125" from="StgValue_85" to="specinterface_ln0" fromId="85" toId="13">
</dataflow>
<dataflow id="126" from="empty_20" to="specinterface_ln0" fromId="87" toId="13">
</dataflow>
<dataflow id="127" from="StgValue_85" to="specinterface_ln0" fromId="85" toId="13">
</dataflow>
<dataflow id="128" from="StgValue_102" to="specinterface_ln0" fromId="102" toId="13">
</dataflow>
<dataflow id="130" from="empty_23" to="specinterface_ln0" fromId="129" toId="13">
</dataflow>
<dataflow id="131" from="empty_22" to="specinterface_ln0" fromId="106" toId="13">
</dataflow>
<dataflow id="132" from="empty_20" to="specinterface_ln0" fromId="87" toId="13">
</dataflow>
<dataflow id="133" from="StgValue_109" to="specinterface_ln0" fromId="109" toId="13">
</dataflow>
<dataflow id="134" from="StgValue_109" to="specinterface_ln0" fromId="109" toId="13">
</dataflow>
<dataflow id="135" from="StgValue_109" to="specinterface_ln0" fromId="109" toId="13">
</dataflow>
<dataflow id="136" from="StgValue_109" to="specinterface_ln0" fromId="109" toId="13">
</dataflow>
<dataflow id="137" from="empty_20" to="specinterface_ln0" fromId="87" toId="13">
</dataflow>
<dataflow id="138" from="empty_20" to="specinterface_ln0" fromId="87" toId="13">
</dataflow>
<dataflow id="139" from="StgValue_83" to="specinterface_ln0" fromId="83" toId="13">
</dataflow>
<dataflow id="140" from="StgValue_85" to="specinterface_ln0" fromId="85" toId="13">
</dataflow>
<dataflow id="141" from="_ssdm_op_SpecBitsMap" to="specbitsmap_ln0" fromId="118" toId="14">
</dataflow>
<dataflow id="142" from="gmem1" to="specbitsmap_ln0" fromId="40" toId="14">
</dataflow>
<dataflow id="143" from="_ssdm_op_SpecInterface" to="specinterface_ln0" fromId="93" toId="15">
</dataflow>
<dataflow id="144" from="gmem2" to="specinterface_ln0" fromId="41" toId="15">
</dataflow>
<dataflow id="145" from="empty_19" to="specinterface_ln0" fromId="96" toId="15">
</dataflow>
<dataflow id="146" from="StgValue_85" to="specinterface_ln0" fromId="85" toId="15">
</dataflow>
<dataflow id="147" from="StgValue_85" to="specinterface_ln0" fromId="85" toId="15">
</dataflow>
<dataflow id="148" from="empty_20" to="specinterface_ln0" fromId="87" toId="15">
</dataflow>
<dataflow id="149" from="StgValue_85" to="specinterface_ln0" fromId="85" toId="15">
</dataflow>
<dataflow id="150" from="StgValue_102" to="specinterface_ln0" fromId="102" toId="15">
</dataflow>
<dataflow id="152" from="empty_24" to="specinterface_ln0" fromId="151" toId="15">
</dataflow>
<dataflow id="153" from="empty_22" to="specinterface_ln0" fromId="106" toId="15">
</dataflow>
<dataflow id="154" from="empty_20" to="specinterface_ln0" fromId="87" toId="15">
</dataflow>
<dataflow id="155" from="StgValue_109" to="specinterface_ln0" fromId="109" toId="15">
</dataflow>
<dataflow id="156" from="StgValue_109" to="specinterface_ln0" fromId="109" toId="15">
</dataflow>
<dataflow id="157" from="StgValue_109" to="specinterface_ln0" fromId="109" toId="15">
</dataflow>
<dataflow id="158" from="StgValue_109" to="specinterface_ln0" fromId="109" toId="15">
</dataflow>
<dataflow id="159" from="empty_20" to="specinterface_ln0" fromId="87" toId="15">
</dataflow>
<dataflow id="160" from="empty_20" to="specinterface_ln0" fromId="87" toId="15">
</dataflow>
<dataflow id="161" from="StgValue_83" to="specinterface_ln0" fromId="83" toId="15">
</dataflow>
<dataflow id="162" from="StgValue_85" to="specinterface_ln0" fromId="85" toId="15">
</dataflow>
<dataflow id="163" from="_ssdm_op_SpecBitsMap" to="specbitsmap_ln0" fromId="118" toId="16">
</dataflow>
<dataflow id="164" from="gmem2" to="specbitsmap_ln0" fromId="41" toId="16">
</dataflow>
<dataflow id="165" from="_ssdm_op_SpecInterface" to="specinterface_ln0" fromId="93" toId="17">
</dataflow>
<dataflow id="166" from="gmem3" to="specinterface_ln0" fromId="42" toId="17">
</dataflow>
<dataflow id="167" from="empty_19" to="specinterface_ln0" fromId="96" toId="17">
</dataflow>
<dataflow id="168" from="StgValue_85" to="specinterface_ln0" fromId="85" toId="17">
</dataflow>
<dataflow id="169" from="StgValue_85" to="specinterface_ln0" fromId="85" toId="17">
</dataflow>
<dataflow id="170" from="empty_20" to="specinterface_ln0" fromId="87" toId="17">
</dataflow>
<dataflow id="171" from="StgValue_85" to="specinterface_ln0" fromId="85" toId="17">
</dataflow>
<dataflow id="172" from="StgValue_102" to="specinterface_ln0" fromId="102" toId="17">
</dataflow>
<dataflow id="174" from="empty_25" to="specinterface_ln0" fromId="173" toId="17">
</dataflow>
<dataflow id="175" from="empty_22" to="specinterface_ln0" fromId="106" toId="17">
</dataflow>
<dataflow id="176" from="empty_20" to="specinterface_ln0" fromId="87" toId="17">
</dataflow>
<dataflow id="177" from="StgValue_109" to="specinterface_ln0" fromId="109" toId="17">
</dataflow>
<dataflow id="178" from="StgValue_109" to="specinterface_ln0" fromId="109" toId="17">
</dataflow>
<dataflow id="179" from="StgValue_109" to="specinterface_ln0" fromId="109" toId="17">
</dataflow>
<dataflow id="180" from="StgValue_109" to="specinterface_ln0" fromId="109" toId="17">
</dataflow>
<dataflow id="181" from="empty_20" to="specinterface_ln0" fromId="87" toId="17">
</dataflow>
<dataflow id="182" from="empty_20" to="specinterface_ln0" fromId="87" toId="17">
</dataflow>
<dataflow id="183" from="StgValue_83" to="specinterface_ln0" fromId="83" toId="17">
</dataflow>
<dataflow id="184" from="StgValue_85" to="specinterface_ln0" fromId="85" toId="17">
</dataflow>
<dataflow id="185" from="_ssdm_op_SpecBitsMap" to="specbitsmap_ln0" fromId="118" toId="18">
</dataflow>
<dataflow id="186" from="gmem3" to="specbitsmap_ln0" fromId="42" toId="18">
</dataflow>
<dataflow id="187" from="_ssdm_op_SpecInterface" to="specinterface_ln0" fromId="93" toId="19">
</dataflow>
<dataflow id="188" from="a" to="specinterface_ln0" fromId="43" toId="19">
</dataflow>
<dataflow id="190" from="empty" to="specinterface_ln0" fromId="189" toId="19">
</dataflow>
<dataflow id="191" from="StgValue_85" to="specinterface_ln0" fromId="85" toId="19">
</dataflow>
<dataflow id="192" from="StgValue_85" to="specinterface_ln0" fromId="85" toId="19">
</dataflow>
<dataflow id="193" from="empty_20" to="specinterface_ln0" fromId="87" toId="19">
</dataflow>
<dataflow id="194" from="StgValue_85" to="specinterface_ln0" fromId="85" toId="19">
</dataflow>
<dataflow id="195" from="StgValue_85" to="specinterface_ln0" fromId="85" toId="19">
</dataflow>
<dataflow id="197" from="empty_0" to="specinterface_ln0" fromId="196" toId="19">
</dataflow>
<dataflow id="199" from="empty_1" to="specinterface_ln0" fromId="198" toId="19">
</dataflow>
<dataflow id="200" from="empty_20" to="specinterface_ln0" fromId="87" toId="19">
</dataflow>
<dataflow id="201" from="StgValue_85" to="specinterface_ln0" fromId="85" toId="19">
</dataflow>
<dataflow id="202" from="StgValue_85" to="specinterface_ln0" fromId="85" toId="19">
</dataflow>
<dataflow id="203" from="StgValue_85" to="specinterface_ln0" fromId="85" toId="19">
</dataflow>
<dataflow id="204" from="StgValue_85" to="specinterface_ln0" fromId="85" toId="19">
</dataflow>
<dataflow id="205" from="empty_20" to="specinterface_ln0" fromId="87" toId="19">
</dataflow>
<dataflow id="207" from="empty_2" to="specinterface_ln0" fromId="206" toId="19">
</dataflow>
<dataflow id="208" from="StgValue_83" to="specinterface_ln0" fromId="83" toId="19">
</dataflow>
<dataflow id="209" from="StgValue_85" to="specinterface_ln0" fromId="85" toId="19">
</dataflow>
<dataflow id="210" from="_ssdm_op_SpecInterface" to="specinterface_ln0" fromId="93" toId="20">
</dataflow>
<dataflow id="211" from="a" to="specinterface_ln0" fromId="43" toId="20">
</dataflow>
<dataflow id="213" from="empty_3" to="specinterface_ln0" fromId="212" toId="20">
</dataflow>
<dataflow id="214" from="StgValue_85" to="specinterface_ln0" fromId="85" toId="20">
</dataflow>
<dataflow id="215" from="StgValue_85" to="specinterface_ln0" fromId="85" toId="20">
</dataflow>
<dataflow id="216" from="empty_20" to="specinterface_ln0" fromId="87" toId="20">
</dataflow>
<dataflow id="217" from="StgValue_85" to="specinterface_ln0" fromId="85" toId="20">
</dataflow>
<dataflow id="218" from="StgValue_85" to="specinterface_ln0" fromId="85" toId="20">
</dataflow>
<dataflow id="219" from="empty_20" to="specinterface_ln0" fromId="87" toId="20">
</dataflow>
<dataflow id="220" from="empty_20" to="specinterface_ln0" fromId="87" toId="20">
</dataflow>
<dataflow id="221" from="empty_20" to="specinterface_ln0" fromId="87" toId="20">
</dataflow>
<dataflow id="222" from="StgValue_85" to="specinterface_ln0" fromId="85" toId="20">
</dataflow>
<dataflow id="223" from="StgValue_85" to="specinterface_ln0" fromId="85" toId="20">
</dataflow>
<dataflow id="224" from="StgValue_85" to="specinterface_ln0" fromId="85" toId="20">
</dataflow>
<dataflow id="225" from="StgValue_85" to="specinterface_ln0" fromId="85" toId="20">
</dataflow>
<dataflow id="226" from="empty_20" to="specinterface_ln0" fromId="87" toId="20">
</dataflow>
<dataflow id="227" from="empty_2" to="specinterface_ln0" fromId="206" toId="20">
</dataflow>
<dataflow id="228" from="StgValue_83" to="specinterface_ln0" fromId="83" toId="20">
</dataflow>
<dataflow id="229" from="StgValue_85" to="specinterface_ln0" fromId="85" toId="20">
</dataflow>
<dataflow id="230" from="_ssdm_op_SpecInterface" to="specinterface_ln0" fromId="93" toId="21">
</dataflow>
<dataflow id="231" from="b" to="specinterface_ln0" fromId="44" toId="21">
</dataflow>
<dataflow id="232" from="empty" to="specinterface_ln0" fromId="189" toId="21">
</dataflow>
<dataflow id="233" from="StgValue_85" to="specinterface_ln0" fromId="85" toId="21">
</dataflow>
<dataflow id="234" from="StgValue_85" to="specinterface_ln0" fromId="85" toId="21">
</dataflow>
<dataflow id="235" from="empty_20" to="specinterface_ln0" fromId="87" toId="21">
</dataflow>
<dataflow id="236" from="StgValue_85" to="specinterface_ln0" fromId="85" toId="21">
</dataflow>
<dataflow id="237" from="StgValue_85" to="specinterface_ln0" fromId="85" toId="21">
</dataflow>
<dataflow id="238" from="empty_0" to="specinterface_ln0" fromId="196" toId="21">
</dataflow>
<dataflow id="240" from="empty_4" to="specinterface_ln0" fromId="239" toId="21">
</dataflow>
<dataflow id="241" from="empty_20" to="specinterface_ln0" fromId="87" toId="21">
</dataflow>
<dataflow id="242" from="StgValue_85" to="specinterface_ln0" fromId="85" toId="21">
</dataflow>
<dataflow id="243" from="StgValue_85" to="specinterface_ln0" fromId="85" toId="21">
</dataflow>
<dataflow id="244" from="StgValue_85" to="specinterface_ln0" fromId="85" toId="21">
</dataflow>
<dataflow id="245" from="StgValue_85" to="specinterface_ln0" fromId="85" toId="21">
</dataflow>
<dataflow id="246" from="empty_20" to="specinterface_ln0" fromId="87" toId="21">
</dataflow>
<dataflow id="247" from="empty_2" to="specinterface_ln0" fromId="206" toId="21">
</dataflow>
<dataflow id="248" from="StgValue_83" to="specinterface_ln0" fromId="83" toId="21">
</dataflow>
<dataflow id="249" from="StgValue_85" to="specinterface_ln0" fromId="85" toId="21">
</dataflow>
<dataflow id="250" from="_ssdm_op_SpecInterface" to="specinterface_ln0" fromId="93" toId="22">
</dataflow>
<dataflow id="251" from="b" to="specinterface_ln0" fromId="44" toId="22">
</dataflow>
<dataflow id="252" from="empty_3" to="specinterface_ln0" fromId="212" toId="22">
</dataflow>
<dataflow id="253" from="StgValue_85" to="specinterface_ln0" fromId="85" toId="22">
</dataflow>
<dataflow id="254" from="StgValue_85" to="specinterface_ln0" fromId="85" toId="22">
</dataflow>
<dataflow id="255" from="empty_20" to="specinterface_ln0" fromId="87" toId="22">
</dataflow>
<dataflow id="256" from="StgValue_85" to="specinterface_ln0" fromId="85" toId="22">
</dataflow>
<dataflow id="257" from="StgValue_85" to="specinterface_ln0" fromId="85" toId="22">
</dataflow>
<dataflow id="258" from="empty_20" to="specinterface_ln0" fromId="87" toId="22">
</dataflow>
<dataflow id="259" from="empty_20" to="specinterface_ln0" fromId="87" toId="22">
</dataflow>
<dataflow id="260" from="empty_20" to="specinterface_ln0" fromId="87" toId="22">
</dataflow>
<dataflow id="261" from="StgValue_85" to="specinterface_ln0" fromId="85" toId="22">
</dataflow>
<dataflow id="262" from="StgValue_85" to="specinterface_ln0" fromId="85" toId="22">
</dataflow>
<dataflow id="263" from="StgValue_85" to="specinterface_ln0" fromId="85" toId="22">
</dataflow>
<dataflow id="264" from="StgValue_85" to="specinterface_ln0" fromId="85" toId="22">
</dataflow>
<dataflow id="265" from="empty_20" to="specinterface_ln0" fromId="87" toId="22">
</dataflow>
<dataflow id="266" from="empty_2" to="specinterface_ln0" fromId="206" toId="22">
</dataflow>
<dataflow id="267" from="StgValue_83" to="specinterface_ln0" fromId="83" toId="22">
</dataflow>
<dataflow id="268" from="StgValue_85" to="specinterface_ln0" fromId="85" toId="22">
</dataflow>
<dataflow id="269" from="_ssdm_op_SpecInterface" to="specinterface_ln0" fromId="93" toId="23">
</dataflow>
<dataflow id="270" from="c" to="specinterface_ln0" fromId="45" toId="23">
</dataflow>
<dataflow id="271" from="empty" to="specinterface_ln0" fromId="189" toId="23">
</dataflow>
<dataflow id="272" from="StgValue_85" to="specinterface_ln0" fromId="85" toId="23">
</dataflow>
<dataflow id="273" from="StgValue_85" to="specinterface_ln0" fromId="85" toId="23">
</dataflow>
<dataflow id="274" from="empty_20" to="specinterface_ln0" fromId="87" toId="23">
</dataflow>
<dataflow id="275" from="StgValue_85" to="specinterface_ln0" fromId="85" toId="23">
</dataflow>
<dataflow id="276" from="StgValue_85" to="specinterface_ln0" fromId="85" toId="23">
</dataflow>
<dataflow id="277" from="empty_0" to="specinterface_ln0" fromId="196" toId="23">
</dataflow>
<dataflow id="279" from="empty_5" to="specinterface_ln0" fromId="278" toId="23">
</dataflow>
<dataflow id="280" from="empty_20" to="specinterface_ln0" fromId="87" toId="23">
</dataflow>
<dataflow id="281" from="StgValue_85" to="specinterface_ln0" fromId="85" toId="23">
</dataflow>
<dataflow id="282" from="StgValue_85" to="specinterface_ln0" fromId="85" toId="23">
</dataflow>
<dataflow id="283" from="StgValue_85" to="specinterface_ln0" fromId="85" toId="23">
</dataflow>
<dataflow id="284" from="StgValue_85" to="specinterface_ln0" fromId="85" toId="23">
</dataflow>
<dataflow id="285" from="empty_20" to="specinterface_ln0" fromId="87" toId="23">
</dataflow>
<dataflow id="286" from="empty_2" to="specinterface_ln0" fromId="206" toId="23">
</dataflow>
<dataflow id="287" from="StgValue_83" to="specinterface_ln0" fromId="83" toId="23">
</dataflow>
<dataflow id="288" from="StgValue_85" to="specinterface_ln0" fromId="85" toId="23">
</dataflow>
<dataflow id="289" from="_ssdm_op_SpecInterface" to="specinterface_ln0" fromId="93" toId="24">
</dataflow>
<dataflow id="290" from="c" to="specinterface_ln0" fromId="45" toId="24">
</dataflow>
<dataflow id="291" from="empty_3" to="specinterface_ln0" fromId="212" toId="24">
</dataflow>
<dataflow id="292" from="StgValue_85" to="specinterface_ln0" fromId="85" toId="24">
</dataflow>
<dataflow id="293" from="StgValue_85" to="specinterface_ln0" fromId="85" toId="24">
</dataflow>
<dataflow id="294" from="empty_20" to="specinterface_ln0" fromId="87" toId="24">
</dataflow>
<dataflow id="295" from="StgValue_85" to="specinterface_ln0" fromId="85" toId="24">
</dataflow>
<dataflow id="296" from="StgValue_85" to="specinterface_ln0" fromId="85" toId="24">
</dataflow>
<dataflow id="297" from="empty_20" to="specinterface_ln0" fromId="87" toId="24">
</dataflow>
<dataflow id="298" from="empty_20" to="specinterface_ln0" fromId="87" toId="24">
</dataflow>
<dataflow id="299" from="empty_20" to="specinterface_ln0" fromId="87" toId="24">
</dataflow>
<dataflow id="300" from="StgValue_85" to="specinterface_ln0" fromId="85" toId="24">
</dataflow>
<dataflow id="301" from="StgValue_85" to="specinterface_ln0" fromId="85" toId="24">
</dataflow>
<dataflow id="302" from="StgValue_85" to="specinterface_ln0" fromId="85" toId="24">
</dataflow>
<dataflow id="303" from="StgValue_85" to="specinterface_ln0" fromId="85" toId="24">
</dataflow>
<dataflow id="304" from="empty_20" to="specinterface_ln0" fromId="87" toId="24">
</dataflow>
<dataflow id="305" from="empty_2" to="specinterface_ln0" fromId="206" toId="24">
</dataflow>
<dataflow id="306" from="StgValue_83" to="specinterface_ln0" fromId="83" toId="24">
</dataflow>
<dataflow id="307" from="StgValue_85" to="specinterface_ln0" fromId="85" toId="24">
</dataflow>
<dataflow id="308" from="_ssdm_op_SpecInterface" to="specinterface_ln0" fromId="93" toId="25">
</dataflow>
<dataflow id="309" from="op" to="specinterface_ln0" fromId="46" toId="25">
</dataflow>
<dataflow id="310" from="empty" to="specinterface_ln0" fromId="189" toId="25">
</dataflow>
<dataflow id="311" from="StgValue_85" to="specinterface_ln0" fromId="85" toId="25">
</dataflow>
<dataflow id="312" from="StgValue_85" to="specinterface_ln0" fromId="85" toId="25">
</dataflow>
<dataflow id="313" from="empty_20" to="specinterface_ln0" fromId="87" toId="25">
</dataflow>
<dataflow id="314" from="StgValue_85" to="specinterface_ln0" fromId="85" toId="25">
</dataflow>
<dataflow id="315" from="StgValue_85" to="specinterface_ln0" fromId="85" toId="25">
</dataflow>
<dataflow id="316" from="empty_0" to="specinterface_ln0" fromId="196" toId="25">
</dataflow>
<dataflow id="318" from="empty_26" to="specinterface_ln0" fromId="317" toId="25">
</dataflow>
<dataflow id="319" from="empty_20" to="specinterface_ln0" fromId="87" toId="25">
</dataflow>
<dataflow id="320" from="StgValue_85" to="specinterface_ln0" fromId="85" toId="25">
</dataflow>
<dataflow id="321" from="StgValue_85" to="specinterface_ln0" fromId="85" toId="25">
</dataflow>
<dataflow id="322" from="StgValue_85" to="specinterface_ln0" fromId="85" toId="25">
</dataflow>
<dataflow id="323" from="StgValue_85" to="specinterface_ln0" fromId="85" toId="25">
</dataflow>
<dataflow id="324" from="empty_20" to="specinterface_ln0" fromId="87" toId="25">
</dataflow>
<dataflow id="325" from="empty_2" to="specinterface_ln0" fromId="206" toId="25">
</dataflow>
<dataflow id="326" from="StgValue_83" to="specinterface_ln0" fromId="83" toId="25">
</dataflow>
<dataflow id="327" from="StgValue_85" to="specinterface_ln0" fromId="85" toId="25">
</dataflow>
<dataflow id="328" from="_ssdm_op_SpecInterface" to="specinterface_ln0" fromId="93" toId="26">
</dataflow>
<dataflow id="329" from="op" to="specinterface_ln0" fromId="46" toId="26">
</dataflow>
<dataflow id="330" from="empty_3" to="specinterface_ln0" fromId="212" toId="26">
</dataflow>
<dataflow id="331" from="StgValue_85" to="specinterface_ln0" fromId="85" toId="26">
</dataflow>
<dataflow id="332" from="StgValue_85" to="specinterface_ln0" fromId="85" toId="26">
</dataflow>
<dataflow id="333" from="empty_20" to="specinterface_ln0" fromId="87" toId="26">
</dataflow>
<dataflow id="334" from="StgValue_85" to="specinterface_ln0" fromId="85" toId="26">
</dataflow>
<dataflow id="335" from="StgValue_85" to="specinterface_ln0" fromId="85" toId="26">
</dataflow>
<dataflow id="336" from="empty_20" to="specinterface_ln0" fromId="87" toId="26">
</dataflow>
<dataflow id="337" from="empty_20" to="specinterface_ln0" fromId="87" toId="26">
</dataflow>
<dataflow id="338" from="empty_20" to="specinterface_ln0" fromId="87" toId="26">
</dataflow>
<dataflow id="339" from="StgValue_85" to="specinterface_ln0" fromId="85" toId="26">
</dataflow>
<dataflow id="340" from="StgValue_85" to="specinterface_ln0" fromId="85" toId="26">
</dataflow>
<dataflow id="341" from="StgValue_85" to="specinterface_ln0" fromId="85" toId="26">
</dataflow>
<dataflow id="342" from="StgValue_85" to="specinterface_ln0" fromId="85" toId="26">
</dataflow>
<dataflow id="343" from="empty_20" to="specinterface_ln0" fromId="87" toId="26">
</dataflow>
<dataflow id="344" from="empty_2" to="specinterface_ln0" fromId="206" toId="26">
</dataflow>
<dataflow id="345" from="StgValue_83" to="specinterface_ln0" fromId="83" toId="26">
</dataflow>
<dataflow id="346" from="StgValue_85" to="specinterface_ln0" fromId="85" toId="26">
</dataflow>
<dataflow id="347" from="_ssdm_op_SpecBitsMap" to="specbitsmap_ln0" fromId="118" toId="27">
</dataflow>
<dataflow id="348" from="selec" to="specbitsmap_ln0" fromId="47" toId="27">
</dataflow>
<dataflow id="349" from="_ssdm_op_SpecInterface" to="specinterface_ln0" fromId="93" toId="28">
</dataflow>
<dataflow id="350" from="selec" to="specinterface_ln0" fromId="47" toId="28">
</dataflow>
<dataflow id="351" from="empty" to="specinterface_ln0" fromId="189" toId="28">
</dataflow>
<dataflow id="352" from="StgValue_85" to="specinterface_ln0" fromId="85" toId="28">
</dataflow>
<dataflow id="353" from="StgValue_85" to="specinterface_ln0" fromId="85" toId="28">
</dataflow>
<dataflow id="354" from="empty_20" to="specinterface_ln0" fromId="87" toId="28">
</dataflow>
<dataflow id="355" from="StgValue_85" to="specinterface_ln0" fromId="85" toId="28">
</dataflow>
<dataflow id="356" from="StgValue_85" to="specinterface_ln0" fromId="85" toId="28">
</dataflow>
<dataflow id="357" from="empty_0" to="specinterface_ln0" fromId="196" toId="28">
</dataflow>
<dataflow id="359" from="empty_6" to="specinterface_ln0" fromId="358" toId="28">
</dataflow>
<dataflow id="360" from="empty_20" to="specinterface_ln0" fromId="87" toId="28">
</dataflow>
<dataflow id="361" from="StgValue_85" to="specinterface_ln0" fromId="85" toId="28">
</dataflow>
<dataflow id="362" from="StgValue_85" to="specinterface_ln0" fromId="85" toId="28">
</dataflow>
<dataflow id="363" from="StgValue_85" to="specinterface_ln0" fromId="85" toId="28">
</dataflow>
<dataflow id="364" from="StgValue_85" to="specinterface_ln0" fromId="85" toId="28">
</dataflow>
<dataflow id="365" from="empty_20" to="specinterface_ln0" fromId="87" toId="28">
</dataflow>
<dataflow id="366" from="empty_20" to="specinterface_ln0" fromId="87" toId="28">
</dataflow>
<dataflow id="367" from="StgValue_83" to="specinterface_ln0" fromId="83" toId="28">
</dataflow>
<dataflow id="368" from="StgValue_85" to="specinterface_ln0" fromId="85" toId="28">
</dataflow>
<dataflow id="369" from="_ssdm_op_SpecInterface" to="specinterface_ln0" fromId="93" toId="29">
</dataflow>
<dataflow id="370" from="selec" to="specinterface_ln0" fromId="47" toId="29">
</dataflow>
<dataflow id="371" from="empty_3" to="specinterface_ln0" fromId="212" toId="29">
</dataflow>
<dataflow id="372" from="StgValue_85" to="specinterface_ln0" fromId="85" toId="29">
</dataflow>
<dataflow id="373" from="StgValue_85" to="specinterface_ln0" fromId="85" toId="29">
</dataflow>
<dataflow id="374" from="empty_20" to="specinterface_ln0" fromId="87" toId="29">
</dataflow>
<dataflow id="375" from="StgValue_85" to="specinterface_ln0" fromId="85" toId="29">
</dataflow>
<dataflow id="376" from="StgValue_85" to="specinterface_ln0" fromId="85" toId="29">
</dataflow>
<dataflow id="377" from="empty_20" to="specinterface_ln0" fromId="87" toId="29">
</dataflow>
<dataflow id="378" from="empty_20" to="specinterface_ln0" fromId="87" toId="29">
</dataflow>
<dataflow id="379" from="empty_20" to="specinterface_ln0" fromId="87" toId="29">
</dataflow>
<dataflow id="380" from="StgValue_85" to="specinterface_ln0" fromId="85" toId="29">
</dataflow>
<dataflow id="381" from="StgValue_85" to="specinterface_ln0" fromId="85" toId="29">
</dataflow>
<dataflow id="382" from="StgValue_85" to="specinterface_ln0" fromId="85" toId="29">
</dataflow>
<dataflow id="383" from="StgValue_85" to="specinterface_ln0" fromId="85" toId="29">
</dataflow>
<dataflow id="384" from="empty_20" to="specinterface_ln0" fromId="87" toId="29">
</dataflow>
<dataflow id="385" from="empty_20" to="specinterface_ln0" fromId="87" toId="29">
</dataflow>
<dataflow id="386" from="StgValue_83" to="specinterface_ln0" fromId="83" toId="29">
</dataflow>
<dataflow id="387" from="StgValue_85" to="specinterface_ln0" fromId="85" toId="29">
</dataflow>
<dataflow id="388" from="_ssdm_op_SpecInterface" to="specinterface_ln0" fromId="93" toId="30">
</dataflow>
<dataflow id="389" from="StgValue_85" to="specinterface_ln0" fromId="85" toId="30">
</dataflow>
<dataflow id="390" from="empty" to="specinterface_ln0" fromId="189" toId="30">
</dataflow>
<dataflow id="391" from="StgValue_85" to="specinterface_ln0" fromId="85" toId="30">
</dataflow>
<dataflow id="392" from="StgValue_85" to="specinterface_ln0" fromId="85" toId="30">
</dataflow>
<dataflow id="393" from="empty_20" to="specinterface_ln0" fromId="87" toId="30">
</dataflow>
<dataflow id="394" from="StgValue_85" to="specinterface_ln0" fromId="85" toId="30">
</dataflow>
<dataflow id="395" from="StgValue_85" to="specinterface_ln0" fromId="85" toId="30">
</dataflow>
<dataflow id="396" from="empty_0" to="specinterface_ln0" fromId="196" toId="30">
</dataflow>
<dataflow id="397" from="empty_20" to="specinterface_ln0" fromId="87" toId="30">
</dataflow>
<dataflow id="398" from="empty_20" to="specinterface_ln0" fromId="87" toId="30">
</dataflow>
<dataflow id="399" from="StgValue_85" to="specinterface_ln0" fromId="85" toId="30">
</dataflow>
<dataflow id="400" from="StgValue_85" to="specinterface_ln0" fromId="85" toId="30">
</dataflow>
<dataflow id="401" from="StgValue_85" to="specinterface_ln0" fromId="85" toId="30">
</dataflow>
<dataflow id="402" from="StgValue_85" to="specinterface_ln0" fromId="85" toId="30">
</dataflow>
<dataflow id="403" from="empty_20" to="specinterface_ln0" fromId="87" toId="30">
</dataflow>
<dataflow id="404" from="empty_20" to="specinterface_ln0" fromId="87" toId="30">
</dataflow>
<dataflow id="405" from="StgValue_83" to="specinterface_ln0" fromId="83" toId="30">
</dataflow>
<dataflow id="406" from="StgValue_85" to="specinterface_ln0" fromId="85" toId="30">
</dataflow>
<dataflow id="407" from="_ssdm_op_SpecInterface" to="specinterface_ln0" fromId="93" toId="31">
</dataflow>
<dataflow id="408" from="ALU_operation" to="specinterface_ln0" fromId="50" toId="31">
</dataflow>
<dataflow id="410" from="empty_16" to="specinterface_ln0" fromId="409" toId="31">
</dataflow>
<dataflow id="411" from="StgValue_85" to="specinterface_ln0" fromId="85" toId="31">
</dataflow>
<dataflow id="412" from="StgValue_85" to="specinterface_ln0" fromId="85" toId="31">
</dataflow>
<dataflow id="413" from="empty_20" to="specinterface_ln0" fromId="87" toId="31">
</dataflow>
<dataflow id="414" from="StgValue_85" to="specinterface_ln0" fromId="85" toId="31">
</dataflow>
<dataflow id="415" from="StgValue_85" to="specinterface_ln0" fromId="85" toId="31">
</dataflow>
<dataflow id="416" from="empty_20" to="specinterface_ln0" fromId="87" toId="31">
</dataflow>
<dataflow id="417" from="empty_20" to="specinterface_ln0" fromId="87" toId="31">
</dataflow>
<dataflow id="418" from="empty_20" to="specinterface_ln0" fromId="87" toId="31">
</dataflow>
<dataflow id="419" from="StgValue_85" to="specinterface_ln0" fromId="85" toId="31">
</dataflow>
<dataflow id="420" from="StgValue_85" to="specinterface_ln0" fromId="85" toId="31">
</dataflow>
<dataflow id="421" from="StgValue_85" to="specinterface_ln0" fromId="85" toId="31">
</dataflow>
<dataflow id="422" from="StgValue_85" to="specinterface_ln0" fromId="85" toId="31">
</dataflow>
<dataflow id="423" from="empty_20" to="specinterface_ln0" fromId="87" toId="31">
</dataflow>
<dataflow id="424" from="empty_20" to="specinterface_ln0" fromId="87" toId="31">
</dataflow>
<dataflow id="425" from="StgValue_83" to="specinterface_ln0" fromId="83" toId="31">
</dataflow>
<dataflow id="426" from="StgValue_85" to="specinterface_ln0" fromId="85" toId="31">
</dataflow>
<dataflow id="427" from="_ssdm_op_SpecInterface" to="specinterface_ln0" fromId="93" toId="32">
</dataflow>
<dataflow id="428" from="data_a" to="specinterface_ln0" fromId="48" toId="32">
</dataflow>
<dataflow id="429" from="empty_16" to="specinterface_ln0" fromId="409" toId="32">
</dataflow>
<dataflow id="430" from="StgValue_85" to="specinterface_ln0" fromId="85" toId="32">
</dataflow>
<dataflow id="431" from="StgValue_85" to="specinterface_ln0" fromId="85" toId="32">
</dataflow>
<dataflow id="432" from="empty_20" to="specinterface_ln0" fromId="87" toId="32">
</dataflow>
<dataflow id="433" from="StgValue_85" to="specinterface_ln0" fromId="85" toId="32">
</dataflow>
<dataflow id="434" from="StgValue_85" to="specinterface_ln0" fromId="85" toId="32">
</dataflow>
<dataflow id="435" from="empty_20" to="specinterface_ln0" fromId="87" toId="32">
</dataflow>
<dataflow id="436" from="empty_20" to="specinterface_ln0" fromId="87" toId="32">
</dataflow>
<dataflow id="437" from="empty_20" to="specinterface_ln0" fromId="87" toId="32">
</dataflow>
<dataflow id="438" from="StgValue_85" to="specinterface_ln0" fromId="85" toId="32">
</dataflow>
<dataflow id="439" from="StgValue_85" to="specinterface_ln0" fromId="85" toId="32">
</dataflow>
<dataflow id="440" from="StgValue_85" to="specinterface_ln0" fromId="85" toId="32">
</dataflow>
<dataflow id="441" from="StgValue_85" to="specinterface_ln0" fromId="85" toId="32">
</dataflow>
<dataflow id="442" from="empty_20" to="specinterface_ln0" fromId="87" toId="32">
</dataflow>
<dataflow id="443" from="empty_20" to="specinterface_ln0" fromId="87" toId="32">
</dataflow>
<dataflow id="444" from="StgValue_83" to="specinterface_ln0" fromId="83" toId="32">
</dataflow>
<dataflow id="445" from="StgValue_85" to="specinterface_ln0" fromId="85" toId="32">
</dataflow>
<dataflow id="446" from="_ssdm_op_SpecInterface" to="specinterface_ln0" fromId="93" toId="33">
</dataflow>
<dataflow id="447" from="data_b" to="specinterface_ln0" fromId="49" toId="33">
</dataflow>
<dataflow id="448" from="empty_16" to="specinterface_ln0" fromId="409" toId="33">
</dataflow>
<dataflow id="449" from="StgValue_85" to="specinterface_ln0" fromId="85" toId="33">
</dataflow>
<dataflow id="450" from="StgValue_85" to="specinterface_ln0" fromId="85" toId="33">
</dataflow>
<dataflow id="451" from="empty_20" to="specinterface_ln0" fromId="87" toId="33">
</dataflow>
<dataflow id="452" from="StgValue_85" to="specinterface_ln0" fromId="85" toId="33">
</dataflow>
<dataflow id="453" from="StgValue_85" to="specinterface_ln0" fromId="85" toId="33">
</dataflow>
<dataflow id="454" from="empty_20" to="specinterface_ln0" fromId="87" toId="33">
</dataflow>
<dataflow id="455" from="empty_20" to="specinterface_ln0" fromId="87" toId="33">
</dataflow>
<dataflow id="456" from="empty_20" to="specinterface_ln0" fromId="87" toId="33">
</dataflow>
<dataflow id="457" from="StgValue_85" to="specinterface_ln0" fromId="85" toId="33">
</dataflow>
<dataflow id="458" from="StgValue_85" to="specinterface_ln0" fromId="85" toId="33">
</dataflow>
<dataflow id="459" from="StgValue_85" to="specinterface_ln0" fromId="85" toId="33">
</dataflow>
<dataflow id="460" from="StgValue_85" to="specinterface_ln0" fromId="85" toId="33">
</dataflow>
<dataflow id="461" from="empty_20" to="specinterface_ln0" fromId="87" toId="33">
</dataflow>
<dataflow id="462" from="empty_20" to="specinterface_ln0" fromId="87" toId="33">
</dataflow>
<dataflow id="463" from="StgValue_83" to="specinterface_ln0" fromId="83" toId="33">
</dataflow>
<dataflow id="464" from="StgValue_85" to="specinterface_ln0" fromId="85" toId="33">
</dataflow>
<dataflow id="465" from="_ssdm_op_SpecInterface" to="specinterface_ln0" fromId="93" toId="34">
</dataflow>
<dataflow id="466" from="data_result" to="specinterface_ln0" fromId="52" toId="34">
</dataflow>
<dataflow id="467" from="empty_16" to="specinterface_ln0" fromId="409" toId="34">
</dataflow>
<dataflow id="468" from="StgValue_85" to="specinterface_ln0" fromId="85" toId="34">
</dataflow>
<dataflow id="469" from="StgValue_85" to="specinterface_ln0" fromId="85" toId="34">
</dataflow>
<dataflow id="470" from="empty_20" to="specinterface_ln0" fromId="87" toId="34">
</dataflow>
<dataflow id="471" from="StgValue_85" to="specinterface_ln0" fromId="85" toId="34">
</dataflow>
<dataflow id="472" from="StgValue_85" to="specinterface_ln0" fromId="85" toId="34">
</dataflow>
<dataflow id="473" from="empty_20" to="specinterface_ln0" fromId="87" toId="34">
</dataflow>
<dataflow id="474" from="empty_20" to="specinterface_ln0" fromId="87" toId="34">
</dataflow>
<dataflow id="475" from="empty_20" to="specinterface_ln0" fromId="87" toId="34">
</dataflow>
<dataflow id="476" from="StgValue_85" to="specinterface_ln0" fromId="85" toId="34">
</dataflow>
<dataflow id="477" from="StgValue_85" to="specinterface_ln0" fromId="85" toId="34">
</dataflow>
<dataflow id="478" from="StgValue_85" to="specinterface_ln0" fromId="85" toId="34">
</dataflow>
<dataflow id="479" from="StgValue_85" to="specinterface_ln0" fromId="85" toId="34">
</dataflow>
<dataflow id="480" from="empty_20" to="specinterface_ln0" fromId="87" toId="34">
</dataflow>
<dataflow id="481" from="empty_20" to="specinterface_ln0" fromId="87" toId="34">
</dataflow>
<dataflow id="482" from="StgValue_83" to="specinterface_ln0" fromId="83" toId="34">
</dataflow>
<dataflow id="483" from="StgValue_85" to="specinterface_ln0" fromId="85" toId="34">
</dataflow>
<dataflow id="484" from="Block_entry1_proc" to="call_ln191" fromId="65" toId="35">
</dataflow>
<dataflow id="485" from="selec_read" to="call_ln191" fromId="3" toId="35">
</dataflow>
<dataflow id="486" from="gmem3" to="call_ln191" fromId="42" toId="35">
</dataflow>
<dataflow id="487" from="op_read" to="call_ln191" fromId="4" toId="35">
</dataflow>
<dataflow id="488" from="gmem0" to="call_ln191" fromId="39" toId="35">
</dataflow>
<dataflow id="489" from="a_read" to="call_ln191" fromId="7" toId="35">
</dataflow>
<dataflow id="490" from="gmem1" to="call_ln191" fromId="40" toId="35">
</dataflow>
<dataflow id="491" from="b_read" to="call_ln191" fromId="6" toId="35">
</dataflow>
<dataflow id="492" from="gmem2" to="call_ln191" fromId="41" toId="35">
</dataflow>
<dataflow id="493" from="c_read" to="call_ln191" fromId="5" toId="35">
</dataflow>
<dataflow id="494" from="data_a" to="call_ln191" fromId="48" toId="35">
</dataflow>
<dataflow id="495" from="data_b" to="call_ln191" fromId="49" toId="35">
</dataflow>
<dataflow id="496" from="ALU_operation" to="call_ln191" fromId="50" toId="35">
</dataflow>
<dataflow id="497" from="ALU_operation_MEM" to="call_ln191" fromId="51" toId="35">
</dataflow>
<dataflow id="498" from="data_result" to="call_ln191" fromId="52" toId="35">
</dataflow>
</dataflows>


</stg>
