<stg><name>Block_entry1_proc</name>


<trans_list>

<trans id="34" from="1" to="2">
<condition id="-1">
<or_exp><and_exp></and_exp></or_exp>
</condition>
</trans>
</trans_list>



<state_list>

<state id="1" st_id="1">

<operation id="3" st_id="1" stage="1" lat="1">
<core>NULL</core>
<MemPortIdVec></MemPortIdVec>
<condition id="-1">
<or_exp><and_exp></and_exp></or_exp>
</condition>

<Node id="15" bw="0" op_0_bw="0" op_1_bw="32" op_2_bw="0" op_3_bw="32" op_4_bw="32" op_5_bw="0" op_6_bw="32" op_7_bw="32" op_8_bw="0" op_9_bw="0" op_10_bw="0" op_11_bw="32" op_12_bw="32" op_13_bw="32" op_14_bw="32" op_15_bw="0" op_16_bw="0" op_17_bw="32" op_18_bw="32">
<![CDATA[
newFuncRoot:0 %specinterface_ln0 = specinterface void @_ssdm_op_SpecInterface, i32 %data_result, void @empty_16, i32 0, i32 0, void @empty_20, i32 0, i32 0, void @empty_20, void @empty_20, void @empty_20, i32 0, i32 0, i32 0, i32 0, void @empty_20, void @empty_20, i32 4294967295, i32 0

]]></Node>
<StgValue><ssdm name="specinterface_ln0"/></StgValue>
</operation>

<operation id="4" st_id="1" stage="1" lat="1">
<core>NULL</core>
<MemPortIdVec></MemPortIdVec>
<condition id="-1">
<or_exp><and_exp></and_exp></or_exp>
</condition>

<Node id="16" bw="0" op_0_bw="0" op_1_bw="32" op_2_bw="0" op_3_bw="32" op_4_bw="32" op_5_bw="0" op_6_bw="32" op_7_bw="32" op_8_bw="0" op_9_bw="0" op_10_bw="0" op_11_bw="32" op_12_bw="32" op_13_bw="32" op_14_bw="32" op_15_bw="0" op_16_bw="0" op_17_bw="32" op_18_bw="32">
<![CDATA[
newFuncRoot:1 %specinterface_ln0 = specinterface void @_ssdm_op_SpecInterface, i32 %data_b, void @empty_16, i32 0, i32 0, void @empty_20, i32 0, i32 0, void @empty_20, void @empty_20, void @empty_20, i32 0, i32 0, i32 0, i32 0, void @empty_20, void @empty_20, i32 4294967295, i32 0

]]></Node>
<StgValue><ssdm name="specinterface_ln0"/></StgValue>
</operation>

<operation id="5" st_id="1" stage="1" lat="1">
<core>NULL</core>
<MemPortIdVec></MemPortIdVec>
<condition id="-1">
<or_exp><and_exp></and_exp></or_exp>
</condition>

<Node id="17" bw="0" op_0_bw="0" op_1_bw="32" op_2_bw="0" op_3_bw="32" op_4_bw="32" op_5_bw="0" op_6_bw="32" op_7_bw="32" op_8_bw="0" op_9_bw="0" op_10_bw="0" op_11_bw="32" op_12_bw="32" op_13_bw="32" op_14_bw="32" op_15_bw="0" op_16_bw="0" op_17_bw="32" op_18_bw="32">
<![CDATA[
newFuncRoot:2 %specinterface_ln0 = specinterface void @_ssdm_op_SpecInterface, i32 %data_a, void @empty_16, i32 0, i32 0, void @empty_20, i32 0, i32 0, void @empty_20, void @empty_20, void @empty_20, i32 0, i32 0, i32 0, i32 0, void @empty_20, void @empty_20, i32 4294967295, i32 0

]]></Node>
<StgValue><ssdm name="specinterface_ln0"/></StgValue>
</operation>

<operation id="6" st_id="1" stage="1" lat="1">
<core>NULL</core>
<MemPortIdVec></MemPortIdVec>
<condition id="-1">
<or_exp><and_exp></and_exp></or_exp>
</condition>

<Node id="18" bw="0" op_0_bw="0" op_1_bw="32" op_2_bw="0" op_3_bw="32" op_4_bw="32" op_5_bw="0" op_6_bw="32" op_7_bw="32" op_8_bw="0" op_9_bw="0" op_10_bw="0" op_11_bw="32" op_12_bw="32" op_13_bw="32" op_14_bw="32" op_15_bw="0" op_16_bw="0" op_17_bw="32" op_18_bw="32">
<![CDATA[
newFuncRoot:3 %specinterface_ln0 = specinterface void @_ssdm_op_SpecInterface, i32 %ALU_operation, void @empty_16, i32 0, i32 0, void @empty_20, i32 0, i32 0, void @empty_20, void @empty_20, void @empty_20, i32 0, i32 0, i32 0, i32 0, void @empty_20, void @empty_20, i32 4294967295, i32 0

]]></Node>
<StgValue><ssdm name="specinterface_ln0"/></StgValue>
</operation>

<operation id="7" st_id="1" stage="1" lat="1">
<core>NULL</core>
<MemPortIdVec></MemPortIdVec>
<condition id="-1">
<or_exp><and_exp></and_exp></or_exp>
</condition>

<Node id="19" bw="0" op_0_bw="0" op_1_bw="32" op_2_bw="0" op_3_bw="32" op_4_bw="32" op_5_bw="0" op_6_bw="32" op_7_bw="32" op_8_bw="0" op_9_bw="0" op_10_bw="0" op_11_bw="32" op_12_bw="32" op_13_bw="32" op_14_bw="32" op_15_bw="0" op_16_bw="0" op_17_bw="32" op_18_bw="32">
<![CDATA[
newFuncRoot:4 %specinterface_ln0 = specinterface void @_ssdm_op_SpecInterface, i32 %gmem3, void @empty_19, i32 0, i32 0, void @empty_20, i32 0, i32 400, void @empty_25, void @empty_22, void @empty_20, i32 16, i32 16, i32 16, i32 16, void @empty_20, void @empty_20, i32 4294967295, i32 0

]]></Node>
<StgValue><ssdm name="specinterface_ln0"/></StgValue>
</operation>

<operation id="8" st_id="1" stage="1" lat="1">
<core>NULL</core>
<MemPortIdVec></MemPortIdVec>
<condition id="-1">
<or_exp><and_exp></and_exp></or_exp>
</condition>

<Node id="20" bw="0" op_0_bw="0" op_1_bw="32" op_2_bw="0" op_3_bw="32" op_4_bw="32" op_5_bw="0" op_6_bw="32" op_7_bw="32" op_8_bw="0" op_9_bw="0" op_10_bw="0" op_11_bw="32" op_12_bw="32" op_13_bw="32" op_14_bw="32" op_15_bw="0" op_16_bw="0" op_17_bw="32" op_18_bw="32">
<![CDATA[
newFuncRoot:5 %specinterface_ln0 = specinterface void @_ssdm_op_SpecInterface, i32 %gmem2, void @empty_19, i32 0, i32 0, void @empty_20, i32 0, i32 400, void @empty_24, void @empty_22, void @empty_20, i32 16, i32 16, i32 16, i32 16, void @empty_20, void @empty_20, i32 4294967295, i32 0

]]></Node>
<StgValue><ssdm name="specinterface_ln0"/></StgValue>
</operation>

<operation id="9" st_id="1" stage="1" lat="1">
<core>NULL</core>
<MemPortIdVec></MemPortIdVec>
<condition id="-1">
<or_exp><and_exp></and_exp></or_exp>
</condition>

<Node id="21" bw="0" op_0_bw="0" op_1_bw="32" op_2_bw="0" op_3_bw="32" op_4_bw="32" op_5_bw="0" op_6_bw="32" op_7_bw="32" op_8_bw="0" op_9_bw="0" op_10_bw="0" op_11_bw="32" op_12_bw="32" op_13_bw="32" op_14_bw="32" op_15_bw="0" op_16_bw="0" op_17_bw="32" op_18_bw="32">
<![CDATA[
newFuncRoot:6 %specinterface_ln0 = specinterface void @_ssdm_op_SpecInterface, i32 %gmem1, void @empty_19, i32 0, i32 0, void @empty_20, i32 0, i32 400, void @empty_23, void @empty_22, void @empty_20, i32 16, i32 16, i32 16, i32 16, void @empty_20, void @empty_20, i32 4294967295, i32 0

]]></Node>
<StgValue><ssdm name="specinterface_ln0"/></StgValue>
</operation>

<operation id="10" st_id="1" stage="1" lat="1">
<core>NULL</core>
<MemPortIdVec></MemPortIdVec>
<condition id="-1">
<or_exp><and_exp></and_exp></or_exp>
</condition>

<Node id="22" bw="0" op_0_bw="0" op_1_bw="32" op_2_bw="0" op_3_bw="32" op_4_bw="32" op_5_bw="0" op_6_bw="32" op_7_bw="32" op_8_bw="0" op_9_bw="0" op_10_bw="0" op_11_bw="32" op_12_bw="32" op_13_bw="32" op_14_bw="32" op_15_bw="0" op_16_bw="0" op_17_bw="32" op_18_bw="32">
<![CDATA[
newFuncRoot:7 %specinterface_ln0 = specinterface void @_ssdm_op_SpecInterface, i32 %gmem0, void @empty_19, i32 0, i32 0, void @empty_20, i32 0, i32 400, void @empty_21, void @empty_22, void @empty_20, i32 16, i32 16, i32 16, i32 16, void @empty_20, void @empty_20, i32 4294967295, i32 0

]]></Node>
<StgValue><ssdm name="specinterface_ln0"/></StgValue>
</operation>

<operation id="11" st_id="1" stage="1" lat="1">
<core>NULL</core>
<MemPortIdVec></MemPortIdVec>
<condition id="-1">
<or_exp><and_exp></and_exp></or_exp>
</condition>

<Node id="23" bw="32" op_0_bw="32" op_1_bw="0" op_2_bw="32" op_3_bw="0" op_4_bw="0" op_5_bw="32" op_6_bw="32" op_7_bw="32" op_8_bw="32">
<![CDATA[
newFuncRoot:8 %empty = specchannel i32 @_ssdm_op_SpecChannel, void @ALU_operation_str, i32 1, void @p_str, void @p_str, i32 400, i32 400, i32 %ALU_operation, i32 %ALU_operation

]]></Node>
<StgValue><ssdm name="empty"/></StgValue>
</operation>

<operation id="12" st_id="1" stage="1" lat="1">
<core>NULL</core>
<MemPortIdVec></MemPortIdVec>
<condition id="-1">
<or_exp><and_exp></and_exp></or_exp>
</condition>

<Node id="24" bw="32" op_0_bw="32" op_1_bw="0" op_2_bw="32" op_3_bw="0" op_4_bw="0" op_5_bw="32" op_6_bw="32" op_7_bw="32" op_8_bw="32">
<![CDATA[
newFuncRoot:9 %empty_59 = specchannel i32 @_ssdm_op_SpecChannel, void @data_a_str, i32 1, void @p_str, void @p_str, i32 400, i32 400, i32 %data_a, i32 %data_a

]]></Node>
<StgValue><ssdm name="empty_59"/></StgValue>
</operation>

<operation id="13" st_id="1" stage="1" lat="1">
<core>NULL</core>
<MemPortIdVec></MemPortIdVec>
<condition id="-1">
<or_exp><and_exp></and_exp></or_exp>
</condition>

<Node id="25" bw="32" op_0_bw="32" op_1_bw="0" op_2_bw="32" op_3_bw="0" op_4_bw="0" op_5_bw="32" op_6_bw="32" op_7_bw="32" op_8_bw="32">
<![CDATA[
newFuncRoot:10 %empty_60 = specchannel i32 @_ssdm_op_SpecChannel, void @data_b_str, i32 1, void @p_str, void @p_str, i32 400, i32 400, i32 %data_b, i32 %data_b

]]></Node>
<StgValue><ssdm name="empty_60"/></StgValue>
</operation>

<operation id="14" st_id="1" stage="1" lat="1">
<core>NULL</core>
<MemPortIdVec></MemPortIdVec>
<condition id="-1">
<or_exp><and_exp></and_exp></or_exp>
</condition>

<Node id="26" bw="32" op_0_bw="32" op_1_bw="0" op_2_bw="32" op_3_bw="0" op_4_bw="0" op_5_bw="32" op_6_bw="32" op_7_bw="32" op_8_bw="32">
<![CDATA[
newFuncRoot:11 %empty_61 = specchannel i32 @_ssdm_op_SpecChannel, void @data_result_str, i32 1, void @p_str, void @p_str, i32 400, i32 400, i32 %data_result, i32 %data_result

]]></Node>
<StgValue><ssdm name="empty_61"/></StgValue>
</operation>

<operation id="15" st_id="1" stage="1" lat="1">
<core>NULL</core>
<MemPortIdVec></MemPortIdVec>
<condition id="-1">
<or_exp><and_exp></and_exp></or_exp>
</condition>

<Node id="27" bw="64" op_0_bw="64" op_1_bw="64">
<![CDATA[
newFuncRoot:12 %c_read = read i64 @_ssdm_op_Read.ap_auto.i64, i64 %c

]]></Node>
<StgValue><ssdm name="c_read"/></StgValue>
</operation>

<operation id="16" st_id="1" stage="1" lat="1">
<core>NULL</core>
<MemPortIdVec></MemPortIdVec>
<condition id="-1">
<or_exp><and_exp></and_exp></or_exp>
</condition>

<Node id="28" bw="64" op_0_bw="64" op_1_bw="64">
<![CDATA[
newFuncRoot:13 %b_read = read i64 @_ssdm_op_Read.ap_auto.i64, i64 %b

]]></Node>
<StgValue><ssdm name="b_read"/></StgValue>
</operation>

<operation id="17" st_id="1" stage="1" lat="1">
<core>NULL</core>
<MemPortIdVec></MemPortIdVec>
<condition id="-1">
<or_exp><and_exp></and_exp></or_exp>
</condition>

<Node id="29" bw="64" op_0_bw="64" op_1_bw="64">
<![CDATA[
newFuncRoot:14 %a_read = read i64 @_ssdm_op_Read.ap_auto.i64, i64 %a

]]></Node>
<StgValue><ssdm name="a_read"/></StgValue>
</operation>

<operation id="18" st_id="1" stage="1" lat="1">
<core>NULL</core>
<MemPortIdVec></MemPortIdVec>
<condition id="-1">
<or_exp><and_exp></and_exp></or_exp>
</condition>

<Node id="30" bw="64" op_0_bw="64" op_1_bw="64">
<![CDATA[
newFuncRoot:15 %op_read = read i64 @_ssdm_op_Read.ap_auto.i64, i64 %op

]]></Node>
<StgValue><ssdm name="op_read"/></StgValue>
</operation>

<operation id="19" st_id="1" stage="1" lat="1">
<core>NULL</core>
<MemPortIdVec></MemPortIdVec>
<condition id="-1">
<or_exp><and_exp></and_exp></or_exp>
</condition>

<Node id="31" bw="32" op_0_bw="32" op_1_bw="32">
<![CDATA[
newFuncRoot:16 %selec_read = read i32 @_ssdm_op_Read.ap_auto.i32, i32 %selec

]]></Node>
<StgValue><ssdm name="selec_read"/></StgValue>
</operation>

<operation id="20" st_id="1" stage="1" lat="1">
<core>NULL</core>
<MemPortIdVec></MemPortIdVec>
<condition id="-1">
<or_exp><and_exp></and_exp></or_exp>
</condition>

<Node id="32" bw="0" op_0_bw="32" op_1_bw="0" op_2_bw="32" op_3_bw="0" op_4_bw="32" op_5_bw="0" op_6_bw="32" op_7_bw="0">
<![CDATA[
newFuncRoot:17 %switch_ln227 = switch i32 %selec_read, void %sw.default, i32 0, void %sw.bb, i32 1, void %sw.bb10, i32 2, void %sw.bb11

]]></Node>
<StgValue><ssdm name="switch_ln227"/></StgValue>
</operation>

<operation id="21" st_id="1" stage="2" lat="2">
<core></core>
<MemPortIdVec></MemPortIdVec>
<condition id="-1">
<or_exp><and_exp><literal name="selec_read" val="2"/>
</and_exp></or_exp>
</condition>

<Node id="34" bw="0" op_0_bw="0" op_1_bw="32" op_2_bw="64" op_3_bw="32" op_4_bw="64" op_5_bw="32" op_6_bw="64" op_7_bw="32" op_8_bw="64" op_9_bw="32" op_10_bw="32" op_11_bw="32" op_12_bw="32" op_13_bw="32">
<![CDATA[
sw.bb11:0 %call_ln244 = call void @op_data_exe_wb, i32 %gmem0, i64 %a_read, i32 %gmem1, i64 %b_read, i32 %gmem3, i64 %op_read, i32 %gmem2, i64 %c_read, i32 %ALU_operation_MEM, i32 %ALU_operation, i32 %data_a, i32 %data_b, i32 %data_result

]]></Node>
<StgValue><ssdm name="call_ln244"/></StgValue>
</operation>

<operation id="22" st_id="1" stage="2" lat="2">
<core></core>
<MemPortIdVec></MemPortIdVec>
<condition id="-1">
<or_exp><and_exp><literal name="selec_read" val="1"/>
</and_exp></or_exp>
</condition>

<Node id="37" bw="0" op_0_bw="0" op_1_bw="32" op_2_bw="64" op_3_bw="32" op_4_bw="64" op_5_bw="32" op_6_bw="64" op_7_bw="32" op_8_bw="32" op_9_bw="32" op_10_bw="32">
<![CDATA[
sw.bb10:0 %call_ln238 = call void @data_exe_wb, i32 %gmem0, i64 %a_read, i32 %gmem1, i64 %b_read, i32 %gmem2, i64 %c_read, i32 %ALU_operation_MEM, i32 %data_a, i32 %data_b, i32 %data_result

]]></Node>
<StgValue><ssdm name="call_ln238"/></StgValue>
</operation>

<operation id="23" st_id="1" stage="2" lat="2">
<core></core>
<MemPortIdVec></MemPortIdVec>
<condition id="-1">
<or_exp><and_exp><literal name="selec_read" val="0"/>
</and_exp></or_exp>
</condition>

<Node id="40" bw="0" op_0_bw="0" op_1_bw="32" op_2_bw="64" op_3_bw="32" op_4_bw="32">
<![CDATA[
sw.bb:0 %call_ln232 = call void @operation, i32 %gmem3, i64 %op_read, i32 %ALU_operation_MEM, i32 %ALU_operation

]]></Node>
<StgValue><ssdm name="call_ln232"/></StgValue>
</operation>

<operation id="24" st_id="1" stage="2" lat="2">
<core></core>
<MemPortIdVec></MemPortIdVec>
<condition id="-1">
<or_exp><and_exp><literal name="selec_read" val="!0"/>
<literal name="selec_read" val="!1"/>
<literal name="selec_read" val="!2"/>
</and_exp></or_exp>
</condition>

<Node id="43" bw="0" op_0_bw="0" op_1_bw="32" op_2_bw="32" op_3_bw="32" op_4_bw="32">
<![CDATA[
sw.default:0 %call_ln250 = call void @reset, i32 %data_a, i32 %data_b, i32 %ALU_operation, i32 %ALU_operation_MEM

]]></Node>
<StgValue><ssdm name="call_ln250"/></StgValue>
</operation>
</state>

<state id="2" st_id="2">

<operation id="25" st_id="2" stage="1" lat="2">
<core></core>
<MemPortIdVec></MemPortIdVec>
<condition id="-1">
<or_exp><and_exp><literal name="selec_read" val="2"/>
</and_exp></or_exp>
</condition>

<Node id="34" bw="0" op_0_bw="0" op_1_bw="32" op_2_bw="64" op_3_bw="32" op_4_bw="64" op_5_bw="32" op_6_bw="64" op_7_bw="32" op_8_bw="64" op_9_bw="32" op_10_bw="32" op_11_bw="32" op_12_bw="32" op_13_bw="32">
<![CDATA[
sw.bb11:0 %call_ln244 = call void @op_data_exe_wb, i32 %gmem0, i64 %a_read, i32 %gmem1, i64 %b_read, i32 %gmem3, i64 %op_read, i32 %gmem2, i64 %c_read, i32 %ALU_operation_MEM, i32 %ALU_operation, i32 %data_a, i32 %data_b, i32 %data_result

]]></Node>
<StgValue><ssdm name="call_ln244"/></StgValue>
</operation>

<operation id="26" st_id="2" stage="1" lat="1">
<core>NULL</core>
<MemPortIdVec></MemPortIdVec>
<condition id="-1">
<or_exp><and_exp><literal name="selec_read" val="2"/>
</and_exp></or_exp>
</condition>

<Node id="35" bw="0" op_0_bw="0">
<![CDATA[
sw.bb11:1 %br_ln246 = br void %sw.epilog

]]></Node>
<StgValue><ssdm name="br_ln246"/></StgValue>
</operation>

<operation id="27" st_id="2" stage="1" lat="2">
<core></core>
<MemPortIdVec></MemPortIdVec>
<condition id="-1">
<or_exp><and_exp><literal name="selec_read" val="1"/>
</and_exp></or_exp>
</condition>

<Node id="37" bw="0" op_0_bw="0" op_1_bw="32" op_2_bw="64" op_3_bw="32" op_4_bw="64" op_5_bw="32" op_6_bw="64" op_7_bw="32" op_8_bw="32" op_9_bw="32" op_10_bw="32">
<![CDATA[
sw.bb10:0 %call_ln238 = call void @data_exe_wb, i32 %gmem0, i64 %a_read, i32 %gmem1, i64 %b_read, i32 %gmem2, i64 %c_read, i32 %ALU_operation_MEM, i32 %data_a, i32 %data_b, i32 %data_result

]]></Node>
<StgValue><ssdm name="call_ln238"/></StgValue>
</operation>

<operation id="28" st_id="2" stage="1" lat="1">
<core>NULL</core>
<MemPortIdVec></MemPortIdVec>
<condition id="-1">
<or_exp><and_exp><literal name="selec_read" val="1"/>
</and_exp></or_exp>
</condition>

<Node id="38" bw="0" op_0_bw="0">
<![CDATA[
sw.bb10:1 %br_ln240 = br void %sw.epilog

]]></Node>
<StgValue><ssdm name="br_ln240"/></StgValue>
</operation>

<operation id="29" st_id="2" stage="1" lat="2">
<core></core>
<MemPortIdVec></MemPortIdVec>
<condition id="-1">
<or_exp><and_exp><literal name="selec_read" val="0"/>
</and_exp></or_exp>
</condition>

<Node id="40" bw="0" op_0_bw="0" op_1_bw="32" op_2_bw="64" op_3_bw="32" op_4_bw="32">
<![CDATA[
sw.bb:0 %call_ln232 = call void @operation, i32 %gmem3, i64 %op_read, i32 %ALU_operation_MEM, i32 %ALU_operation

]]></Node>
<StgValue><ssdm name="call_ln232"/></StgValue>
</operation>

<operation id="30" st_id="2" stage="1" lat="1">
<core>NULL</core>
<MemPortIdVec></MemPortIdVec>
<condition id="-1">
<or_exp><and_exp><literal name="selec_read" val="0"/>
</and_exp></or_exp>
</condition>

<Node id="41" bw="0" op_0_bw="0">
<![CDATA[
sw.bb:1 %br_ln234 = br void %sw.epilog

]]></Node>
<StgValue><ssdm name="br_ln234"/></StgValue>
</operation>

<operation id="31" st_id="2" stage="1" lat="2">
<core></core>
<MemPortIdVec></MemPortIdVec>
<condition id="-1">
<or_exp><and_exp><literal name="selec_read" val="!0"/>
<literal name="selec_read" val="!1"/>
<literal name="selec_read" val="!2"/>
</and_exp></or_exp>
</condition>

<Node id="43" bw="0" op_0_bw="0" op_1_bw="32" op_2_bw="32" op_3_bw="32" op_4_bw="32">
<![CDATA[
sw.default:0 %call_ln250 = call void @reset, i32 %data_a, i32 %data_b, i32 %ALU_operation, i32 %ALU_operation_MEM

]]></Node>
<StgValue><ssdm name="call_ln250"/></StgValue>
</operation>

<operation id="32" st_id="2" stage="1" lat="1">
<core>NULL</core>
<MemPortIdVec></MemPortIdVec>
<condition id="-1">
<or_exp><and_exp><literal name="selec_read" val="!0"/>
<literal name="selec_read" val="!1"/>
<literal name="selec_read" val="!2"/>
</and_exp></or_exp>
</condition>

<Node id="44" bw="0" op_0_bw="0">
<![CDATA[
sw.default:1 %br_ln252 = br void %sw.epilog

]]></Node>
<StgValue><ssdm name="br_ln252"/></StgValue>
</operation>

<operation id="33" st_id="2" stage="1" lat="1">
<core>NULL</core>
<MemPortIdVec></MemPortIdVec>
<condition id="-1">
<or_exp><and_exp></and_exp></or_exp>
</condition>

<Node id="46" bw="0">
<![CDATA[
sw.epilog:0 %ret_ln0 = ret

]]></Node>
<StgValue><ssdm name="ret_ln0"/></StgValue>
</operation>
</state>
</state_list>


<ports>
<port id="39" name="selec" dir="0" iftype="0">
<core>NULL</core><StgValue><ssdm name="selec"/></StgValue>
</port>
<port id="40" name="gmem3" dir="0" iftype="4">
<core>NULL</core><StgValue><ssdm name="gmem3"/></StgValue>
</port>
<port id="41" name="op" dir="0" iftype="0">
<core>NULL</core><StgValue><ssdm name="op"/></StgValue>
</port>
<port id="42" name="gmem0" dir="0" iftype="4">
<core>NULL</core><StgValue><ssdm name="gmem0"/></StgValue>
</port>
<port id="43" name="a" dir="0" iftype="0">
<core>NULL</core><StgValue><ssdm name="a"/></StgValue>
</port>
<port id="44" name="gmem1" dir="0" iftype="4">
<core>NULL</core><StgValue><ssdm name="gmem1"/></StgValue>
</port>
<port id="45" name="b" dir="0" iftype="0">
<core>NULL</core><StgValue><ssdm name="b"/></StgValue>
</port>
<port id="46" name="gmem2" dir="1" iftype="4">
<core>NULL</core><StgValue><ssdm name="gmem2"/></StgValue>
</port>
<port id="47" name="c" dir="0" iftype="0">
<core>NULL</core><StgValue><ssdm name="c"/></StgValue>
</port>
<port id="48" name="data_a" dir="2" iftype="3">
<core>FIFO</core><StgValue><ssdm name="data_a"/></StgValue>
</port>
<port id="49" name="data_b" dir="2" iftype="3">
<core>FIFO</core><StgValue><ssdm name="data_b"/></StgValue>
</port>
<port id="50" name="ALU_operation" dir="2" iftype="3">
<core>FIFO</core><StgValue><ssdm name="ALU_operation"/></StgValue>
</port>
<port id="51" name="ALU_operation_MEM" dir="2" iftype="1">
<core>RAM</core><StgValue><ssdm name="ALU_operation_MEM"/><MemPortTyVec>2 3 </MemPortTyVec>
</StgValue>
</port>
<port id="52" name="data_result" dir="2" iftype="3">
<core>FIFO</core><StgValue><ssdm name="data_result"/></StgValue>
</port>
</ports>


<dataflows>
<dataflow id="54" from="_ssdm_op_SpecInterface" to="specinterface_ln0" fromId="53" toId="3">
</dataflow>
<dataflow id="55" from="data_result" to="specinterface_ln0" fromId="52" toId="3">
</dataflow>
<dataflow id="57" from="empty_16" to="specinterface_ln0" fromId="56" toId="3">
</dataflow>
<dataflow id="59" from="StgValue_58" to="specinterface_ln0" fromId="58" toId="3">
</dataflow>
<dataflow id="60" from="StgValue_58" to="specinterface_ln0" fromId="58" toId="3">
</dataflow>
<dataflow id="62" from="empty_20" to="specinterface_ln0" fromId="61" toId="3">
</dataflow>
<dataflow id="63" from="StgValue_58" to="specinterface_ln0" fromId="58" toId="3">
</dataflow>
<dataflow id="64" from="StgValue_58" to="specinterface_ln0" fromId="58" toId="3">
</dataflow>
<dataflow id="65" from="empty_20" to="specinterface_ln0" fromId="61" toId="3">
</dataflow>
<dataflow id="66" from="empty_20" to="specinterface_ln0" fromId="61" toId="3">
</dataflow>
<dataflow id="67" from="empty_20" to="specinterface_ln0" fromId="61" toId="3">
</dataflow>
<dataflow id="68" from="StgValue_58" to="specinterface_ln0" fromId="58" toId="3">
</dataflow>
<dataflow id="69" from="StgValue_58" to="specinterface_ln0" fromId="58" toId="3">
</dataflow>
<dataflow id="70" from="StgValue_58" to="specinterface_ln0" fromId="58" toId="3">
</dataflow>
<dataflow id="71" from="StgValue_58" to="specinterface_ln0" fromId="58" toId="3">
</dataflow>
<dataflow id="72" from="empty_20" to="specinterface_ln0" fromId="61" toId="3">
</dataflow>
<dataflow id="73" from="empty_20" to="specinterface_ln0" fromId="61" toId="3">
</dataflow>
<dataflow id="75" from="StgValue_74" to="specinterface_ln0" fromId="74" toId="3">
</dataflow>
<dataflow id="76" from="StgValue_58" to="specinterface_ln0" fromId="58" toId="3">
</dataflow>
<dataflow id="77" from="_ssdm_op_SpecInterface" to="specinterface_ln0" fromId="53" toId="4">
</dataflow>
<dataflow id="78" from="data_b" to="specinterface_ln0" fromId="49" toId="4">
</dataflow>
<dataflow id="79" from="empty_16" to="specinterface_ln0" fromId="56" toId="4">
</dataflow>
<dataflow id="80" from="StgValue_58" to="specinterface_ln0" fromId="58" toId="4">
</dataflow>
<dataflow id="81" from="StgValue_58" to="specinterface_ln0" fromId="58" toId="4">
</dataflow>
<dataflow id="82" from="empty_20" to="specinterface_ln0" fromId="61" toId="4">
</dataflow>
<dataflow id="83" from="StgValue_58" to="specinterface_ln0" fromId="58" toId="4">
</dataflow>
<dataflow id="84" from="StgValue_58" to="specinterface_ln0" fromId="58" toId="4">
</dataflow>
<dataflow id="85" from="empty_20" to="specinterface_ln0" fromId="61" toId="4">
</dataflow>
<dataflow id="86" from="empty_20" to="specinterface_ln0" fromId="61" toId="4">
</dataflow>
<dataflow id="87" from="empty_20" to="specinterface_ln0" fromId="61" toId="4">
</dataflow>
<dataflow id="88" from="StgValue_58" to="specinterface_ln0" fromId="58" toId="4">
</dataflow>
<dataflow id="89" from="StgValue_58" to="specinterface_ln0" fromId="58" toId="4">
</dataflow>
<dataflow id="90" from="StgValue_58" to="specinterface_ln0" fromId="58" toId="4">
</dataflow>
<dataflow id="91" from="StgValue_58" to="specinterface_ln0" fromId="58" toId="4">
</dataflow>
<dataflow id="92" from="empty_20" to="specinterface_ln0" fromId="61" toId="4">
</dataflow>
<dataflow id="93" from="empty_20" to="specinterface_ln0" fromId="61" toId="4">
</dataflow>
<dataflow id="94" from="StgValue_74" to="specinterface_ln0" fromId="74" toId="4">
</dataflow>
<dataflow id="95" from="StgValue_58" to="specinterface_ln0" fromId="58" toId="4">
</dataflow>
<dataflow id="96" from="_ssdm_op_SpecInterface" to="specinterface_ln0" fromId="53" toId="5">
</dataflow>
<dataflow id="97" from="data_a" to="specinterface_ln0" fromId="48" toId="5">
</dataflow>
<dataflow id="98" from="empty_16" to="specinterface_ln0" fromId="56" toId="5">
</dataflow>
<dataflow id="99" from="StgValue_58" to="specinterface_ln0" fromId="58" toId="5">
</dataflow>
<dataflow id="100" from="StgValue_58" to="specinterface_ln0" fromId="58" toId="5">
</dataflow>
<dataflow id="101" from="empty_20" to="specinterface_ln0" fromId="61" toId="5">
</dataflow>
<dataflow id="102" from="StgValue_58" to="specinterface_ln0" fromId="58" toId="5">
</dataflow>
<dataflow id="103" from="StgValue_58" to="specinterface_ln0" fromId="58" toId="5">
</dataflow>
<dataflow id="104" from="empty_20" to="specinterface_ln0" fromId="61" toId="5">
</dataflow>
<dataflow id="105" from="empty_20" to="specinterface_ln0" fromId="61" toId="5">
</dataflow>
<dataflow id="106" from="empty_20" to="specinterface_ln0" fromId="61" toId="5">
</dataflow>
<dataflow id="107" from="StgValue_58" to="specinterface_ln0" fromId="58" toId="5">
</dataflow>
<dataflow id="108" from="StgValue_58" to="specinterface_ln0" fromId="58" toId="5">
</dataflow>
<dataflow id="109" from="StgValue_58" to="specinterface_ln0" fromId="58" toId="5">
</dataflow>
<dataflow id="110" from="StgValue_58" to="specinterface_ln0" fromId="58" toId="5">
</dataflow>
<dataflow id="111" from="empty_20" to="specinterface_ln0" fromId="61" toId="5">
</dataflow>
<dataflow id="112" from="empty_20" to="specinterface_ln0" fromId="61" toId="5">
</dataflow>
<dataflow id="113" from="StgValue_74" to="specinterface_ln0" fromId="74" toId="5">
</dataflow>
<dataflow id="114" from="StgValue_58" to="specinterface_ln0" fromId="58" toId="5">
</dataflow>
<dataflow id="115" from="_ssdm_op_SpecInterface" to="specinterface_ln0" fromId="53" toId="6">
</dataflow>
<dataflow id="116" from="ALU_operation" to="specinterface_ln0" fromId="50" toId="6">
</dataflow>
<dataflow id="117" from="empty_16" to="specinterface_ln0" fromId="56" toId="6">
</dataflow>
<dataflow id="118" from="StgValue_58" to="specinterface_ln0" fromId="58" toId="6">
</dataflow>
<dataflow id="119" from="StgValue_58" to="specinterface_ln0" fromId="58" toId="6">
</dataflow>
<dataflow id="120" from="empty_20" to="specinterface_ln0" fromId="61" toId="6">
</dataflow>
<dataflow id="121" from="StgValue_58" to="specinterface_ln0" fromId="58" toId="6">
</dataflow>
<dataflow id="122" from="StgValue_58" to="specinterface_ln0" fromId="58" toId="6">
</dataflow>
<dataflow id="123" from="empty_20" to="specinterface_ln0" fromId="61" toId="6">
</dataflow>
<dataflow id="124" from="empty_20" to="specinterface_ln0" fromId="61" toId="6">
</dataflow>
<dataflow id="125" from="empty_20" to="specinterface_ln0" fromId="61" toId="6">
</dataflow>
<dataflow id="126" from="StgValue_58" to="specinterface_ln0" fromId="58" toId="6">
</dataflow>
<dataflow id="127" from="StgValue_58" to="specinterface_ln0" fromId="58" toId="6">
</dataflow>
<dataflow id="128" from="StgValue_58" to="specinterface_ln0" fromId="58" toId="6">
</dataflow>
<dataflow id="129" from="StgValue_58" to="specinterface_ln0" fromId="58" toId="6">
</dataflow>
<dataflow id="130" from="empty_20" to="specinterface_ln0" fromId="61" toId="6">
</dataflow>
<dataflow id="131" from="empty_20" to="specinterface_ln0" fromId="61" toId="6">
</dataflow>
<dataflow id="132" from="StgValue_74" to="specinterface_ln0" fromId="74" toId="6">
</dataflow>
<dataflow id="133" from="StgValue_58" to="specinterface_ln0" fromId="58" toId="6">
</dataflow>
<dataflow id="134" from="_ssdm_op_SpecInterface" to="specinterface_ln0" fromId="53" toId="7">
</dataflow>
<dataflow id="135" from="gmem3" to="specinterface_ln0" fromId="40" toId="7">
</dataflow>
<dataflow id="137" from="empty_19" to="specinterface_ln0" fromId="136" toId="7">
</dataflow>
<dataflow id="138" from="StgValue_58" to="specinterface_ln0" fromId="58" toId="7">
</dataflow>
<dataflow id="139" from="StgValue_58" to="specinterface_ln0" fromId="58" toId="7">
</dataflow>
<dataflow id="140" from="empty_20" to="specinterface_ln0" fromId="61" toId="7">
</dataflow>
<dataflow id="141" from="StgValue_58" to="specinterface_ln0" fromId="58" toId="7">
</dataflow>
<dataflow id="143" from="StgValue_142" to="specinterface_ln0" fromId="142" toId="7">
</dataflow>
<dataflow id="145" from="empty_25" to="specinterface_ln0" fromId="144" toId="7">
</dataflow>
<dataflow id="147" from="empty_22" to="specinterface_ln0" fromId="146" toId="7">
</dataflow>
<dataflow id="148" from="empty_20" to="specinterface_ln0" fromId="61" toId="7">
</dataflow>
<dataflow id="150" from="StgValue_149" to="specinterface_ln0" fromId="149" toId="7">
</dataflow>
<dataflow id="151" from="StgValue_149" to="specinterface_ln0" fromId="149" toId="7">
</dataflow>
<dataflow id="152" from="StgValue_149" to="specinterface_ln0" fromId="149" toId="7">
</dataflow>
<dataflow id="153" from="StgValue_149" to="specinterface_ln0" fromId="149" toId="7">
</dataflow>
<dataflow id="154" from="empty_20" to="specinterface_ln0" fromId="61" toId="7">
</dataflow>
<dataflow id="155" from="empty_20" to="specinterface_ln0" fromId="61" toId="7">
</dataflow>
<dataflow id="156" from="StgValue_74" to="specinterface_ln0" fromId="74" toId="7">
</dataflow>
<dataflow id="157" from="StgValue_58" to="specinterface_ln0" fromId="58" toId="7">
</dataflow>
<dataflow id="158" from="_ssdm_op_SpecInterface" to="specinterface_ln0" fromId="53" toId="8">
</dataflow>
<dataflow id="159" from="gmem2" to="specinterface_ln0" fromId="46" toId="8">
</dataflow>
<dataflow id="160" from="empty_19" to="specinterface_ln0" fromId="136" toId="8">
</dataflow>
<dataflow id="161" from="StgValue_58" to="specinterface_ln0" fromId="58" toId="8">
</dataflow>
<dataflow id="162" from="StgValue_58" to="specinterface_ln0" fromId="58" toId="8">
</dataflow>
<dataflow id="163" from="empty_20" to="specinterface_ln0" fromId="61" toId="8">
</dataflow>
<dataflow id="164" from="StgValue_58" to="specinterface_ln0" fromId="58" toId="8">
</dataflow>
<dataflow id="165" from="StgValue_142" to="specinterface_ln0" fromId="142" toId="8">
</dataflow>
<dataflow id="167" from="empty_24" to="specinterface_ln0" fromId="166" toId="8">
</dataflow>
<dataflow id="168" from="empty_22" to="specinterface_ln0" fromId="146" toId="8">
</dataflow>
<dataflow id="169" from="empty_20" to="specinterface_ln0" fromId="61" toId="8">
</dataflow>
<dataflow id="170" from="StgValue_149" to="specinterface_ln0" fromId="149" toId="8">
</dataflow>
<dataflow id="171" from="StgValue_149" to="specinterface_ln0" fromId="149" toId="8">
</dataflow>
<dataflow id="172" from="StgValue_149" to="specinterface_ln0" fromId="149" toId="8">
</dataflow>
<dataflow id="173" from="StgValue_149" to="specinterface_ln0" fromId="149" toId="8">
</dataflow>
<dataflow id="174" from="empty_20" to="specinterface_ln0" fromId="61" toId="8">
</dataflow>
<dataflow id="175" from="empty_20" to="specinterface_ln0" fromId="61" toId="8">
</dataflow>
<dataflow id="176" from="StgValue_74" to="specinterface_ln0" fromId="74" toId="8">
</dataflow>
<dataflow id="177" from="StgValue_58" to="specinterface_ln0" fromId="58" toId="8">
</dataflow>
<dataflow id="178" from="_ssdm_op_SpecInterface" to="specinterface_ln0" fromId="53" toId="9">
</dataflow>
<dataflow id="179" from="gmem1" to="specinterface_ln0" fromId="44" toId="9">
</dataflow>
<dataflow id="180" from="empty_19" to="specinterface_ln0" fromId="136" toId="9">
</dataflow>
<dataflow id="181" from="StgValue_58" to="specinterface_ln0" fromId="58" toId="9">
</dataflow>
<dataflow id="182" from="StgValue_58" to="specinterface_ln0" fromId="58" toId="9">
</dataflow>
<dataflow id="183" from="empty_20" to="specinterface_ln0" fromId="61" toId="9">
</dataflow>
<dataflow id="184" from="StgValue_58" to="specinterface_ln0" fromId="58" toId="9">
</dataflow>
<dataflow id="185" from="StgValue_142" to="specinterface_ln0" fromId="142" toId="9">
</dataflow>
<dataflow id="187" from="empty_23" to="specinterface_ln0" fromId="186" toId="9">
</dataflow>
<dataflow id="188" from="empty_22" to="specinterface_ln0" fromId="146" toId="9">
</dataflow>
<dataflow id="189" from="empty_20" to="specinterface_ln0" fromId="61" toId="9">
</dataflow>
<dataflow id="190" from="StgValue_149" to="specinterface_ln0" fromId="149" toId="9">
</dataflow>
<dataflow id="191" from="StgValue_149" to="specinterface_ln0" fromId="149" toId="9">
</dataflow>
<dataflow id="192" from="StgValue_149" to="specinterface_ln0" fromId="149" toId="9">
</dataflow>
<dataflow id="193" from="StgValue_149" to="specinterface_ln0" fromId="149" toId="9">
</dataflow>
<dataflow id="194" from="empty_20" to="specinterface_ln0" fromId="61" toId="9">
</dataflow>
<dataflow id="195" from="empty_20" to="specinterface_ln0" fromId="61" toId="9">
</dataflow>
<dataflow id="196" from="StgValue_74" to="specinterface_ln0" fromId="74" toId="9">
</dataflow>
<dataflow id="197" from="StgValue_58" to="specinterface_ln0" fromId="58" toId="9">
</dataflow>
<dataflow id="198" from="_ssdm_op_SpecInterface" to="specinterface_ln0" fromId="53" toId="10">
</dataflow>
<dataflow id="199" from="gmem0" to="specinterface_ln0" fromId="42" toId="10">
</dataflow>
<dataflow id="200" from="empty_19" to="specinterface_ln0" fromId="136" toId="10">
</dataflow>
<dataflow id="201" from="StgValue_58" to="specinterface_ln0" fromId="58" toId="10">
</dataflow>
<dataflow id="202" from="StgValue_58" to="specinterface_ln0" fromId="58" toId="10">
</dataflow>
<dataflow id="203" from="empty_20" to="specinterface_ln0" fromId="61" toId="10">
</dataflow>
<dataflow id="204" from="StgValue_58" to="specinterface_ln0" fromId="58" toId="10">
</dataflow>
<dataflow id="205" from="StgValue_142" to="specinterface_ln0" fromId="142" toId="10">
</dataflow>
<dataflow id="207" from="empty_21" to="specinterface_ln0" fromId="206" toId="10">
</dataflow>
<dataflow id="208" from="empty_22" to="specinterface_ln0" fromId="146" toId="10">
</dataflow>
<dataflow id="209" from="empty_20" to="specinterface_ln0" fromId="61" toId="10">
</dataflow>
<dataflow id="210" from="StgValue_149" to="specinterface_ln0" fromId="149" toId="10">
</dataflow>
<dataflow id="211" from="StgValue_149" to="specinterface_ln0" fromId="149" toId="10">
</dataflow>
<dataflow id="212" from="StgValue_149" to="specinterface_ln0" fromId="149" toId="10">
</dataflow>
<dataflow id="213" from="StgValue_149" to="specinterface_ln0" fromId="149" toId="10">
</dataflow>
<dataflow id="214" from="empty_20" to="specinterface_ln0" fromId="61" toId="10">
</dataflow>
<dataflow id="215" from="empty_20" to="specinterface_ln0" fromId="61" toId="10">
</dataflow>
<dataflow id="216" from="StgValue_74" to="specinterface_ln0" fromId="74" toId="10">
</dataflow>
<dataflow id="217" from="StgValue_58" to="specinterface_ln0" fromId="58" toId="10">
</dataflow>
<dataflow id="219" from="_ssdm_op_SpecChannel" to="empty" fromId="218" toId="11">
</dataflow>
<dataflow id="221" from="ALU_operation_str" to="empty" fromId="220" toId="11">
</dataflow>
<dataflow id="223" from="StgValue_222" to="empty" fromId="222" toId="11">
</dataflow>
<dataflow id="225" from="p_str" to="empty" fromId="224" toId="11">
</dataflow>
<dataflow id="226" from="p_str" to="empty" fromId="224" toId="11">
</dataflow>
<dataflow id="227" from="StgValue_142" to="empty" fromId="142" toId="11">
</dataflow>
<dataflow id="228" from="StgValue_142" to="empty" fromId="142" toId="11">
</dataflow>
<dataflow id="229" from="ALU_operation" to="empty" fromId="50" toId="11">
</dataflow>
<dataflow id="230" from="ALU_operation" to="empty" fromId="50" toId="11">
</dataflow>
<dataflow id="231" from="_ssdm_op_SpecChannel" to="empty_59" fromId="218" toId="12">
</dataflow>
<dataflow id="233" from="data_a_str" to="empty_59" fromId="232" toId="12">
</dataflow>
<dataflow id="234" from="StgValue_222" to="empty_59" fromId="222" toId="12">
</dataflow>
<dataflow id="235" from="p_str" to="empty_59" fromId="224" toId="12">
</dataflow>
<dataflow id="236" from="p_str" to="empty_59" fromId="224" toId="12">
</dataflow>
<dataflow id="237" from="StgValue_142" to="empty_59" fromId="142" toId="12">
</dataflow>
<dataflow id="238" from="StgValue_142" to="empty_59" fromId="142" toId="12">
</dataflow>
<dataflow id="239" from="data_a" to="empty_59" fromId="48" toId="12">
</dataflow>
<dataflow id="240" from="data_a" to="empty_59" fromId="48" toId="12">
</dataflow>
<dataflow id="241" from="_ssdm_op_SpecChannel" to="empty_60" fromId="218" toId="13">
</dataflow>
<dataflow id="243" from="data_b_str" to="empty_60" fromId="242" toId="13">
</dataflow>
<dataflow id="244" from="StgValue_222" to="empty_60" fromId="222" toId="13">
</dataflow>
<dataflow id="245" from="p_str" to="empty_60" fromId="224" toId="13">
</dataflow>
<dataflow id="246" from="p_str" to="empty_60" fromId="224" toId="13">
</dataflow>
<dataflow id="247" from="StgValue_142" to="empty_60" fromId="142" toId="13">
</dataflow>
<dataflow id="248" from="StgValue_142" to="empty_60" fromId="142" toId="13">
</dataflow>
<dataflow id="249" from="data_b" to="empty_60" fromId="49" toId="13">
</dataflow>
<dataflow id="250" from="data_b" to="empty_60" fromId="49" toId="13">
</dataflow>
<dataflow id="251" from="_ssdm_op_SpecChannel" to="empty_61" fromId="218" toId="14">
</dataflow>
<dataflow id="253" from="data_result_str" to="empty_61" fromId="252" toId="14">
</dataflow>
<dataflow id="254" from="StgValue_222" to="empty_61" fromId="222" toId="14">
</dataflow>
<dataflow id="255" from="p_str" to="empty_61" fromId="224" toId="14">
</dataflow>
<dataflow id="256" from="p_str" to="empty_61" fromId="224" toId="14">
</dataflow>
<dataflow id="257" from="StgValue_142" to="empty_61" fromId="142" toId="14">
</dataflow>
<dataflow id="258" from="StgValue_142" to="empty_61" fromId="142" toId="14">
</dataflow>
<dataflow id="259" from="data_result" to="empty_61" fromId="52" toId="14">
</dataflow>
<dataflow id="260" from="data_result" to="empty_61" fromId="52" toId="14">
</dataflow>
<dataflow id="262" from="_ssdm_op_Read.ap_auto.i64" to="c_read" fromId="261" toId="15">
</dataflow>
<dataflow id="263" from="c" to="c_read" fromId="47" toId="15">
</dataflow>
<dataflow id="264" from="_ssdm_op_Read.ap_auto.i64" to="b_read" fromId="261" toId="16">
</dataflow>
<dataflow id="265" from="b" to="b_read" fromId="45" toId="16">
</dataflow>
<dataflow id="266" from="_ssdm_op_Read.ap_auto.i64" to="a_read" fromId="261" toId="17">
</dataflow>
<dataflow id="267" from="a" to="a_read" fromId="43" toId="17">
</dataflow>
<dataflow id="268" from="_ssdm_op_Read.ap_auto.i64" to="op_read" fromId="261" toId="18">
</dataflow>
<dataflow id="269" from="op" to="op_read" fromId="41" toId="18">
</dataflow>
<dataflow id="271" from="_ssdm_op_Read.ap_auto.i32" to="selec_read" fromId="270" toId="19">
</dataflow>
<dataflow id="272" from="selec" to="selec_read" fromId="39" toId="19">
</dataflow>
<dataflow id="273" from="selec_read" to="switch_ln227" fromId="19" toId="20">
</dataflow>
<dataflow id="274" from="StgValue_58" to="switch_ln227" fromId="58" toId="20">
</dataflow>
<dataflow id="275" from="StgValue_222" to="switch_ln227" fromId="222" toId="20">
</dataflow>
<dataflow id="277" from="StgValue_276" to="switch_ln227" fromId="276" toId="20">
</dataflow>
<dataflow id="279" from="op_data_exe_wb" to="call_ln244" fromId="278" toId="21">
</dataflow>
<dataflow id="280" from="gmem0" to="call_ln244" fromId="42" toId="21">
</dataflow>
<dataflow id="281" from="a_read" to="call_ln244" fromId="17" toId="21">
</dataflow>
<dataflow id="282" from="gmem1" to="call_ln244" fromId="44" toId="21">
</dataflow>
<dataflow id="283" from="b_read" to="call_ln244" fromId="16" toId="21">
</dataflow>
<dataflow id="284" from="gmem3" to="call_ln244" fromId="40" toId="21">
</dataflow>
<dataflow id="285" from="op_read" to="call_ln244" fromId="18" toId="21">
</dataflow>
<dataflow id="286" from="gmem2" to="call_ln244" fromId="46" toId="21">
</dataflow>
<dataflow id="287" from="c_read" to="call_ln244" fromId="15" toId="21">
</dataflow>
<dataflow id="288" from="ALU_operation_MEM" to="call_ln244" fromId="51" toId="21">
</dataflow>
<dataflow id="289" from="ALU_operation" to="call_ln244" fromId="50" toId="21">
</dataflow>
<dataflow id="290" from="data_a" to="call_ln244" fromId="48" toId="21">
</dataflow>
<dataflow id="291" from="data_b" to="call_ln244" fromId="49" toId="21">
</dataflow>
<dataflow id="292" from="data_result" to="call_ln244" fromId="52" toId="21">
</dataflow>
<dataflow id="294" from="data_exe_wb" to="call_ln238" fromId="293" toId="22">
</dataflow>
<dataflow id="295" from="gmem0" to="call_ln238" fromId="42" toId="22">
</dataflow>
<dataflow id="296" from="a_read" to="call_ln238" fromId="17" toId="22">
</dataflow>
<dataflow id="297" from="gmem1" to="call_ln238" fromId="44" toId="22">
</dataflow>
<dataflow id="298" from="b_read" to="call_ln238" fromId="16" toId="22">
</dataflow>
<dataflow id="299" from="gmem2" to="call_ln238" fromId="46" toId="22">
</dataflow>
<dataflow id="300" from="c_read" to="call_ln238" fromId="15" toId="22">
</dataflow>
<dataflow id="301" from="ALU_operation_MEM" to="call_ln238" fromId="51" toId="22">
</dataflow>
<dataflow id="302" from="data_a" to="call_ln238" fromId="48" toId="22">
</dataflow>
<dataflow id="303" from="data_b" to="call_ln238" fromId="49" toId="22">
</dataflow>
<dataflow id="304" from="data_result" to="call_ln238" fromId="52" toId="22">
</dataflow>
<dataflow id="306" from="operation" to="call_ln232" fromId="305" toId="23">
</dataflow>
<dataflow id="307" from="gmem3" to="call_ln232" fromId="40" toId="23">
</dataflow>
<dataflow id="308" from="op_read" to="call_ln232" fromId="18" toId="23">
</dataflow>
<dataflow id="309" from="ALU_operation_MEM" to="call_ln232" fromId="51" toId="23">
</dataflow>
<dataflow id="310" from="ALU_operation" to="call_ln232" fromId="50" toId="23">
</dataflow>
<dataflow id="312" from="reset" to="call_ln250" fromId="311" toId="24">
</dataflow>
<dataflow id="313" from="data_a" to="call_ln250" fromId="48" toId="24">
</dataflow>
<dataflow id="314" from="data_b" to="call_ln250" fromId="49" toId="24">
</dataflow>
<dataflow id="315" from="ALU_operation" to="call_ln250" fromId="50" toId="24">
</dataflow>
<dataflow id="316" from="ALU_operation_MEM" to="call_ln250" fromId="51" toId="24">
</dataflow>
<dataflow id="317" from="op_data_exe_wb" to="call_ln244" fromId="278" toId="25">
</dataflow>
<dataflow id="318" from="gmem0" to="call_ln244" fromId="42" toId="25">
</dataflow>
<dataflow id="319" from="a_read" to="call_ln244" fromId="17" toId="25">
</dataflow>
<dataflow id="320" from="gmem1" to="call_ln244" fromId="44" toId="25">
</dataflow>
<dataflow id="321" from="b_read" to="call_ln244" fromId="16" toId="25">
</dataflow>
<dataflow id="322" from="gmem3" to="call_ln244" fromId="40" toId="25">
</dataflow>
<dataflow id="323" from="op_read" to="call_ln244" fromId="18" toId="25">
</dataflow>
<dataflow id="324" from="gmem2" to="call_ln244" fromId="46" toId="25">
</dataflow>
<dataflow id="325" from="c_read" to="call_ln244" fromId="15" toId="25">
</dataflow>
<dataflow id="326" from="ALU_operation_MEM" to="call_ln244" fromId="51" toId="25">
</dataflow>
<dataflow id="327" from="ALU_operation" to="call_ln244" fromId="50" toId="25">
</dataflow>
<dataflow id="328" from="data_a" to="call_ln244" fromId="48" toId="25">
</dataflow>
<dataflow id="329" from="data_b" to="call_ln244" fromId="49" toId="25">
</dataflow>
<dataflow id="330" from="data_result" to="call_ln244" fromId="52" toId="25">
</dataflow>
<dataflow id="331" from="data_exe_wb" to="call_ln238" fromId="293" toId="27">
</dataflow>
<dataflow id="332" from="gmem0" to="call_ln238" fromId="42" toId="27">
</dataflow>
<dataflow id="333" from="a_read" to="call_ln238" fromId="17" toId="27">
</dataflow>
<dataflow id="334" from="gmem1" to="call_ln238" fromId="44" toId="27">
</dataflow>
<dataflow id="335" from="b_read" to="call_ln238" fromId="16" toId="27">
</dataflow>
<dataflow id="336" from="gmem2" to="call_ln238" fromId="46" toId="27">
</dataflow>
<dataflow id="337" from="c_read" to="call_ln238" fromId="15" toId="27">
</dataflow>
<dataflow id="338" from="ALU_operation_MEM" to="call_ln238" fromId="51" toId="27">
</dataflow>
<dataflow id="339" from="data_a" to="call_ln238" fromId="48" toId="27">
</dataflow>
<dataflow id="340" from="data_b" to="call_ln238" fromId="49" toId="27">
</dataflow>
<dataflow id="341" from="data_result" to="call_ln238" fromId="52" toId="27">
</dataflow>
<dataflow id="342" from="operation" to="call_ln232" fromId="305" toId="29">
</dataflow>
<dataflow id="343" from="gmem3" to="call_ln232" fromId="40" toId="29">
</dataflow>
<dataflow id="344" from="op_read" to="call_ln232" fromId="18" toId="29">
</dataflow>
<dataflow id="345" from="ALU_operation_MEM" to="call_ln232" fromId="51" toId="29">
</dataflow>
<dataflow id="346" from="ALU_operation" to="call_ln232" fromId="50" toId="29">
</dataflow>
<dataflow id="347" from="reset" to="call_ln250" fromId="311" toId="31">
</dataflow>
<dataflow id="348" from="data_a" to="call_ln250" fromId="48" toId="31">
</dataflow>
<dataflow id="349" from="data_b" to="call_ln250" fromId="49" toId="31">
</dataflow>
<dataflow id="350" from="ALU_operation" to="call_ln250" fromId="50" toId="31">
</dataflow>
<dataflow id="351" from="ALU_operation_MEM" to="call_ln250" fromId="51" toId="31">
</dataflow>
<dataflow id="352" from="selec_read" to="StgValue_1" fromId="19" toId="1">
</dataflow>
<dataflow id="353" from="selec_read" to="StgValue_2" fromId="19" toId="2">
</dataflow>
</dataflows>


</stg>
