<stg><name>Block_entry1_proc</name>


<trans_list>

<trans id="34" from="1" to="2">
<condition id="-1">
<or_exp><and_exp></and_exp></or_exp>
</condition>
</trans>
</trans_list>



<state_list>

<state id="1" st_id="1">

<operation id="3" st_id="1" stage="1" lat="1">
<core>NULL</core>
<MemPortIdVec></MemPortIdVec>
<condition id="-1">
<or_exp><and_exp></and_exp></or_exp>
</condition>

<Node id="15" bw="0" op_0_bw="0" op_1_bw="32" op_2_bw="0" op_3_bw="32" op_4_bw="32" op_5_bw="0" op_6_bw="32" op_7_bw="32" op_8_bw="0" op_9_bw="0" op_10_bw="0" op_11_bw="32" op_12_bw="32" op_13_bw="32" op_14_bw="32" op_15_bw="0" op_16_bw="0" op_17_bw="32" op_18_bw="32">
<![CDATA[
newFuncRoot:0 %specinterface_ln0 = specinterface void @_ssdm_op_SpecInterface, i32 %data_result, void @empty_16, i32 0, i32 0, void @empty_20, i32 0, i32 0, void @empty_20, void @empty_20, void @empty_20, i32 0, i32 0, i32 0, i32 0, void @empty_20, void @empty_20, i32 4294967295, i32 0

]]></Node>
<StgValue><ssdm name="specinterface_ln0"/></StgValue>
</operation>

<operation id="4" st_id="1" stage="1" lat="1">
<core>NULL</core>
<MemPortIdVec></MemPortIdVec>
<condition id="-1">
<or_exp><and_exp></and_exp></or_exp>
</condition>

<Node id="16" bw="0" op_0_bw="0" op_1_bw="32" op_2_bw="0" op_3_bw="32" op_4_bw="32" op_5_bw="0" op_6_bw="32" op_7_bw="32" op_8_bw="0" op_9_bw="0" op_10_bw="0" op_11_bw="32" op_12_bw="32" op_13_bw="32" op_14_bw="32" op_15_bw="0" op_16_bw="0" op_17_bw="32" op_18_bw="32">
<![CDATA[
newFuncRoot:1 %specinterface_ln0 = specinterface void @_ssdm_op_SpecInterface, i32 %data_b, void @empty_16, i32 0, i32 0, void @empty_20, i32 0, i32 0, void @empty_20, void @empty_20, void @empty_20, i32 0, i32 0, i32 0, i32 0, void @empty_20, void @empty_20, i32 4294967295, i32 0

]]></Node>
<StgValue><ssdm name="specinterface_ln0"/></StgValue>
</operation>

<operation id="5" st_id="1" stage="1" lat="1">
<core>NULL</core>
<MemPortIdVec></MemPortIdVec>
<condition id="-1">
<or_exp><and_exp></and_exp></or_exp>
</condition>

<Node id="17" bw="0" op_0_bw="0" op_1_bw="32" op_2_bw="0" op_3_bw="32" op_4_bw="32" op_5_bw="0" op_6_bw="32" op_7_bw="32" op_8_bw="0" op_9_bw="0" op_10_bw="0" op_11_bw="32" op_12_bw="32" op_13_bw="32" op_14_bw="32" op_15_bw="0" op_16_bw="0" op_17_bw="32" op_18_bw="32">
<![CDATA[
newFuncRoot:2 %specinterface_ln0 = specinterface void @_ssdm_op_SpecInterface, i32 %data_a, void @empty_16, i32 0, i32 0, void @empty_20, i32 0, i32 0, void @empty_20, void @empty_20, void @empty_20, i32 0, i32 0, i32 0, i32 0, void @empty_20, void @empty_20, i32 4294967295, i32 0

]]></Node>
<StgValue><ssdm name="specinterface_ln0"/></StgValue>
</operation>

<operation id="6" st_id="1" stage="1" lat="1">
<core>NULL</core>
<MemPortIdVec></MemPortIdVec>
<condition id="-1">
<or_exp><and_exp></and_exp></or_exp>
</condition>

<Node id="18" bw="0" op_0_bw="0" op_1_bw="32" op_2_bw="0" op_3_bw="32" op_4_bw="32" op_5_bw="0" op_6_bw="32" op_7_bw="32" op_8_bw="0" op_9_bw="0" op_10_bw="0" op_11_bw="32" op_12_bw="32" op_13_bw="32" op_14_bw="32" op_15_bw="0" op_16_bw="0" op_17_bw="32" op_18_bw="32">
<![CDATA[
newFuncRoot:3 %specinterface_ln0 = specinterface void @_ssdm_op_SpecInterface, i32 %ALU_operation, void @empty_16, i32 0, i32 0, void @empty_20, i32 0, i32 0, void @empty_20, void @empty_20, void @empty_20, i32 0, i32 0, i32 0, i32 0, void @empty_20, void @empty_20, i32 4294967295, i32 0

]]></Node>
<StgValue><ssdm name="specinterface_ln0"/></StgValue>
</operation>

<operation id="7" st_id="1" stage="1" lat="1">
<core>NULL</core>
<MemPortIdVec></MemPortIdVec>
<condition id="-1">
<or_exp><and_exp></and_exp></or_exp>
</condition>

<Node id="19" bw="0" op_0_bw="0" op_1_bw="32" op_2_bw="0" op_3_bw="32" op_4_bw="32" op_5_bw="0" op_6_bw="32" op_7_bw="32" op_8_bw="0" op_9_bw="0" op_10_bw="0" op_11_bw="32" op_12_bw="32" op_13_bw="32" op_14_bw="32" op_15_bw="0" op_16_bw="0" op_17_bw="32" op_18_bw="32">
<![CDATA[
newFuncRoot:4 %specinterface_ln0 = specinterface void @_ssdm_op_SpecInterface, i32 %gmem3, void @empty_19, i32 0, i32 0, void @empty_20, i32 0, i32 400, void @empty_25, void @empty_22, void @empty_20, i32 16, i32 16, i32 16, i32 16, void @empty_20, void @empty_20, i32 4294967295, i32 0

]]></Node>
<StgValue><ssdm name="specinterface_ln0"/></StgValue>
</operation>

<operation id="8" st_id="1" stage="1" lat="1">
<core>NULL</core>
<MemPortIdVec></MemPortIdVec>
<condition id="-1">
<or_exp><and_exp></and_exp></or_exp>
</condition>

<Node id="20" bw="0" op_0_bw="0" op_1_bw="32" op_2_bw="0" op_3_bw="32" op_4_bw="32" op_5_bw="0" op_6_bw="32" op_7_bw="32" op_8_bw="0" op_9_bw="0" op_10_bw="0" op_11_bw="32" op_12_bw="32" op_13_bw="32" op_14_bw="32" op_15_bw="0" op_16_bw="0" op_17_bw="32" op_18_bw="32">
<![CDATA[
newFuncRoot:5 %specinterface_ln0 = specinterface void @_ssdm_op_SpecInterface, i32 %gmem2, void @empty_19, i32 0, i32 0, void @empty_20, i32 0, i32 400, void @empty_24, void @empty_22, void @empty_20, i32 16, i32 16, i32 16, i32 16, void @empty_20, void @empty_20, i32 4294967295, i32 0

]]></Node>
<StgValue><ssdm name="specinterface_ln0"/></StgValue>
</operation>

<operation id="9" st_id="1" stage="1" lat="1">
<core>NULL</core>
<MemPortIdVec></MemPortIdVec>
<condition id="-1">
<or_exp><and_exp></and_exp></or_exp>
</condition>

<Node id="21" bw="0" op_0_bw="0" op_1_bw="32" op_2_bw="0" op_3_bw="32" op_4_bw="32" op_5_bw="0" op_6_bw="32" op_7_bw="32" op_8_bw="0" op_9_bw="0" op_10_bw="0" op_11_bw="32" op_12_bw="32" op_13_bw="32" op_14_bw="32" op_15_bw="0" op_16_bw="0" op_17_bw="32" op_18_bw="32">
<![CDATA[
newFuncRoot:6 %specinterface_ln0 = specinterface void @_ssdm_op_SpecInterface, i32 %gmem1, void @empty_19, i32 0, i32 0, void @empty_20, i32 0, i32 400, void @empty_23, void @empty_22, void @empty_20, i32 16, i32 16, i32 16, i32 16, void @empty_20, void @empty_20, i32 4294967295, i32 0

]]></Node>
<StgValue><ssdm name="specinterface_ln0"/></StgValue>
</operation>

<operation id="10" st_id="1" stage="1" lat="1">
<core>NULL</core>
<MemPortIdVec></MemPortIdVec>
<condition id="-1">
<or_exp><and_exp></and_exp></or_exp>
</condition>

<Node id="22" bw="0" op_0_bw="0" op_1_bw="32" op_2_bw="0" op_3_bw="32" op_4_bw="32" op_5_bw="0" op_6_bw="32" op_7_bw="32" op_8_bw="0" op_9_bw="0" op_10_bw="0" op_11_bw="32" op_12_bw="32" op_13_bw="32" op_14_bw="32" op_15_bw="0" op_16_bw="0" op_17_bw="32" op_18_bw="32">
<![CDATA[
newFuncRoot:7 %specinterface_ln0 = specinterface void @_ssdm_op_SpecInterface, i32 %gmem0, void @empty_19, i32 0, i32 0, void @empty_20, i32 0, i32 400, void @empty_21, void @empty_22, void @empty_20, i32 16, i32 16, i32 16, i32 16, void @empty_20, void @empty_20, i32 4294967295, i32 0

]]></Node>
<StgValue><ssdm name="specinterface_ln0"/></StgValue>
</operation>

<operation id="11" st_id="1" stage="1" lat="1">
<core>NULL</core>
<MemPortIdVec></MemPortIdVec>
<condition id="-1">
<or_exp><and_exp></and_exp></or_exp>
</condition>

<Node id="23" bw="32" op_0_bw="32" op_1_bw="0" op_2_bw="32" op_3_bw="0" op_4_bw="0" op_5_bw="32" op_6_bw="32" op_7_bw="32" op_8_bw="32">
<![CDATA[
newFuncRoot:8 %empty = specchannel i32 @_ssdm_op_SpecChannel, void @ALU_operation_str, i32 1, void @p_str, void @p_str, i32 400, i32 400, i32 %ALU_operation, i32 %ALU_operation

]]></Node>
<StgValue><ssdm name="empty"/></StgValue>
</operation>

<operation id="12" st_id="1" stage="1" lat="1">
<core>NULL</core>
<MemPortIdVec></MemPortIdVec>
<condition id="-1">
<or_exp><and_exp></and_exp></or_exp>
</condition>

<Node id="24" bw="32" op_0_bw="32" op_1_bw="0" op_2_bw="32" op_3_bw="0" op_4_bw="0" op_5_bw="32" op_6_bw="32" op_7_bw="32" op_8_bw="32">
<![CDATA[
newFuncRoot:9 %empty_59 = specchannel i32 @_ssdm_op_SpecChannel, void @data_a_str, i32 1, void @p_str, void @p_str, i32 400, i32 400, i32 %data_a, i32 %data_a

]]></Node>
<StgValue><ssdm name="empty_59"/></StgValue>
</operation>

<operation id="13" st_id="1" stage="1" lat="1">
<core>NULL</core>
<MemPortIdVec></MemPortIdVec>
<condition id="-1">
<or_exp><and_exp></and_exp></or_exp>
</condition>

<Node id="25" bw="32" op_0_bw="32" op_1_bw="0" op_2_bw="32" op_3_bw="0" op_4_bw="0" op_5_bw="32" op_6_bw="32" op_7_bw="32" op_8_bw="32">
<![CDATA[
newFuncRoot:10 %empty_60 = specchannel i32 @_ssdm_op_SpecChannel, void @data_b_str, i32 1, void @p_str, void @p_str, i32 400, i32 400, i32 %data_b, i32 %data_b

]]></Node>
<StgValue><ssdm name="empty_60"/></StgValue>
</operation>

<operation id="14" st_id="1" stage="1" lat="1">
<core>NULL</core>
<MemPortIdVec></MemPortIdVec>
<condition id="-1">
<or_exp><and_exp></and_exp></or_exp>
</condition>

<Node id="26" bw="32" op_0_bw="32" op_1_bw="0" op_2_bw="32" op_3_bw="0" op_4_bw="0" op_5_bw="32" op_6_bw="32" op_7_bw="32" op_8_bw="32">
<![CDATA[
newFuncRoot:11 %empty_61 = specchannel i32 @_ssdm_op_SpecChannel, void @data_result_str, i32 1, void @p_str, void @p_str, i32 400, i32 400, i32 %data_result, i32 %data_result

]]></Node>
<StgValue><ssdm name="empty_61"/></StgValue>
</operation>

<operation id="15" st_id="1" stage="1" lat="1">
<core>NULL</core>
<MemPortIdVec></MemPortIdVec>
<condition id="-1">
<or_exp><and_exp></and_exp></or_exp>
</condition>

<Node id="27" bw="64" op_0_bw="64" op_1_bw="64">
<![CDATA[
newFuncRoot:12 %c_read = read i64 @_ssdm_op_Read.ap_auto.i64, i64 %c

]]></Node>
<StgValue><ssdm name="c_read"/></StgValue>
</operation>

<operation id="16" st_id="1" stage="1" lat="1">
<core>NULL</core>
<MemPortIdVec></MemPortIdVec>
<condition id="-1">
<or_exp><and_exp></and_exp></or_exp>
</condition>

<Node id="28" bw="64" op_0_bw="64" op_1_bw="64">
<![CDATA[
newFuncRoot:13 %b_read = read i64 @_ssdm_op_Read.ap_auto.i64, i64 %b

]]></Node>
<StgValue><ssdm name="b_read"/></StgValue>
</operation>

<operation id="17" st_id="1" stage="1" lat="1">
<core>NULL</core>
<MemPortIdVec></MemPortIdVec>
<condition id="-1">
<or_exp><and_exp></and_exp></or_exp>
</condition>

<Node id="29" bw="64" op_0_bw="64" op_1_bw="64">
<![CDATA[
newFuncRoot:14 %a_read = read i64 @_ssdm_op_Read.ap_auto.i64, i64 %a

]]></Node>
<StgValue><ssdm name="a_read"/></StgValue>
</operation>

<operation id="18" st_id="1" stage="1" lat="1">
<core>NULL</core>
<MemPortIdVec></MemPortIdVec>
<condition id="-1">
<or_exp><and_exp></and_exp></or_exp>
</condition>

<Node id="30" bw="64" op_0_bw="64" op_1_bw="64">
<![CDATA[
newFuncRoot:15 %op_read = read i64 @_ssdm_op_Read.ap_auto.i64, i64 %op

]]></Node>
<StgValue><ssdm name="op_read"/></StgValue>
</operation>

<operation id="19" st_id="1" stage="1" lat="1">
<core>NULL</core>
<MemPortIdVec></MemPortIdVec>
<condition id="-1">
<or_exp><and_exp></and_exp></or_exp>
</condition>

<Node id="31" bw="32" op_0_bw="32" op_1_bw="32">
<![CDATA[
newFuncRoot:16 %selec_read = read i32 @_ssdm_op_Read.ap_auto.i32, i32 %selec

]]></Node>
<StgValue><ssdm name="selec_read"/></StgValue>
</operation>

<operation id="20" st_id="1" stage="1" lat="1">
<core>NULL</core>
<MemPortIdVec></MemPortIdVec>
<condition id="-1">
<or_exp><and_exp></and_exp></or_exp>
</condition>

<Node id="32" bw="0" op_0_bw="32" op_1_bw="0" op_2_bw="32" op_3_bw="0" op_4_bw="32" op_5_bw="0" op_6_bw="32" op_7_bw="0">
<![CDATA[
newFuncRoot:17 %switch_ln227 = switch i32 %selec_read, void %sw.default, i32 0, void %sw.bb, i32 1, void %sw.bb10, i32 2, void %sw.bb11

]]></Node>
<StgValue><ssdm name="switch_ln227"/></StgValue>
</operation>

<operation id="21" st_id="1" stage="2" lat="2">
<core></core>
<MemPortIdVec></MemPortIdVec>
<condition id="-1">
<or_exp><and_exp><literal name="selec_read" val="2"/>
</and_exp></or_exp>
</condition>

<Node id="34" bw="0" op_0_bw="0" op_1_bw="32" op_2_bw="64" op_3_bw="32" op_4_bw="64" op_5_bw="32" op_6_bw="64" op_7_bw="32" op_8_bw="64" op_9_bw="32" op_10_bw="32" op_11_bw="32" op_12_bw="32" op_13_bw="32">
<![CDATA[
sw.bb11:0 %call_ln244 = call void @op_data_exe_wb, i32 %gmem0, i64 %a_read, i32 %gmem1, i64 %b_read, i32 %gmem3, i64 %op_read, i32 %gmem2, i64 %c_read, i32 %ALU_operation_MEM, i32 %ALU_operation, i32 %data_a, i32 %data_b, i32 %data_result

]]></Node>
<StgValue><ssdm name="call_ln244"/></StgValue>
</operation>

<operation id="22" st_id="1" stage="2" lat="2">
<core></core>
<MemPortIdVec></MemPortIdVec>
<condition id="-1">
<or_exp><and_exp><literal name="selec_read" val="1"/>
</and_exp></or_exp>
</condition>

<Node id="37" bw="0" op_0_bw="0" op_1_bw="32" op_2_bw="64" op_3_bw="32" op_4_bw="64" op_5_bw="32" op_6_bw="64" op_7_bw="32" op_8_bw="32" op_9_bw="32" op_10_bw="32">
<![CDATA[
sw.bb10:0 %call_ln238 = call void @data_exe_wb, i32 %gmem0, i64 %a_read, i32 %gmem1, i64 %b_read, i32 %gmem2, i64 %c_read, i32 %ALU_operation_MEM, i32 %data_a, i32 %data_b, i32 %data_result

]]></Node>
<StgValue><ssdm name="call_ln238"/></StgValue>
</operation>

<operation id="23" st_id="1" stage="2" lat="2">
<core></core>
<MemPortIdVec></MemPortIdVec>
<condition id="-1">
<or_exp><and_exp><literal name="selec_read" val="0"/>
</and_exp></or_exp>
</condition>

<Node id="40" bw="0" op_0_bw="0" op_1_bw="32" op_2_bw="64" op_3_bw="32" op_4_bw="32">
<![CDATA[
sw.bb:0 %call_ln232 = call void @operation, i32 %gmem3, i64 %op_read, i32 %ALU_operation_MEM, i32 %ALU_operation

]]></Node>
<StgValue><ssdm name="call_ln232"/></StgValue>
</operation>

<operation id="24" st_id="1" stage="2" lat="2">
<core></core>
<MemPortIdVec></MemPortIdVec>
<condition id="-1">
<or_exp><and_exp><literal name="selec_read" val="!0"/>
<literal name="selec_read" val="!1"/>
<literal name="selec_read" val="!2"/>
</and_exp></or_exp>
</condition>

<Node id="43" bw="0" op_0_bw="0" op_1_bw="32" op_2_bw="32" op_3_bw="32" op_4_bw="32">
<![CDATA[
sw.default:0 %call_ln250 = call void @reset, i32 %data_a, i32 %data_b, i32 %ALU_operation, i32 %ALU_operation_MEM

]]></Node>
<StgValue><ssdm name="call_ln250"/></StgValue>
</operation>
</state>

<state id="2" st_id="2">

<operation id="25" st_id="2" stage="1" lat="2">
<core></core>
<MemPortIdVec></MemPortIdVec>
<condition id="-1">
<or_exp><and_exp><literal name="selec_read" val="2"/>
</and_exp></or_exp>
</condition>

<Node id="34" bw="0" op_0_bw="0" op_1_bw="32" op_2_bw="64" op_3_bw="32" op_4_bw="64" op_5_bw="32" op_6_bw="64" op_7_bw="32" op_8_bw="64" op_9_bw="32" op_10_bw="32" op_11_bw="32" op_12_bw="32" op_13_bw="32">
<![CDATA[
sw.bb11:0 %call_ln244 = call void @op_data_exe_wb, i32 %gmem0, i64 %a_read, i32 %gmem1, i64 %b_read, i32 %gmem3, i64 %op_read, i32 %gmem2, i64 %c_read, i32 %ALU_operation_MEM, i32 %ALU_operation, i32 %data_a, i32 %data_b, i32 %data_result

]]></Node>
<StgValue><ssdm name="call_ln244"/></StgValue>
</operation>

<operation id="26" st_id="2" stage="1" lat="1">
<core>NULL</core>
<MemPortIdVec></MemPortIdVec>
<condition id="-1">
<or_exp><and_exp><literal name="selec_read" val="2"/>
</and_exp></or_exp>
</condition>

<Node id="35" bw="0" op_0_bw="0">
<![CDATA[
sw.bb11:1 %br_ln246 = br void %sw.epilog

]]></Node>
<StgValue><ssdm name="br_ln246"/></StgValue>
</operation>

<operation id="27" st_id="2" stage="1" lat="2">
<core></core>
<MemPortIdVec></MemPortIdVec>
<condition id="-1">
<or_exp><and_exp><literal name="selec_read" val="1"/>
</and_exp></or_exp>
</condition>

<Node id="37" bw="0" op_0_bw="0" op_1_bw="32" op_2_bw="64" op_3_bw="32" op_4_bw="64" op_5_bw="32" op_6_bw="64" op_7_bw="32" op_8_bw="32" op_9_bw="32" op_10_bw="32">
<![CDATA[
sw.bb10:0 %call_ln238 = call void @data_exe_wb, i32 %gmem0, i64 %a_read, i32 %gmem1, i64 %b_read, i32 %gmem2, i64 %c_read, i32 %ALU_operation_MEM, i32 %data_a, i32 %data_b, i32 %data_result

]]></Node>
<StgValue><ssdm name="call_ln238"/></StgValue>
</operation>

<operation id="28" st_id="2" stage="1" lat="1">
<core>NULL</core>
<MemPortIdVec></MemPortIdVec>
<condition id="-1">
<or_exp><and_exp><literal name="selec_read" val="1"/>
</and_exp></or_exp>
</condition>

<Node id="38" bw="0" op_0_bw="0">
<![CDATA[
sw.bb10:1 %br_ln240 = br void %sw.epilog

]]></Node>
<StgValue><ssdm name="br_ln240"/></StgValue>
</operation>

<operation id="29" st_id="2" stage="1" lat="2">
<core></core>
<MemPortIdVec></MemPortIdVec>
<condition id="-1">
<or_exp><and_exp><literal name="selec_read" val="0"/>
</and_exp></or_exp>
</condition>

<Node id="40" bw="0" op_0_bw="0" op_1_bw="32" op_2_bw="64" op_3_bw="32" op_4_bw="32">
<![CDATA[
sw.bb:0 %call_ln232 = call void @operation, i32 %gmem3, i64 %op_read, i32 %ALU_operation_MEM, i32 %ALU_operation

]]></Node>
<StgValue><ssdm name="call_ln232"/></StgValue>
</operation>

<operation id="30" st_id="2" stage="1" lat="1">
<core>NULL</core>
<MemPortIdVec></MemPortIdVec>
<condition id="-1">
<or_exp><and_exp><literal name="selec_read" val="0"/>
</and_exp></or_exp>
</condition>

<Node id="41" bw="0" op_0_bw="0">
<![CDATA[
sw.bb:1 %br_ln234 = br void %sw.epilog

]]></Node>
<StgValue><ssdm name="br_ln234"/></StgValue>
</operation>

<operation id="31" st_id="2" stage="1" lat="2">
<core></core>
<MemPortIdVec></MemPortIdVec>
<condition id="-1">
<or_exp><and_exp><literal name="selec_read" val="!0"/>
<literal name="selec_read" val="!1"/>
<literal name="selec_read" val="!2"/>
</and_exp></or_exp>
</condition>

<Node id="43" bw="0" op_0_bw="0" op_1_bw="32" op_2_bw="32" op_3_bw="32" op_4_bw="32">
<![CDATA[
sw.default:0 %call_ln250 = call void @reset, i32 %data_a, i32 %data_b, i32 %ALU_operation, i32 %ALU_operation_MEM

]]></Node>
<StgValue><ssdm name="call_ln250"/></StgValue>
</operation>

<operation id="32" st_id="2" stage="1" lat="1">
<core>NULL</core>
<MemPortIdVec></MemPortIdVec>
<condition id="-1">
<or_exp><and_exp><literal name="selec_read" val="!0"/>
<literal name="selec_read" val="!1"/>
<literal name="selec_read" val="!2"/>
</and_exp></or_exp>
</condition>

<Node id="44" bw="0" op_0_bw="0">
<![CDATA[
sw.default:1 %br_ln252 = br void %sw.epilog

]]></Node>
<StgValue><ssdm name="br_ln252"/></StgValue>
</operation>

<operation id="33" st_id="2" stage="1" lat="1">
<core>NULL</core>
<MemPortIdVec></MemPortIdVec>
<condition id="-1">
<or_exp><and_exp></and_exp></or_exp>
</condition>

<Node id="46" bw="0">
<![CDATA[
sw.epilog:0 %ret_ln0 = ret

]]></Node>
<StgValue><ssdm name="ret_ln0"/></StgValue>
</operation>
</state>
</state_list>


<ports>
</ports>


<dataflows>
</dataflows>


</stg>
