<profile>

<section name = "Vitis HLS Report for 'Block_entry1_proc'" level="0">
<item name = "Date">Sat Jun 29 19:03:36 2024
</item>
<item name = "Version">2023.2 (Build 4023990 on Oct 11 2023)</item>
<item name = "Project">ALU_sys_HDL</item>
<item name = "Solution">solution1 (Vivado IP Flow Target)</item>
<item name = "Product family">zynq</item>
<item name = "Target device">xc7z020-clg400-1</item>
</section>

<section name = "Performance Estimates" level="0">
<item name = "Timing">
<section name = "" level="1">
<item name = "Summary"><table name="" hasTotal="0">
<keys size="4">Clock, Target, Estimated, Uncertainty</keys>
<column name="ap_clk">10.00 ns, 7.300 ns, 2.70 ns</column>
</table>
</item>
</section>
</item>
<item name = "Latency">
<section name = "" level="1">
<item name = "Summary"><table name="" hasTotal="0">
<keys size="8">, min, max, min, max, min, max, Type</keys>
<column name="">?, ?, ?, ?, ?, ?, no</column>
</table>
</item>
<item name = "Detail">
<section name = "" level="1">
<item name = "Instance"><table name="" hasTotal="0">
<keys size="9">Instance, Module, min, max, min, max, min, max, Type</keys>
<column name="grp_op_data_exe_wb_fu_112">op_data_exe_wb, 2499, 2499, 24.990 us, 24.990 us, 2499, 2499, no</column>
<column name="grp_data_exe_wb_fu_142">data_exe_wb, 1680, 1680, 16.800 us, 16.800 us, 1680, 1680, no</column>
<column name="grp_operation_fu_166">operation, 818, 818, 8.180 us, 8.180 us, 818, 818, no</column>
<column name="grp_reset_fu_178">reset, ?, ?, ?, ?, ?, ?, no</column>
</table>
</item>
<item name = "Loop"><table name="" hasTotal="0">
<keys size="8">Loop Name, min, max, Latency, achieved, target, Count, Pipelined</keys>
</table>
</item>
</section>
</item>
</section>
</item>
</section>
</profile>
