<VitisHLS:BurstInfo>
    <burst group="BURST_VERBOSE_MISSED" fe_name="CouldNotAnalyzeBoundsPatternMissed" src_info="../NECST/NL2/M_AXI_ALU/ALU_sys_HDL/HLS/HLS_project/core.cpp:10:17" msg_id="214-252" msg_severity="INFO" msg_body="Could not analyze the loop bounds" resolution="214-252" LoopLoc="../NECST/NL2/M_AXI_ALU/ALU_sys_HDL/HLS/HLS_project/core.cpp:10:17" LoopName="clear_FIFO_a" ParentFunc="reset(hls::stream&lt;int, 0&gt;&amp;, hls::stream&lt;int, 0&gt;&amp;, hls::stream&lt;int, 0&gt;&amp;, int*)"/>
    <burst group="BURST_VERBOSE_MISSED" fe_name="CouldNotAnalyzeBoundsPatternMissed" src_info="../NECST/NL2/M_AXI_ALU/ALU_sys_HDL/HLS/HLS_project/core.cpp:19:17" msg_id="214-252" msg_severity="INFO" msg_body="Could not analyze the loop bounds" resolution="214-252" LoopLoc="../NECST/NL2/M_AXI_ALU/ALU_sys_HDL/HLS/HLS_project/core.cpp:19:17" LoopName="clear_FIFO_b" ParentFunc="reset(hls::stream&lt;int, 0&gt;&amp;, hls::stream&lt;int, 0&gt;&amp;, hls::stream&lt;int, 0&gt;&amp;, int*)"/>
    <burst group="BURST_VERBOSE_MISSED" fe_name="CouldNotAnalyzeBoundsPatternMissed" src_info="../NECST/NL2/M_AXI_ALU/ALU_sys_HDL/HLS/HLS_project/core.cpp:28:17" msg_id="214-252" msg_severity="INFO" msg_body="Could not analyze the loop bounds" resolution="214-252" LoopLoc="../NECST/NL2/M_AXI_ALU/ALU_sys_HDL/HLS/HLS_project/core.cpp:28:17" LoopName="clear_ALU_op" ParentFunc="reset(hls::stream&lt;int, 0&gt;&amp;, hls::stream&lt;int, 0&gt;&amp;, hls::stream&lt;int, 0&gt;&amp;, int*)"/>
    <burst group="BURST_VERBOSE_MISSED" fe_name="NonSimpleMemoryAccessMissed" src_info="../NECST/NL2/M_AXI_ALU/ALU_sys_HDL/HLS/HLS_project/core.cpp:85:15" msg_id="214-227" msg_severity="INFO" msg_body="Volatile or Atomic access cannot be transformed" resolution="214-227" BundleName="gmem3" VarName="op" ParentFunc="operation(int volatile*, hls::stream&lt;int, 0&gt;&amp;, int*)" OrigID="for.inc.i.load.3" OrigAccess-DebugLoc="../NECST/NL2/M_AXI_ALU/ALU_sys_HDL/HLS/HLS_project/core.cpp:85:15" OrigDirection="read"/>
    <burst group="BURST_VERBOSE_MISSED" fe_name="NonSimpleMemoryAccessMissed" src_info="../NECST/NL2/M_AXI_ALU/ALU_sys_HDL/HLS/HLS_project/core.cpp:60:14" msg_id="214-227" msg_severity="INFO" msg_body="Volatile or Atomic access cannot be transformed" resolution="214-227" BundleName="gmem0" VarName="a" ParentFunc="data_exe_wb(int volatile*, int volatile*, hls::stream&lt;int, 0&gt;&amp;, hls::stream&lt;int, 0&gt;&amp;, int*, hls::stream&lt;int, 0&gt;&amp;, int volatile*)" OrigID="for.inc.i.load.3" OrigAccess-DebugLoc="../NECST/NL2/M_AXI_ALU/ALU_sys_HDL/HLS/HLS_project/core.cpp:60:14" OrigDirection="read"/>
    <burst group="BURST_VERBOSE_MISSED" fe_name="NonSimpleMemoryAccessMissed" src_info="../NECST/NL2/M_AXI_ALU/ALU_sys_HDL/HLS/HLS_project/core.cpp:71:14" msg_id="214-227" msg_severity="INFO" msg_body="Volatile or Atomic access cannot be transformed" resolution="214-227" BundleName="gmem1" VarName="b" ParentFunc="data_exe_wb(int volatile*, int volatile*, hls::stream&lt;int, 0&gt;&amp;, hls::stream&lt;int, 0&gt;&amp;, int*, hls::stream&lt;int, 0&gt;&amp;, int volatile*)" OrigID="for.inc.i5.load.3" OrigAccess-DebugLoc="../NECST/NL2/M_AXI_ALU/ALU_sys_HDL/HLS/HLS_project/core.cpp:71:14" OrigDirection="read"/>
    <burst group="BURST_VERBOSE_MISSED" fe_name="NonSimpleMemoryAccessMissed" src_info="../NECST/NL2/M_AXI_ALU/ALU_sys_HDL/HLS/HLS_project/core.cpp:169:7" msg_id="214-227" msg_severity="INFO" msg_body="Volatile or Atomic access cannot be transformed" resolution="214-227" BundleName="gmem2" VarName="c" ParentFunc="data_exe_wb(int volatile*, int volatile*, hls::stream&lt;int, 0&gt;&amp;, hls::stream&lt;int, 0&gt;&amp;, int*, hls::stream&lt;int, 0&gt;&amp;, int volatile*)" OrigID="for.inc.i14.store.4" OrigAccess-DebugLoc="../NECST/NL2/M_AXI_ALU/ALU_sys_HDL/HLS/HLS_project/core.cpp:169:7" OrigDirection="write"/>
    <burst group="BURST_VERBOSE_MISSED" fe_name="NonSimpleMemoryAccessMissed" src_info="../NECST/NL2/M_AXI_ALU/ALU_sys_HDL/HLS/HLS_project/core.cpp:85:15" msg_id="214-227" msg_severity="INFO" msg_body="Volatile or Atomic access cannot be transformed" resolution="214-227" BundleName="gmem3" VarName="op" ParentFunc="op_data_exe_wb(int volatile*, int volatile*, int volatile*, hls::stream&lt;int, 0&gt;&amp;, hls::stream&lt;int, 0&gt;&amp;, hls::stream&lt;int, 0&gt;&amp;, int*, hls::stream&lt;int, 0&gt;&amp;, int volatile*)" OrigID="for.inc.i.load.3" OrigAccess-DebugLoc="../NECST/NL2/M_AXI_ALU/ALU_sys_HDL/HLS/HLS_project/core.cpp:85:15" OrigDirection="read"/>
    <burst group="BURST_VERBOSE_MISSED" fe_name="NonSimpleMemoryAccessMissed" src_info="../NECST/NL2/M_AXI_ALU/ALU_sys_HDL/HLS/HLS_project/core.cpp:60:14" msg_id="214-227" msg_severity="INFO" msg_body="Volatile or Atomic access cannot be transformed" resolution="214-227" BundleName="gmem0" VarName="a" ParentFunc="op_data_exe_wb(int volatile*, int volatile*, int volatile*, hls::stream&lt;int, 0&gt;&amp;, hls::stream&lt;int, 0&gt;&amp;, hls::stream&lt;int, 0&gt;&amp;, int*, hls::stream&lt;int, 0&gt;&amp;, int volatile*)" OrigID="for.inc.i5.load.3" OrigAccess-DebugLoc="../NECST/NL2/M_AXI_ALU/ALU_sys_HDL/HLS/HLS_project/core.cpp:60:14" OrigDirection="read"/>
    <burst group="BURST_VERBOSE_MISSED" fe_name="NonSimpleMemoryAccessMissed" src_info="../NECST/NL2/M_AXI_ALU/ALU_sys_HDL/HLS/HLS_project/core.cpp:71:14" msg_id="214-227" msg_severity="INFO" msg_body="Volatile or Atomic access cannot be transformed" resolution="214-227" BundleName="gmem1" VarName="b" ParentFunc="op_data_exe_wb(int volatile*, int volatile*, int volatile*, hls::stream&lt;int, 0&gt;&amp;, hls::stream&lt;int, 0&gt;&amp;, hls::stream&lt;int, 0&gt;&amp;, int*, hls::stream&lt;int, 0&gt;&amp;, int volatile*)" OrigID="for.inc.i10.load.3" OrigAccess-DebugLoc="../NECST/NL2/M_AXI_ALU/ALU_sys_HDL/HLS/HLS_project/core.cpp:71:14" OrigDirection="read"/>
    <burst group="BURST_VERBOSE_MISSED" fe_name="NonSimpleMemoryAccessMissed" src_info="../NECST/NL2/M_AXI_ALU/ALU_sys_HDL/HLS/HLS_project/core.cpp:169:7" msg_id="214-227" msg_severity="INFO" msg_body="Volatile or Atomic access cannot be transformed" resolution="214-227" BundleName="gmem2" VarName="c" ParentFunc="op_data_exe_wb(int volatile*, int volatile*, int volatile*, hls::stream&lt;int, 0&gt;&amp;, hls::stream&lt;int, 0&gt;&amp;, hls::stream&lt;int, 0&gt;&amp;, int*, hls::stream&lt;int, 0&gt;&amp;, int volatile*)" OrigID="for.inc.i23.store.4" OrigAccess-DebugLoc="../NECST/NL2/M_AXI_ALU/ALU_sys_HDL/HLS/HLS_project/core.cpp:169:7" OrigDirection="write"/>
</VitisHLS:BurstInfo>

