{
    "0": {
        "name": "ALU_sys_HDL",
        "file": "core.cpp",
        "fileloc": "191",
        "instructions": "33",
        "total_instructions": "528",
        "calls": "10",
        "basicblocks": "1"
    },
    "1": {
        "name": "reset_Pipeline_clear_FIFO_b",
        "file": "..\/NECST\/NL2\/M_AXI_ALU\/ALU_sys_HDL\/HLS\/HLS_project\/core.cpp",
        "fileloc": "47",
        "instructions": "9",
        "total_instructions": "9",
        "calls": "",
        "basicblocks": "4",
        "loops": {
            "L": "1"
        }
    },
    "2": {
        "name": "data_exe_wb_Pipeline_write_back",
        "file": "..\/NECST\/NL2\/M_AXI_ALU\/ALU_sys_HDL\/HLS\/HLS_project\/core.cpp",
        "fileloc": "177",
        "instructions": "26",
        "total_instructions": "26",
        "calls": "",
        "basicblocks": "4",
        "loads": {
            "L": "1"
        },
        "stores": {
            "L": "2"
        },
        "loops": {
            "L": "1"
        }
    },
    "3": {
        "name": "data_exe_wb_Pipeline_l_data_a",
        "file": "..\/NECST\/NL2\/M_AXI_ALU\/ALU_sys_HDL\/HLS\/HLS_project\/core.cpp",
        "fileloc": "177",
        "instructions": "25",
        "total_instructions": "25",
        "calls": "",
        "basicblocks": "4",
        "loads": {
            "L": "1"
        },
        "stores": {
            "L": "2"
        },
        "loops": {
            "L": "1"
        }
    },
    "4": {
        "name": "data_exe_wb",
        "file": "..\/NECST\/NL2\/M_AXI_ALU\/ALU_sys_HDL\/HLS\/HLS_project\/core.cpp",
        "fileloc": "177",
        "instructions": "32",
        "total_instructions": "144",
        "calls": "3 16 9 2",
        "basicblocks": "1"
    },
    "5": {
        "name": "operation",
        "file": "..\/NECST\/NL2\/M_AXI_ALU\/ALU_sys_HDL\/HLS\/HLS_project\/core.cpp",
        "fileloc": "106",
        "instructions": "13",
        "total_instructions": "56",
        "calls": "21 6",
        "basicblocks": "1"
    },
    "6": {
        "name": "operation_Pipeline_s_operation_data_op",
        "file": "..\/NECST\/NL2\/M_AXI_ALU\/ALU_sys_HDL\/HLS\/HLS_project\/core.cpp",
        "fileloc": "107",
        "instructions": "18",
        "total_instructions": "18",
        "calls": "",
        "basicblocks": "4",
        "loads": {
            "L": "1"
        },
        "stores": {
            "G": "1",
            "L": "2"
        },
        "loops": {
            "L": "1"
        }
    },
    "7": {
        "name": "reset_Pipeline_clear_RAM_op",
        "file": "..\/NECST\/NL2\/M_AXI_ALU\/ALU_sys_HDL\/HLS\/HLS_project\/core.cpp",
        "fileloc": "49",
        "instructions": "16",
        "total_instructions": "16",
        "calls": "",
        "basicblocks": "4",
        "loads": {
            "L": "1"
        },
        "stores": {
            "G": "1",
            "L": "2"
        },
        "loops": {
            "L": "1"
        }
    },
    "8": {
        "name": "op_data_exe_wb",
        "file": "..\/NECST\/NL2\/M_AXI_ALU\/ALU_sys_HDL\/HLS\/HLS_project\/core.cpp",
        "fileloc": "185",
        "instructions": "45",
        "total_instructions": "200",
        "calls": "12 18 11 14 17 15",
        "basicblocks": "1"
    },
    "9": {
        "name": "data_exe_wb_Pipeline_exe",
        "file": "..\/NECST\/NL2\/M_AXI_ALU\/ALU_sys_HDL\/HLS\/HLS_project\/core.cpp",
        "fileloc": "179",
        "instructions": "36",
        "total_instructions": "36",
        "calls": "",
        "basicblocks": "10",
        "loads": {
            "G": "1",
            "L": "1"
        },
        "stores": {
            "L": "2"
        },
        "loops": {
            "L": "1"
        }
    },
    "10": {
        "name": "Block_entry1_proc",
        "file": "..\/NECST\/NL2\/M_AXI_ALU\/ALU_sys_HDL\/HLS\/HLS_project\/core.cpp",
        "fileloc": "227",
        "instructions": "27",
        "total_instructions": "495",
        "calls": "20 5 4 8",
        "basicblocks": "6"
    },
    "11": {
        "name": "op_data_exe_wb_Pipeline_l_data_b",
        "file": "..\/NECST\/NL2\/M_AXI_ALU\/ALU_sys_HDL\/HLS\/HLS_project\/core.cpp",
        "fileloc": "185",
        "instructions": "25",
        "total_instructions": "25",
        "calls": "",
        "basicblocks": "4",
        "loads": {
            "L": "1"
        },
        "stores": {
            "L": "2"
        },
        "loops": {
            "L": "1"
        }
    },
    "12": {
        "name": "op_data_exe_wb_Pipeline_l_operation",
        "file": "..\/NECST\/NL2\/M_AXI_ALU\/ALU_sys_HDL\/HLS\/HLS_project\/core.cpp",
        "fileloc": "185",
        "instructions": "25",
        "total_instructions": "25",
        "calls": "",
        "basicblocks": "4",
        "loads": {
            "L": "1"
        },
        "stores": {
            "L": "2"
        },
        "loops": {
            "L": "1"
        }
    },
    "13": {
        "name": "reset_Pipeline_clear_ALU_op",
        "file": "..\/NECST\/NL2\/M_AXI_ALU\/ALU_sys_HDL\/HLS\/HLS_project\/core.cpp",
        "fileloc": "48",
        "instructions": "9",
        "total_instructions": "9",
        "calls": "",
        "basicblocks": "4",
        "loops": {
            "L": "1"
        }
    },
    "14": {
        "name": "op_data_exe_wb_Pipeline_s_operation_data_op",
        "file": "..\/NECST\/NL2\/M_AXI_ALU\/ALU_sys_HDL\/HLS\/HLS_project\/core.cpp",
        "fileloc": "186",
        "instructions": "18",
        "total_instructions": "18",
        "calls": "",
        "basicblocks": "4",
        "loads": {
            "L": "1"
        },
        "stores": {
            "G": "1",
            "L": "2"
        },
        "loops": {
            "L": "1"
        }
    },
    "15": {
        "name": "op_data_exe_wb_Pipeline_write_back",
        "file": "..\/NECST\/NL2\/M_AXI_ALU\/ALU_sys_HDL\/HLS\/HLS_project\/core.cpp",
        "fileloc": "185",
        "instructions": "26",
        "total_instructions": "26",
        "calls": "",
        "basicblocks": "4",
        "loads": {
            "L": "1"
        },
        "stores": {
            "L": "2"
        },
        "loops": {
            "L": "1"
        }
    },
    "16": {
        "name": "data_exe_wb_Pipeline_l_data_b",
        "file": "..\/NECST\/NL2\/M_AXI_ALU\/ALU_sys_HDL\/HLS\/HLS_project\/core.cpp",
        "fileloc": "177",
        "instructions": "25",
        "total_instructions": "25",
        "calls": "",
        "basicblocks": "4",
        "loads": {
            "L": "1"
        },
        "stores": {
            "L": "2"
        },
        "loops": {
            "L": "1"
        }
    },
    "17": {
        "name": "op_data_exe_wb_Pipeline_exe",
        "file": "..\/NECST\/NL2\/M_AXI_ALU\/ALU_sys_HDL\/HLS\/HLS_project\/core.cpp",
        "fileloc": "187",
        "instructions": "36",
        "total_instructions": "36",
        "calls": "",
        "basicblocks": "10",
        "loads": {
            "G": "1",
            "L": "1"
        },
        "stores": {
            "L": "2"
        },
        "loops": {
            "L": "1"
        }
    },
    "18": {
        "name": "op_data_exe_wb_Pipeline_l_data_a",
        "file": "..\/NECST\/NL2\/M_AXI_ALU\/ALU_sys_HDL\/HLS\/HLS_project\/core.cpp",
        "fileloc": "185",
        "instructions": "25",
        "total_instructions": "25",
        "calls": "",
        "basicblocks": "4",
        "loads": {
            "L": "1"
        },
        "stores": {
            "L": "2"
        },
        "loops": {
            "L": "1"
        }
    },
    "19": {
        "name": "reset_Pipeline_clear_FIFO_a",
        "file": "..\/NECST\/NL2\/M_AXI_ALU\/ALU_sys_HDL\/HLS\/HLS_project\/core.cpp",
        "fileloc": "46",
        "instructions": "9",
        "total_instructions": "9",
        "calls": "",
        "basicblocks": "4",
        "loops": {
            "L": "1"
        }
    },
    "20": {
        "name": "reset",
        "file": "..\/NECST\/NL2\/M_AXI_ALU\/ALU_sys_HDL\/HLS\/HLS_project\/core.cpp",
        "fileloc": "0",
        "instructions": "25",
        "total_instructions": "68",
        "calls": "19 1 13 7",
        "basicblocks": "1"
    },
    "21": {
        "name": "operation_Pipeline_l_operation",
        "file": "..\/NECST\/NL2\/M_AXI_ALU\/ALU_sys_HDL\/HLS\/HLS_project\/core.cpp",
        "fileloc": "106",
        "instructions": "25",
        "total_instructions": "25",
        "calls": "",
        "basicblocks": "4",
        "loads": {
            "L": "1"
        },
        "stores": {
            "L": "2"
        },
        "loops": {
            "L": "1"
        }
    }
}
