{
  "0": {
    "basicblocks": 6,
    "calls": "3 1 4 2",
    "file": "core.cpp",
    "fileloc": 191,
    "instructions": 42,
    "name": "ALU_sys_HDL",
    "total_instructions": 220
  },
  "1": {
    "basicblocks": 15,
    "calls": "",
    "file": "core.cpp",
    "fileloc": 175,
    "instructions": 58,
    "loads": {
      "G": 1
    },
    "name": "data_exe_wb",
    "total_instructions": 58
  },
  "2": {
    "basicblocks": 12,
    "calls": "",
    "file": "core.cpp",
    "fileloc": 43,
    "instructions": 23,
    "name": "reset",
    "stores": {
      "G": 1
    },
    "total_instructions": 23
  },
  "3": {
    "basicblocks": 5,
    "calls": "",
    "file": "core.cpp",
    "fileloc": 104,
    "instructions": 20,
    "name": "operation",
    "stores": {
      "G": 1
    },
    "total_instructions": 20
  },
  "4": {
    "basicblocks": 19,
    "calls": "",
    "file": "core.cpp",
    "fileloc": 183,
    "instructions": 77,
    "loads": {
      "G": 1
    },
    "name": "op_data_exe_wb",
    "stores": {
      "G": 1
    },
    "total_instructions": 77
  }
}