{
  "0": {
    "basicblocks": 14,
    "calls": "7 8 10 5",
    "file": "core.cpp",
    "fileloc": 191,
    "instructions": 69,
    "loads": {
      "G": 4
    },
    "name": "ALU_sys_HDL",
    "stores": {
      "G": 4
    },
    "total_instructions": 636
  },
  "1": {
    "basicblocks": 1,
    "calls": "12 3 9",
    "file": "core.cpp",
    "fileloc": 113,
    "instructions": 4,
    "name": "load_data_and_op",
    "total_instructions": 76
  },
  "10": {
    "basicblocks": 1,
    "calls": "1 15 13 6",
    "file": "core.cpp",
    "fileloc": 183,
    "instructions": 5,
    "name": "op_data_exe_wb",
    "total_instructions": 237
  },
  "11": {
    "basicblocks": 5,
    "calls": "",
    "file": "core.cpp",
    "fileloc": 17,
    "instructions": 8,
    "name": "reset_FIFO_b",
    "total_instructions": 24
  },
  "12": {
    "basicblocks": 7,
    "calls": "",
    "file": "core.cpp",
    "fileloc": 78,
    "instructions": 20,
    "loads": {
      "L": 1
    },
    "name": "load_op",
    "stores": {
      "L": 1
    },
    "total_instructions": 24
  },
  "13": {
    "basicblocks": 13,
    "calls": "",
    "file": "core.cpp",
    "fileloc": 124,
    "instructions": 60,
    "loads": {
      "L": 1
    },
    "name": "execute",
    "stores": {
      "L": 5
    },
    "total_instructions": 104
  },
  "14": {
    "basicblocks": 5,
    "calls": "",
    "file": "core.cpp",
    "fileloc": 26,
    "instructions": 8,
    "name": "reset_ALU_operation",
    "total_instructions": 24
  },
  "15": {
    "basicblocks": 7,
    "calls": "",
    "file": "core.cpp",
    "fileloc": 91,
    "instructions": 14,
    "name": "store_op",
    "stores": {
      "L": 1
    },
    "total_instructions": 26
  },
  "2": {
    "basicblocks": 5,
    "calls": "",
    "file": "core.cpp",
    "fileloc": 8,
    "instructions": 8,
    "name": "reset_FIFO_a",
    "total_instructions": 24
  },
  "3": {
    "basicblocks": 7,
    "calls": "",
    "file": "core.cpp",
    "fileloc": 54,
    "instructions": 20,
    "loads": {
      "L": 1
    },
    "name": "load_data_a",
    "stores": {
      "L": 1
    },
    "total_instructions": 24
  },
  "4": {
    "basicblocks": 7,
    "calls": "",
    "file": "core.cpp",
    "fileloc": 35,
    "instructions": 13,
    "name": "clear_RAM_op",
    "stores": {
      "L": 1
    },
    "total_instructions": 13
  },
  "5": {
    "basicblocks": 1,
    "calls": "2 11 14 4",
    "file": "core.cpp",
    "fileloc": 43,
    "instructions": 5,
    "name": "reset",
    "total_instructions": 90
  },
  "6": {
    "basicblocks": 7,
    "calls": "",
    "file": "core.cpp",
    "fileloc": 164,
    "instructions": 14,
    "name": "write_back",
    "stores": {
      "L": 1
    },
    "total_instructions": 26
  },
  "7": {
    "basicblocks": 1,
    "calls": "12 15",
    "file": "core.cpp",
    "fileloc": 104,
    "instructions": 3,
    "name": "operation",
    "total_instructions": 53
  },
  "8": {
    "basicblocks": 1,
    "calls": "3 9 13 6",
    "file": "core.cpp",
    "fileloc": 175,
    "instructions": 5,
    "name": "data_exe_wb",
    "total_instructions": 183
  },
  "9": {
    "basicblocks": 7,
    "calls": "",
    "file": "core.cpp",
    "fileloc": 65,
    "instructions": 20,
    "loads": {
      "L": 1
    },
    "name": "load_data_b",
    "stores": {
      "L": 1
    },
    "total_instructions": 24
  }
}