<dict>
  <key>main-file</key>
  <string>C:/Users/marco/Desktop/hhllss/ALU_sys_HDL/solution1/.autopilot/db/core.pp.0.cpp</string>
  <key>diagnostics</key>
  <array>
    <dict>
      <key>level</key>
      <string>warning</string>
      <key>filename</key>
      <string>../NECST/NL2/M_AXI_ALU/ALU_sys_HDL/HLS/HLS_project/core.cpp</string>
      <key>line</key>
      <integer>58</integer>
      <key>column</key>
      <integer>9</integer>
      <key>message</key>
      <string>HLS pragma dump _XLX_SEP_ PragmaIsValid=1_XLX_SEP_ PragmaType=pipeline_XLX_SEP_ PragmaContext=_XLX_SEP_ PragmaFunction=load_data_a_XLX_SEP_ PragmaOptions=II=1_XLX_SEP_</string>
      <key>ID</key>
      <integer>5471</integer>
      <key>WarningOption</key>
      <string>dump-hls-pragmas</string>
    </dict>
    <dict>
      <key>level</key>
      <string>warning</string>
      <key>filename</key>
      <string>../NECST/NL2/M_AXI_ALU/ALU_sys_HDL/HLS/HLS_project/core.cpp</string>
      <key>line</key>
      <integer>69</integer>
      <key>column</key>
      <integer>9</integer>
      <key>message</key>
      <string>HLS pragma dump _XLX_SEP_ PragmaIsValid=1_XLX_SEP_ PragmaType=pipeline_XLX_SEP_ PragmaContext=_XLX_SEP_ PragmaFunction=load_data_b_XLX_SEP_ PragmaOptions=II=1_XLX_SEP_</string>
      <key>ID</key>
      <integer>5471</integer>
      <key>WarningOption</key>
      <string>dump-hls-pragmas</string>
    </dict>
    <dict>
      <key>level</key>
      <string>warning</string>
      <key>filename</key>
      <string>../NECST/NL2/M_AXI_ALU/ALU_sys_HDL/HLS/HLS_project/core.cpp</string>
      <key>line</key>
      <integer>83</integer>
      <key>column</key>
      <integer>9</integer>
      <key>message</key>
      <string>HLS pragma dump _XLX_SEP_ PragmaIsValid=1_XLX_SEP_ PragmaType=pipeline_XLX_SEP_ PragmaContext=_XLX_SEP_ PragmaFunction=load_op_XLX_SEP_ PragmaOptions=II=1_XLX_SEP_</string>
      <key>ID</key>
      <integer>5471</integer>
      <key>WarningOption</key>
      <string>dump-hls-pragmas</string>
    </dict>
    <dict>
      <key>level</key>
      <string>warning</string>
      <key>filename</key>
      <string>../NECST/NL2/M_AXI_ALU/ALU_sys_HDL/HLS/HLS_project/core.cpp</string>
      <key>line</key>
      <integer>96</integer>
      <key>column</key>
      <integer>9</integer>
      <key>message</key>
      <string>HLS pragma dump _XLX_SEP_ PragmaIsValid=1_XLX_SEP_ PragmaType=pipeline_XLX_SEP_ PragmaContext=_XLX_SEP_ PragmaFunction=store_op_XLX_SEP_ PragmaOptions=II=1_XLX_SEP_</string>
      <key>ID</key>
      <integer>5471</integer>
      <key>WarningOption</key>
      <string>dump-hls-pragmas</string>
    </dict>
    <dict>
      <key>level</key>
      <string>warning</string>
      <key>filename</key>
      <string>../NECST/NL2/M_AXI_ALU/ALU_sys_HDL/HLS/HLS_project/core.cpp</string>
      <key>line</key>
      <integer>116</integer>
      <key>column</key>
      <integer>9</integer>
      <key>message</key>
      <string>HLS pragma dump _XLX_SEP_ PragmaIsValid=1_XLX_SEP_ PragmaType=inline_XLX_SEP_ PragmaContext=_XLX_SEP_ PragmaFunction=load_data_and_op_XLX_SEP_ PragmaOptions=_XLX_SEP_</string>
      <key>ID</key>
      <integer>5471</integer>
      <key>WarningOption</key>
      <string>dump-hls-pragmas</string>
    </dict>
    <dict>
      <key>level</key>
      <string>warning</string>
      <key>filename</key>
      <string>../NECST/NL2/M_AXI_ALU/ALU_sys_HDL/HLS/HLS_project/core.cpp</string>
      <key>line</key>
      <integer>129</integer>
      <key>column</key>
      <integer>9</integer>
      <key>message</key>
      <string>HLS pragma dump _XLX_SEP_ PragmaIsValid=1_XLX_SEP_ PragmaType=pipeline_XLX_SEP_ PragmaContext=_XLX_SEP_ PragmaFunction=execute_XLX_SEP_ PragmaOptions=II=1_XLX_SEP_</string>
      <key>ID</key>
      <integer>5471</integer>
      <key>WarningOption</key>
      <string>dump-hls-pragmas</string>
    </dict>
    <dict>
      <key>level</key>
      <string>warning</string>
      <key>filename</key>
      <string>../NECST/NL2/M_AXI_ALU/ALU_sys_HDL/HLS/HLS_project/core.cpp</string>
      <key>line</key>
      <integer>168</integer>
      <key>column</key>
      <integer>9</integer>
      <key>message</key>
      <string>HLS pragma dump _XLX_SEP_ PragmaIsValid=1_XLX_SEP_ PragmaType=pipeline_XLX_SEP_ PragmaContext=_XLX_SEP_ PragmaFunction=write_back_XLX_SEP_ PragmaOptions=II=1_XLX_SEP_</string>
      <key>ID</key>
      <integer>5471</integer>
      <key>WarningOption</key>
      <string>dump-hls-pragmas</string>
    </dict>
    <dict>
      <key>level</key>
      <string>warning</string>
      <key>filename</key>
      <string>C:/Users/marco/Desktop/hhllss/ALU_sys_HDL/solution1/csynth.tcl</string>
      <key>line</key>
      <integer>15</integer>
      <key>column</key>
      <integer>9</integer>
      <key>message</key>
      <string>HLS pragma dump _XLX_SEP_ PragmaIsValid=1_XLX_SEP_ PragmaType=top_XLX_SEP_ PragmaContext=directive_XLX_SEP_ PragmaFunction=ALU_sys_HDL_XLX_SEP_ PragmaOptions=name=ALU_sys_HDL_XLX_SEP_</string>
      <key>ID</key>
      <integer>5471</integer>
      <key>WarningOption</key>
      <string>dump-hls-pragmas</string>
    </dict>
    <dict>
      <key>level</key>
      <string>warning</string>
      <key>filename</key>
      <string>../NECST/NL2/M_AXI_ALU/ALU_sys_HDL/HLS/HLS_project/core.cpp</string>
      <key>line</key>
      <integer>193</integer>
      <key>column</key>
      <integer>9</integer>
      <key>message</key>
      <string>HLS pragma dump _XLX_SEP_ PragmaIsValid=1_XLX_SEP_ PragmaType=interface_XLX_SEP_ PragmaContext=_XLX_SEP_ PragmaFunction=ALU_sys_HDL_XLX_SEP_ PragmaOptions=mode=s_axilite bundle=control port=a_XLX_SEP_</string>
      <key>ID</key>
      <integer>5471</integer>
      <key>WarningOption</key>
      <string>dump-hls-pragmas</string>
    </dict>
    <dict>
      <key>level</key>
      <string>warning</string>
      <key>filename</key>
      <string>../NECST/NL2/M_AXI_ALU/ALU_sys_HDL/HLS/HLS_project/core.cpp</string>
      <key>line</key>
      <integer>194</integer>
      <key>column</key>
      <integer>9</integer>
      <key>message</key>
      <string>HLS pragma dump _XLX_SEP_ PragmaIsValid=1_XLX_SEP_ PragmaType=interface_XLX_SEP_ PragmaContext=_XLX_SEP_ PragmaFunction=ALU_sys_HDL_XLX_SEP_ PragmaOptions=mode=s_axilite bundle=control port=b_XLX_SEP_</string>
      <key>ID</key>
      <integer>5471</integer>
      <key>WarningOption</key>
      <string>dump-hls-pragmas</string>
    </dict>
    <dict>
      <key>level</key>
      <string>warning</string>
      <key>filename</key>
      <string>../NECST/NL2/M_AXI_ALU/ALU_sys_HDL/HLS/HLS_project/core.cpp</string>
      <key>line</key>
      <integer>195</integer>
      <key>column</key>
      <integer>9</integer>
      <key>message</key>
      <string>HLS pragma dump _XLX_SEP_ PragmaIsValid=1_XLX_SEP_ PragmaType=interface_XLX_SEP_ PragmaContext=_XLX_SEP_ PragmaFunction=ALU_sys_HDL_XLX_SEP_ PragmaOptions=mode=s_axilite bundle=control port=c_XLX_SEP_</string>
      <key>ID</key>
      <integer>5471</integer>
      <key>WarningOption</key>
      <string>dump-hls-pragmas</string>
    </dict>
    <dict>
      <key>level</key>
      <string>warning</string>
      <key>filename</key>
      <string>../NECST/NL2/M_AXI_ALU/ALU_sys_HDL/HLS/HLS_project/core.cpp</string>
      <key>line</key>
      <integer>196</integer>
      <key>column</key>
      <integer>9</integer>
      <key>message</key>
      <string>HLS pragma dump _XLX_SEP_ PragmaIsValid=1_XLX_SEP_ PragmaType=interface_XLX_SEP_ PragmaContext=_XLX_SEP_ PragmaFunction=ALU_sys_HDL_XLX_SEP_ PragmaOptions=mode=s_axilite bundle=control port=op_XLX_SEP_</string>
      <key>ID</key>
      <integer>5471</integer>
      <key>WarningOption</key>
      <string>dump-hls-pragmas</string>
    </dict>
    <dict>
      <key>level</key>
      <string>warning</string>
      <key>filename</key>
      <string>../NECST/NL2/M_AXI_ALU/ALU_sys_HDL/HLS/HLS_project/core.cpp</string>
      <key>line</key>
      <integer>197</integer>
      <key>column</key>
      <integer>9</integer>
      <key>message</key>
      <string>HLS pragma dump _XLX_SEP_ PragmaIsValid=1_XLX_SEP_ PragmaType=interface_XLX_SEP_ PragmaContext=_XLX_SEP_ PragmaFunction=ALU_sys_HDL_XLX_SEP_ PragmaOptions=mode=s_axilite bundle=control port=selec_XLX_SEP_</string>
      <key>ID</key>
      <integer>5471</integer>
      <key>WarningOption</key>
      <string>dump-hls-pragmas</string>
    </dict>
    <dict>
      <key>level</key>
      <string>warning</string>
      <key>filename</key>
      <string>../NECST/NL2/M_AXI_ALU/ALU_sys_HDL/HLS/HLS_project/core.cpp</string>
      <key>line</key>
      <integer>199</integer>
      <key>column</key>
      <integer>9</integer>
      <key>message</key>
      <string>HLS pragma dump _XLX_SEP_ PragmaIsValid=1_XLX_SEP_ PragmaType=interface_XLX_SEP_ PragmaContext=_XLX_SEP_ PragmaFunction=ALU_sys_HDL_XLX_SEP_ PragmaOptions=mode=s_axilite bundle=control port=return_XLX_SEP_</string>
      <key>ID</key>
      <integer>5471</integer>
      <key>WarningOption</key>
      <string>dump-hls-pragmas</string>
    </dict>
    <dict>
      <key>level</key>
      <string>warning</string>
      <key>filename</key>
      <string>../NECST/NL2/M_AXI_ALU/ALU_sys_HDL/HLS/HLS_project/core.cpp</string>
      <key>line</key>
      <integer>201</integer>
      <key>column</key>
      <integer>9</integer>
      <key>message</key>
      <string>HLS pragma dump _XLX_SEP_ PragmaIsValid=1_XLX_SEP_ PragmaType=interface_XLX_SEP_ PragmaContext=_XLX_SEP_ PragmaFunction=ALU_sys_HDL_XLX_SEP_ PragmaOptions=mode=m_axi port=a bundle=gmem0 depth=400 offset=slave_XLX_SEP_</string>
      <key>ID</key>
      <integer>5471</integer>
      <key>WarningOption</key>
      <string>dump-hls-pragmas</string>
    </dict>
    <dict>
      <key>level</key>
      <string>warning</string>
      <key>filename</key>
      <string>../NECST/NL2/M_AXI_ALU/ALU_sys_HDL/HLS/HLS_project/core.cpp</string>
      <key>line</key>
      <integer>202</integer>
      <key>column</key>
      <integer>9</integer>
      <key>message</key>
      <string>HLS pragma dump _XLX_SEP_ PragmaIsValid=1_XLX_SEP_ PragmaType=interface_XLX_SEP_ PragmaContext=_XLX_SEP_ PragmaFunction=ALU_sys_HDL_XLX_SEP_ PragmaOptions=mode=m_axi port=b bundle=gmem1 depth=400 offset=slave_XLX_SEP_</string>
      <key>ID</key>
      <integer>5471</integer>
      <key>WarningOption</key>
      <string>dump-hls-pragmas</string>
    </dict>
    <dict>
      <key>level</key>
      <string>warning</string>
      <key>filename</key>
      <string>../NECST/NL2/M_AXI_ALU/ALU_sys_HDL/HLS/HLS_project/core.cpp</string>
      <key>line</key>
      <integer>203</integer>
      <key>column</key>
      <integer>9</integer>
      <key>message</key>
      <string>HLS pragma dump _XLX_SEP_ PragmaIsValid=1_XLX_SEP_ PragmaType=interface_XLX_SEP_ PragmaContext=_XLX_SEP_ PragmaFunction=ALU_sys_HDL_XLX_SEP_ PragmaOptions=mode=m_axi port=c bundle=gmem2 depth=400 offset=slave_XLX_SEP_</string>
      <key>ID</key>
      <integer>5471</integer>
      <key>WarningOption</key>
      <string>dump-hls-pragmas</string>
    </dict>
    <dict>
      <key>level</key>
      <string>warning</string>
      <key>filename</key>
      <string>../NECST/NL2/M_AXI_ALU/ALU_sys_HDL/HLS/HLS_project/core.cpp</string>
      <key>line</key>
      <integer>204</integer>
      <key>column</key>
      <integer>9</integer>
      <key>message</key>
      <string>HLS pragma dump _XLX_SEP_ PragmaIsValid=1_XLX_SEP_ PragmaType=interface_XLX_SEP_ PragmaContext=_XLX_SEP_ PragmaFunction=ALU_sys_HDL_XLX_SEP_ PragmaOptions=mode=m_axi port=op bundle=gmem3 depth=400 offset=slave_XLX_SEP_</string>
      <key>ID</key>
      <integer>5471</integer>
      <key>WarningOption</key>
      <string>dump-hls-pragmas</string>
    </dict>
    <dict>
      <key>level</key>
      <string>warning</string>
      <key>filename</key>
      <string>../NECST/NL2/M_AXI_ALU/ALU_sys_HDL/HLS/HLS_project/core.cpp</string>
      <key>line</key>
      <integer>207</integer>
      <key>column</key>
      <integer>9</integer>
      <key>message</key>
      <string>HLS pragma dump _XLX_SEP_ PragmaIsValid=1_XLX_SEP_ PragmaType=stream_XLX_SEP_ PragmaContext=_XLX_SEP_ PragmaFunction=ALU_sys_HDL_XLX_SEP_ PragmaOptions=variable=data_a depth=400_XLX_SEP_</string>
      <key>ID</key>
      <integer>5471</integer>
      <key>WarningOption</key>
      <string>dump-hls-pragmas</string>
    </dict>
    <dict>
      <key>level</key>
      <string>warning</string>
      <key>filename</key>
      <string>../NECST/NL2/M_AXI_ALU/ALU_sys_HDL/HLS/HLS_project/core.cpp</string>
      <key>line</key>
      <integer>211</integer>
      <key>column</key>
      <integer>9</integer>
      <key>message</key>
      <string>HLS pragma dump _XLX_SEP_ PragmaIsValid=1_XLX_SEP_ PragmaType=stream_XLX_SEP_ PragmaContext=_XLX_SEP_ PragmaFunction=ALU_sys_HDL_XLX_SEP_ PragmaOptions=variable=data_b depth=400_XLX_SEP_</string>
      <key>ID</key>
      <integer>5471</integer>
      <key>WarningOption</key>
      <string>dump-hls-pragmas</string>
    </dict>
    <dict>
      <key>level</key>
      <string>warning</string>
      <key>filename</key>
      <string>../NECST/NL2/M_AXI_ALU/ALU_sys_HDL/HLS/HLS_project/core.cpp</string>
      <key>line</key>
      <integer>215</integer>
      <key>column</key>
      <integer>9</integer>
      <key>message</key>
      <string>HLS pragma dump _XLX_SEP_ PragmaIsValid=1_XLX_SEP_ PragmaType=stream_XLX_SEP_ PragmaContext=_XLX_SEP_ PragmaFunction=ALU_sys_HDL_XLX_SEP_ PragmaOptions=variable=data_result depth=400_XLX_SEP_</string>
      <key>ID</key>
      <integer>5471</integer>
      <key>WarningOption</key>
      <string>dump-hls-pragmas</string>
    </dict>
    <dict>
      <key>level</key>
      <string>warning</string>
      <key>filename</key>
      <string>../NECST/NL2/M_AXI_ALU/ALU_sys_HDL/HLS/HLS_project/core.cpp</string>
      <key>line</key>
      <integer>219</integer>
      <key>column</key>
      <integer>9</integer>
      <key>message</key>
      <string>HLS pragma dump _XLX_SEP_ PragmaIsValid=1_XLX_SEP_ PragmaType=stream_XLX_SEP_ PragmaContext=_XLX_SEP_ PragmaFunction=ALU_sys_HDL_XLX_SEP_ PragmaOptions=variable=ALU_operation depth=400_XLX_SEP_</string>
      <key>ID</key>
      <integer>5471</integer>
      <key>WarningOption</key>
      <string>dump-hls-pragmas</string>
    </dict>
    <dict>
      <key>level</key>
      <string>warning</string>
      <key>filename</key>
      <string>../NECST/NL2/M_AXI_ALU/ALU_sys_HDL/HLS/HLS_project/core.cpp</string>
      <key>line</key>
      <integer>225</integer>
      <key>column</key>
      <integer>9</integer>
      <key>message</key>
      <string>HLS pragma dump _XLX_SEP_ PragmaIsValid=1_XLX_SEP_ PragmaType=dataflow_XLX_SEP_ PragmaContext=_XLX_SEP_ PragmaFunction=ALU_sys_HDL_XLX_SEP_ PragmaOptions=_XLX_SEP_</string>
      <key>ID</key>
      <integer>5471</integer>
      <key>WarningOption</key>
      <string>dump-hls-pragmas</string>
    </dict>
  </array>
</dict>
