<stg><name>data_exe_wb_Pipeline_write_back</name>


<trans_list>

<trans id="61" from="1" to="2">
<condition id="-1">
<or_exp><and_exp></and_exp></or_exp>
</condition>
</trans>

<trans id="53" from="2" to="3">
<condition id="-1">
<or_exp><and_exp></and_exp></or_exp>
</condition>
</trans>

<trans id="54" from="3" to="4">
<condition id="-1">
<or_exp><and_exp></and_exp></or_exp>
</condition>
</trans>

<trans id="55" from="4" to="5">
<condition id="-1">
<or_exp><and_exp></and_exp></or_exp>
</condition>
</trans>

<trans id="56" from="5" to="6">
<condition id="-1">
<or_exp><and_exp></and_exp></or_exp>
</condition>
</trans>

<trans id="57" from="6" to="7">
<condition id="-1">
<or_exp><and_exp></and_exp></or_exp>
</condition>
</trans>

<trans id="58" from="7" to="8">
<condition id="-1">
<or_exp><and_exp></and_exp></or_exp>
</condition>
</trans>
</trans_list>



<state_list>

<state id="1" st_id="2">

<operation id="11" st_id="1" stage="1" lat="1">
<core>NULL</core>
<MemPortIdVec></MemPortIdVec>
<condition id="-1">
<or_exp><and_exp></and_exp></or_exp>
</condition>

<Node id="4" bw="9" op_0_bw="32">
<![CDATA[
newFuncRoot:0 %i = alloca i32 1

]]></Node>
<StgValue><ssdm name="i"/></StgValue>
</operation>

<operation id="12" st_id="1" stage="1" lat="1">
<core>NULL</core>
<MemPortIdVec></MemPortIdVec>
<condition id="-1">
<or_exp><and_exp></and_exp></or_exp>
</condition>

<Node id="5" bw="0" op_0_bw="0" op_1_bw="32" op_2_bw="0" op_3_bw="32" op_4_bw="32" op_5_bw="0" op_6_bw="32" op_7_bw="32" op_8_bw="0" op_9_bw="0" op_10_bw="0" op_11_bw="32" op_12_bw="32" op_13_bw="32" op_14_bw="32" op_15_bw="0" op_16_bw="0" op_17_bw="32" op_18_bw="32">
<![CDATA[
newFuncRoot:1 %specinterface_ln0 = specinterface void @_ssdm_op_SpecInterface, i32 %gmem2, void @empty_19, i32 0, i32 0, void @empty_20, i32 0, i32 400, void @empty_24, void @empty_22, void @empty_20, i32 16, i32 16, i32 16, i32 16, void @empty_20, void @empty_20, i32 4294967295, i32 0

]]></Node>
<StgValue><ssdm name="specinterface_ln0"/></StgValue>
</operation>

<operation id="13" st_id="1" stage="1" lat="1">
<core>NULL</core>
<MemPortIdVec></MemPortIdVec>
<condition id="-1">
<or_exp><and_exp></and_exp></or_exp>
</condition>

<Node id="6" bw="0" op_0_bw="0" op_1_bw="32" op_2_bw="0" op_3_bw="32" op_4_bw="32" op_5_bw="0" op_6_bw="32" op_7_bw="32" op_8_bw="0" op_9_bw="0" op_10_bw="0" op_11_bw="32" op_12_bw="32" op_13_bw="32" op_14_bw="32" op_15_bw="0" op_16_bw="0" op_17_bw="32" op_18_bw="32">
<![CDATA[
newFuncRoot:2 %specinterface_ln0 = specinterface void @_ssdm_op_SpecInterface, i32 %data_result, void @empty_16, i32 0, i32 0, void @empty_20, i32 0, i32 0, void @empty_20, void @empty_20, void @empty_20, i32 0, i32 0, i32 0, i32 0, void @empty_20, void @empty_20, i32 4294967295, i32 0

]]></Node>
<StgValue><ssdm name="specinterface_ln0"/></StgValue>
</operation>

<operation id="14" st_id="1" stage="1" lat="1">
<core>NULL</core>
<MemPortIdVec></MemPortIdVec>
<condition id="-1">
<or_exp><and_exp></and_exp></or_exp>
</condition>

<Node id="7" bw="64" op_0_bw="64" op_1_bw="64">
<![CDATA[
newFuncRoot:3 %c_read = read i64 @_ssdm_op_Read.ap_auto.i64, i64 %c

]]></Node>
<StgValue><ssdm name="c_read"/></StgValue>
</operation>

<operation id="15" st_id="1" stage="1" lat="1">
<core>NULL</core>
<MemPortIdVec></MemPortIdVec>
<condition id="-1">
<or_exp><and_exp></and_exp></or_exp>
</condition>

<Node id="8" bw="0" op_0_bw="9" op_1_bw="9">
<![CDATA[
newFuncRoot:4 %store_ln166 = store i9 0, i9 %i

]]></Node>
<StgValue><ssdm name="store_ln166"/></StgValue>
</operation>

<operation id="16" st_id="1" stage="1" lat="1">
<core>NULL</core>
<MemPortIdVec></MemPortIdVec>
<condition id="-1">
<or_exp><and_exp></and_exp></or_exp>
</condition>

<Node id="9" bw="0" op_0_bw="0">
<![CDATA[
newFuncRoot:5 %br_ln0 = br void %for.inc.i14.i

]]></Node>
<StgValue><ssdm name="br_ln0"/></StgValue>
</operation>

<operation id="17" st_id="1" stage="1" lat="1">
<core>NULL</core>
<MemPortIdVec></MemPortIdVec>
<condition id="-1">
<or_exp><and_exp></and_exp></or_exp>
</condition>

<Node id="11" bw="9" op_0_bw="9" op_1_bw="0">
<![CDATA[
for.inc.i14.i:0 %i_6 = load i9 %i

]]></Node>
<StgValue><ssdm name="i_6"/></StgValue>
</operation>

<operation id="18" st_id="1" stage="1" lat="1">
<core>Cmp</core>
<MemPortIdVec></MemPortIdVec>
<condition id="-1">
<or_exp><and_exp></and_exp></or_exp>
</condition>

<Node id="12" bw="1" op_0_bw="9" op_1_bw="9">
<![CDATA[
for.inc.i14.i:1 %icmp_ln166 = icmp_eq  i9 %i_6, i9 400

]]></Node>
<StgValue><ssdm name="icmp_ln166"/></StgValue>
</operation>

<operation id="19" st_id="1" stage="1" lat="1">
<core>Adder</core>
<MemPortIdVec></MemPortIdVec>
<condition id="-1">
<or_exp><and_exp></and_exp></or_exp>
</condition>

<Node id="13" bw="9" op_0_bw="9" op_1_bw="9">
<![CDATA[
for.inc.i14.i:2 %add_ln166 = add i9 %i_6, i9 1

]]></Node>
<StgValue><ssdm name="add_ln166"/></StgValue>
</operation>

<operation id="20" st_id="1" stage="1" lat="1">
<core>NULL</core>
<MemPortIdVec></MemPortIdVec>
<condition id="-1">
<or_exp><and_exp></and_exp></or_exp>
</condition>

<Node id="14" bw="0" op_0_bw="1" op_1_bw="0" op_2_bw="0">
<![CDATA[
for.inc.i14.i:3 %br_ln166 = br i1 %icmp_ln166, void %for.inc.i14.split.i, void %data_exe_wb.exit.exitStub

]]></Node>
<StgValue><ssdm name="br_ln166"/></StgValue>
</operation>

<operation id="21" st_id="1" stage="1" lat="1">
<core>NULL</core>
<MemPortIdVec></MemPortIdVec>
<condition id="-1">
<or_exp><and_exp><literal name="icmp_ln166" val="0"/>
</and_exp></or_exp>
</condition>

<Node id="20" bw="11" op_0_bw="11" op_1_bw="9" op_2_bw="2">
<![CDATA[
for.inc.i14.split.i:4 %shl_ln5 = bitconcatenate i11 @_ssdm_op_BitConcatenate.i11.i9.i2, i9 %i_6, i2 0

]]></Node>
<StgValue><ssdm name="shl_ln5"/></StgValue>
</operation>

<operation id="22" st_id="1" stage="1" lat="1">
<core>NULL</core>
<MemPortIdVec></MemPortIdVec>
<condition id="-1">
<or_exp><and_exp><literal name="icmp_ln166" val="0"/>
</and_exp></or_exp>
</condition>

<Node id="21" bw="64" op_0_bw="11">
<![CDATA[
for.inc.i14.split.i:5 %zext_ln169 = zext i11 %shl_ln5

]]></Node>
<StgValue><ssdm name="zext_ln169"/></StgValue>
</operation>

<operation id="23" st_id="1" stage="1" lat="1">
<core>Adder</core>
<MemPortIdVec></MemPortIdVec>
<condition id="-1">
<or_exp><and_exp><literal name="icmp_ln166" val="0"/>
</and_exp></or_exp>
</condition>

<Node id="22" bw="64" op_0_bw="64" op_1_bw="64">
<![CDATA[
for.inc.i14.split.i:6 %add_ln169 = add i64 %zext_ln169, i64 %c_read

]]></Node>
<StgValue><ssdm name="add_ln169"/></StgValue>
</operation>

<operation id="24" st_id="1" stage="1" lat="1">
<core>NULL</core>
<MemPortIdVec></MemPortIdVec>
<condition id="-1">
<or_exp><and_exp><literal name="icmp_ln166" val="0"/>
</and_exp></or_exp>
</condition>

<Node id="23" bw="62" op_0_bw="62" op_1_bw="64" op_2_bw="32" op_3_bw="32">
<![CDATA[
for.inc.i14.split.i:7 %trunc_ln5 = partselect i62 @_ssdm_op_PartSelect.i62.i64.i32.i32, i64 %add_ln169, i32 2, i32 63

]]></Node>
<StgValue><ssdm name="trunc_ln5"/></StgValue>
</operation>

<operation id="25" st_id="1" stage="1" lat="1">
<core>NULL</core>
<MemPortIdVec></MemPortIdVec>
<condition id="-1">
<or_exp><and_exp><literal name="icmp_ln166" val="0"/>
</and_exp></or_exp>
</condition>

<Node id="24" bw="64" op_0_bw="62">
<![CDATA[
for.inc.i14.split.i:8 %sext_ln169 = sext i62 %trunc_ln5

]]></Node>
<StgValue><ssdm name="sext_ln169"/></StgValue>
</operation>

<operation id="26" st_id="1" stage="1" lat="1">
<core>NULL</core>
<MemPortIdVec></MemPortIdVec>
<condition id="-1">
<or_exp><and_exp><literal name="icmp_ln166" val="0"/>
</and_exp></or_exp>
</condition>

<Node id="25" bw="32" op_0_bw="32" op_1_bw="64">
<![CDATA[
for.inc.i14.split.i:9 %gmem2_addr = getelementptr i32 %gmem2, i64 %sext_ln169

]]></Node>
<StgValue><ssdm name="gmem2_addr"/></StgValue>
</operation>

<operation id="27" st_id="1" stage="1" lat="1">
<core>NULL</core>
<MemPortIdVec></MemPortIdVec>
<condition id="-1">
<or_exp><and_exp><literal name="icmp_ln166" val="0"/>
</and_exp></or_exp>
</condition>

<Node id="29" bw="0" op_0_bw="9" op_1_bw="9" op_2_bw="0" op_3_bw="0">
<![CDATA[
for.inc.i14.split.i:13 %store_ln166 = store i9 %add_ln166, i9 %i

]]></Node>
<StgValue><ssdm name="store_ln166"/></StgValue>
</operation>
</state>

<state id="2" st_id="3">

<operation id="28" st_id="2" stage="1" lat="1">
<core>FIFO</core>
<MemPortIdVec></MemPortIdVec>
<condition id="-1">
<or_exp><and_exp></and_exp></or_exp>
</condition>

<Node id="19" bw="32" op_0_bw="32" op_1_bw="32">
<![CDATA[
for.inc.i14.split.i:3 %data_result_read = read i32 @_ssdm_op_Read.ap_fifo.volatile.i32P0A, i32 %data_result

]]></Node>
<StgValue><ssdm name="data_result_read"/></StgValue>
</operation>

<operation id="29" st_id="2" stage="1" lat="1">
<core>m_axi</core>
<MemPortIdVec></MemPortIdVec>
<condition id="-1">
<or_exp><and_exp></and_exp></or_exp>
</condition>

<Node id="26" bw="1" op_0_bw="1" op_1_bw="32" op_2_bw="32">
<![CDATA[
for.inc.i14.split.i:10 %gmem2_addr_req = writereq i1 @_ssdm_op_WriteReq.m_axi.i32P1A, i32 %gmem2_addr, i32 1

]]></Node>
<StgValue><ssdm name="gmem2_addr_req"/></StgValue>
</operation>
</state>

<state id="3" st_id="4">

<operation id="30" st_id="3" stage="1" lat="1">
<core>m_axi</core>
<MemPortIdVec></MemPortIdVec>
<condition id="-1">
<or_exp><and_exp></and_exp></or_exp>
</condition>

<Node id="27" bw="0" op_0_bw="0" op_1_bw="32" op_2_bw="32" op_3_bw="4" op_4_bw="0">
<![CDATA[
for.inc.i14.split.i:11 %write_ln169 = write void @_ssdm_op_Write.m_axi.volatile.i32P1A, i32 %gmem2_addr, i32 %data_result_read, i4 15

]]></Node>
<StgValue><ssdm name="write_ln169"/></StgValue>
</operation>
</state>

<state id="4" st_id="5">

<operation id="31" st_id="4" stage="5" lat="5">
<core>m_axi</core>
<MemPortIdVec></MemPortIdVec>
<condition id="-1">
<or_exp><and_exp></and_exp></or_exp>
</condition>

<Node id="28" bw="1" op_0_bw="1" op_1_bw="32" op_2_bw="0">
<![CDATA[
for.inc.i14.split.i:12 %gmem2_addr_resp = writeresp i1 @_ssdm_op_WriteResp.m_axi.i32P1A, i32 %gmem2_addr

]]></Node>
<StgValue><ssdm name="gmem2_addr_resp"/></StgValue>
</operation>
</state>

<state id="5" st_id="6">

<operation id="32" st_id="5" stage="4" lat="5">
<core>m_axi</core>
<MemPortIdVec></MemPortIdVec>
<condition id="-1">
<or_exp><and_exp></and_exp></or_exp>
</condition>

<Node id="28" bw="1" op_0_bw="1" op_1_bw="32" op_2_bw="0">
<![CDATA[
for.inc.i14.split.i:12 %gmem2_addr_resp = writeresp i1 @_ssdm_op_WriteResp.m_axi.i32P1A, i32 %gmem2_addr

]]></Node>
<StgValue><ssdm name="gmem2_addr_resp"/></StgValue>
</operation>
</state>

<state id="6" st_id="7">

<operation id="33" st_id="6" stage="3" lat="5">
<core>m_axi</core>
<MemPortIdVec></MemPortIdVec>
<condition id="-1">
<or_exp><and_exp></and_exp></or_exp>
</condition>

<Node id="28" bw="1" op_0_bw="1" op_1_bw="32" op_2_bw="0">
<![CDATA[
for.inc.i14.split.i:12 %gmem2_addr_resp = writeresp i1 @_ssdm_op_WriteResp.m_axi.i32P1A, i32 %gmem2_addr

]]></Node>
<StgValue><ssdm name="gmem2_addr_resp"/></StgValue>
</operation>
</state>

<state id="7" st_id="8">

<operation id="34" st_id="7" stage="2" lat="5">
<core>m_axi</core>
<MemPortIdVec></MemPortIdVec>
<condition id="-1">
<or_exp><and_exp></and_exp></or_exp>
</condition>

<Node id="28" bw="1" op_0_bw="1" op_1_bw="32" op_2_bw="0">
<![CDATA[
for.inc.i14.split.i:12 %gmem2_addr_resp = writeresp i1 @_ssdm_op_WriteResp.m_axi.i32P1A, i32 %gmem2_addr

]]></Node>
<StgValue><ssdm name="gmem2_addr_resp"/></StgValue>
</operation>

<operation id="40" st_id="7" stage="1" lat="1">
<core>NULL</core>
<MemPortIdVec></MemPortIdVec>
<condition id="-1">
<or_exp><and_exp><literal name="icmp_ln166" val="1"/>
</and_exp></or_exp>
</condition>

<Node id="32" bw="0">
<![CDATA[
data_exe_wb.exit.exitStub:0 %ret_ln0 = ret

]]></Node>
<StgValue><ssdm name="ret_ln0"/></StgValue>
</operation>
</state>

<state id="8" st_id="9">

<operation id="35" st_id="8" stage="1" lat="1">
<core>NULL</core>
<MemPortIdVec></MemPortIdVec>
<condition id="-1">
<or_exp><and_exp></and_exp></or_exp>
</condition>

<Node id="16" bw="0" op_0_bw="0" op_1_bw="32" op_2_bw="32" op_3_bw="32" op_4_bw="32" op_5_bw="0">
<![CDATA[
for.inc.i14.split.i:0 %specpipeline_ln168 = specpipeline void @_ssdm_op_SpecPipeline, i32 1, i32 0, i32 0, i32 0, void @empty_20

]]></Node>
<StgValue><ssdm name="specpipeline_ln168"/></StgValue>
</operation>

<operation id="36" st_id="8" stage="1" lat="1">
<core>NULL</core>
<MemPortIdVec></MemPortIdVec>
<condition id="-1">
<or_exp><and_exp></and_exp></or_exp>
</condition>

<Node id="17" bw="0" op_0_bw="0" op_1_bw="64" op_2_bw="64" op_3_bw="64">
<![CDATA[
for.inc.i14.split.i:1 %speclooptripcount_ln166 = speclooptripcount void @_ssdm_op_SpecLoopTripCount, i64 400, i64 400, i64 400

]]></Node>
<StgValue><ssdm name="speclooptripcount_ln166"/></StgValue>
</operation>

<operation id="37" st_id="8" stage="1" lat="1">
<core>NULL</core>
<MemPortIdVec></MemPortIdVec>
<condition id="-1">
<or_exp><and_exp></and_exp></or_exp>
</condition>

<Node id="18" bw="0" op_0_bw="0" op_1_bw="0">
<![CDATA[
for.inc.i14.split.i:2 %specloopname_ln166 = specloopname void @_ssdm_op_SpecLoopName, void @empty_7

]]></Node>
<StgValue><ssdm name="specloopname_ln166"/></StgValue>
</operation>

<operation id="38" st_id="8" stage="1" lat="5">
<core>m_axi</core>
<MemPortIdVec></MemPortIdVec>
<condition id="-1">
<or_exp><and_exp></and_exp></or_exp>
</condition>

<Node id="28" bw="1" op_0_bw="1" op_1_bw="32" op_2_bw="0">
<![CDATA[
for.inc.i14.split.i:12 %gmem2_addr_resp = writeresp i1 @_ssdm_op_WriteResp.m_axi.i32P1A, i32 %gmem2_addr

]]></Node>
<StgValue><ssdm name="gmem2_addr_resp"/></StgValue>
</operation>

<operation id="39" st_id="8" stage="1" lat="1">
<core>NULL</core>
<MemPortIdVec></MemPortIdVec>
<condition id="-1">
<or_exp><and_exp></and_exp></or_exp>
</condition>

<Node id="30" bw="0" op_0_bw="0">
<![CDATA[
for.inc.i14.split.i:14 %br_ln166 = br void %for.inc.i14.i

]]></Node>
<StgValue><ssdm name="br_ln166"/></StgValue>
</operation>
</state>
</state_list>


<ports>
<port id="62" name="c" dir="0" iftype="0">
<core>NULL</core><StgValue><ssdm name="c"/></StgValue>
</port>
<port id="63" name="gmem2" dir="1" iftype="4">
<core>NULL</core><StgValue><ssdm name="gmem2"/></StgValue>
</port>
<port id="64" name="data_result" dir="0" iftype="3">
<core>FIFO</core><StgValue><ssdm name="data_result"/></StgValue>
</port>
</ports>


<dataflows>
<dataflow id="66" from="StgValue_65" to="i" fromId="65" toId="11">
</dataflow>
<dataflow id="68" from="_ssdm_op_SpecInterface" to="specinterface_ln0" fromId="67" toId="12">
</dataflow>
<dataflow id="69" from="gmem2" to="specinterface_ln0" fromId="63" toId="12">
</dataflow>
<dataflow id="71" from="empty_19" to="specinterface_ln0" fromId="70" toId="12">
</dataflow>
<dataflow id="73" from="StgValue_72" to="specinterface_ln0" fromId="72" toId="12">
</dataflow>
<dataflow id="74" from="StgValue_72" to="specinterface_ln0" fromId="72" toId="12">
</dataflow>
<dataflow id="76" from="empty_20" to="specinterface_ln0" fromId="75" toId="12">
</dataflow>
<dataflow id="77" from="StgValue_72" to="specinterface_ln0" fromId="72" toId="12">
</dataflow>
<dataflow id="79" from="StgValue_78" to="specinterface_ln0" fromId="78" toId="12">
</dataflow>
<dataflow id="81" from="empty_24" to="specinterface_ln0" fromId="80" toId="12">
</dataflow>
<dataflow id="83" from="empty_22" to="specinterface_ln0" fromId="82" toId="12">
</dataflow>
<dataflow id="84" from="empty_20" to="specinterface_ln0" fromId="75" toId="12">
</dataflow>
<dataflow id="86" from="StgValue_85" to="specinterface_ln0" fromId="85" toId="12">
</dataflow>
<dataflow id="87" from="StgValue_85" to="specinterface_ln0" fromId="85" toId="12">
</dataflow>
<dataflow id="88" from="StgValue_85" to="specinterface_ln0" fromId="85" toId="12">
</dataflow>
<dataflow id="89" from="StgValue_85" to="specinterface_ln0" fromId="85" toId="12">
</dataflow>
<dataflow id="90" from="empty_20" to="specinterface_ln0" fromId="75" toId="12">
</dataflow>
<dataflow id="91" from="empty_20" to="specinterface_ln0" fromId="75" toId="12">
</dataflow>
<dataflow id="93" from="StgValue_92" to="specinterface_ln0" fromId="92" toId="12">
</dataflow>
<dataflow id="94" from="StgValue_72" to="specinterface_ln0" fromId="72" toId="12">
</dataflow>
<dataflow id="95" from="_ssdm_op_SpecInterface" to="specinterface_ln0" fromId="67" toId="13">
</dataflow>
<dataflow id="96" from="data_result" to="specinterface_ln0" fromId="64" toId="13">
</dataflow>
<dataflow id="98" from="empty_16" to="specinterface_ln0" fromId="97" toId="13">
</dataflow>
<dataflow id="99" from="StgValue_72" to="specinterface_ln0" fromId="72" toId="13">
</dataflow>
<dataflow id="100" from="StgValue_72" to="specinterface_ln0" fromId="72" toId="13">
</dataflow>
<dataflow id="101" from="empty_20" to="specinterface_ln0" fromId="75" toId="13">
</dataflow>
<dataflow id="102" from="StgValue_72" to="specinterface_ln0" fromId="72" toId="13">
</dataflow>
<dataflow id="103" from="StgValue_72" to="specinterface_ln0" fromId="72" toId="13">
</dataflow>
<dataflow id="104" from="empty_20" to="specinterface_ln0" fromId="75" toId="13">
</dataflow>
<dataflow id="105" from="empty_20" to="specinterface_ln0" fromId="75" toId="13">
</dataflow>
<dataflow id="106" from="empty_20" to="specinterface_ln0" fromId="75" toId="13">
</dataflow>
<dataflow id="107" from="StgValue_72" to="specinterface_ln0" fromId="72" toId="13">
</dataflow>
<dataflow id="108" from="StgValue_72" to="specinterface_ln0" fromId="72" toId="13">
</dataflow>
<dataflow id="109" from="StgValue_72" to="specinterface_ln0" fromId="72" toId="13">
</dataflow>
<dataflow id="110" from="StgValue_72" to="specinterface_ln0" fromId="72" toId="13">
</dataflow>
<dataflow id="111" from="empty_20" to="specinterface_ln0" fromId="75" toId="13">
</dataflow>
<dataflow id="112" from="empty_20" to="specinterface_ln0" fromId="75" toId="13">
</dataflow>
<dataflow id="113" from="StgValue_92" to="specinterface_ln0" fromId="92" toId="13">
</dataflow>
<dataflow id="114" from="StgValue_72" to="specinterface_ln0" fromId="72" toId="13">
</dataflow>
<dataflow id="116" from="_ssdm_op_Read.ap_auto.i64" to="c_read" fromId="115" toId="14">
</dataflow>
<dataflow id="117" from="c" to="c_read" fromId="62" toId="14">
</dataflow>
<dataflow id="119" from="StgValue_118" to="store_ln166" fromId="118" toId="15">
</dataflow>
<dataflow id="120" from="i" to="store_ln166" fromId="11" toId="15">
</dataflow>
<dataflow id="121" from="i" to="i_6" fromId="11" toId="17">
</dataflow>
<dataflow id="122" from="i_6" to="icmp_ln166" fromId="17" toId="18">
</dataflow>
<dataflow id="124" from="StgValue_123" to="icmp_ln166" fromId="123" toId="18">
</dataflow>
<dataflow id="125" from="i_6" to="add_ln166" fromId="17" toId="19">
</dataflow>
<dataflow id="127" from="StgValue_126" to="add_ln166" fromId="126" toId="19">
</dataflow>
<dataflow id="128" from="icmp_ln166" to="br_ln166" fromId="18" toId="20">
</dataflow>
<dataflow id="130" from="_ssdm_op_BitConcatenate.i11.i9.i2" to="shl_ln5" fromId="129" toId="21">
</dataflow>
<dataflow id="131" from="i_6" to="shl_ln5" fromId="17" toId="21">
</dataflow>
<dataflow id="133" from="StgValue_132" to="shl_ln5" fromId="132" toId="21">
</dataflow>
<dataflow id="134" from="shl_ln5" to="zext_ln169" fromId="21" toId="22">
</dataflow>
<dataflow id="135" from="zext_ln169" to="add_ln169" fromId="22" toId="23">
</dataflow>
<dataflow id="136" from="c_read" to="add_ln169" fromId="14" toId="23">
</dataflow>
<dataflow id="138" from="_ssdm_op_PartSelect.i62.i64.i32.i32" to="trunc_ln5" fromId="137" toId="24">
</dataflow>
<dataflow id="139" from="add_ln169" to="trunc_ln5" fromId="23" toId="24">
</dataflow>
<dataflow id="141" from="StgValue_140" to="trunc_ln5" fromId="140" toId="24">
</dataflow>
<dataflow id="143" from="StgValue_142" to="trunc_ln5" fromId="142" toId="24">
</dataflow>
<dataflow id="144" from="trunc_ln5" to="sext_ln169" fromId="24" toId="25">
</dataflow>
<dataflow id="145" from="gmem2" to="gmem2_addr" fromId="63" toId="26">
</dataflow>
<dataflow id="146" from="sext_ln169" to="gmem2_addr" fromId="25" toId="26">
</dataflow>
<dataflow id="147" from="add_ln166" to="store_ln166" fromId="19" toId="27">
</dataflow>
<dataflow id="148" from="i" to="store_ln166" fromId="11" toId="27">
</dataflow>
<dataflow id="150" from="_ssdm_op_Read.ap_fifo.volatile.i32P0A" to="data_result_read" fromId="149" toId="28">
</dataflow>
<dataflow id="151" from="data_result" to="data_result_read" fromId="64" toId="28">
</dataflow>
<dataflow id="153" from="_ssdm_op_WriteReq.m_axi.i32P1A" to="gmem2_addr_req" fromId="152" toId="29">
</dataflow>
<dataflow id="154" from="gmem2_addr" to="gmem2_addr_req" fromId="26" toId="29">
</dataflow>
<dataflow id="155" from="StgValue_65" to="gmem2_addr_req" fromId="65" toId="29">
</dataflow>
<dataflow id="157" from="_ssdm_op_Write.m_axi.volatile.i32P1A" to="write_ln169" fromId="156" toId="30">
</dataflow>
<dataflow id="158" from="gmem2_addr" to="write_ln169" fromId="26" toId="30">
</dataflow>
<dataflow id="159" from="data_result_read" to="write_ln169" fromId="28" toId="30">
</dataflow>
<dataflow id="161" from="StgValue_160" to="write_ln169" fromId="160" toId="30">
</dataflow>
<dataflow id="163" from="_ssdm_op_WriteResp.m_axi.i32P1A" to="gmem2_addr_resp" fromId="162" toId="31">
</dataflow>
<dataflow id="164" from="gmem2_addr" to="gmem2_addr_resp" fromId="26" toId="31">
</dataflow>
<dataflow id="165" from="_ssdm_op_WriteResp.m_axi.i32P1A" to="gmem2_addr_resp" fromId="162" toId="32">
</dataflow>
<dataflow id="166" from="gmem2_addr" to="gmem2_addr_resp" fromId="26" toId="32">
</dataflow>
<dataflow id="167" from="_ssdm_op_WriteResp.m_axi.i32P1A" to="gmem2_addr_resp" fromId="162" toId="33">
</dataflow>
<dataflow id="168" from="gmem2_addr" to="gmem2_addr_resp" fromId="26" toId="33">
</dataflow>
<dataflow id="169" from="_ssdm_op_WriteResp.m_axi.i32P1A" to="gmem2_addr_resp" fromId="162" toId="34">
</dataflow>
<dataflow id="170" from="gmem2_addr" to="gmem2_addr_resp" fromId="26" toId="34">
</dataflow>
<dataflow id="172" from="_ssdm_op_SpecPipeline" to="specpipeline_ln168" fromId="171" toId="35">
</dataflow>
<dataflow id="173" from="StgValue_65" to="specpipeline_ln168" fromId="65" toId="35">
</dataflow>
<dataflow id="174" from="StgValue_72" to="specpipeline_ln168" fromId="72" toId="35">
</dataflow>
<dataflow id="175" from="StgValue_72" to="specpipeline_ln168" fromId="72" toId="35">
</dataflow>
<dataflow id="176" from="StgValue_72" to="specpipeline_ln168" fromId="72" toId="35">
</dataflow>
<dataflow id="177" from="empty_20" to="specpipeline_ln168" fromId="75" toId="35">
</dataflow>
<dataflow id="179" from="_ssdm_op_SpecLoopTripCount" to="speclooptripcount_ln166" fromId="178" toId="36">
</dataflow>
<dataflow id="181" from="StgValue_180" to="speclooptripcount_ln166" fromId="180" toId="36">
</dataflow>
<dataflow id="182" from="StgValue_180" to="speclooptripcount_ln166" fromId="180" toId="36">
</dataflow>
<dataflow id="183" from="StgValue_180" to="speclooptripcount_ln166" fromId="180" toId="36">
</dataflow>
<dataflow id="185" from="_ssdm_op_SpecLoopName" to="specloopname_ln166" fromId="184" toId="37">
</dataflow>
<dataflow id="187" from="empty_7" to="specloopname_ln166" fromId="186" toId="37">
</dataflow>
<dataflow id="188" from="_ssdm_op_WriteResp.m_axi.i32P1A" to="gmem2_addr_resp" fromId="162" toId="38">
</dataflow>
<dataflow id="189" from="gmem2_addr" to="gmem2_addr_resp" fromId="26" toId="38">
</dataflow>
<dataflow id="190" from="icmp_ln166" to="StgValue_2" fromId="18" toId="2">
</dataflow>
<dataflow id="191" from="icmp_ln166" to="StgValue_8" fromId="18" toId="8">
</dataflow>
</dataflows>


</stg>
