<stg><name>data_exe_wb_Pipeline_l_data_a</name>


<trans_list>

<trans id="72" from="1" to="2">
<condition id="-1">
<or_exp><and_exp></and_exp></or_exp>
</condition>
</trans>

<trans id="61" from="2" to="3">
<condition id="-1">
<or_exp><and_exp></and_exp></or_exp>
</condition>
</trans>

<trans id="62" from="3" to="4">
<condition id="-1">
<or_exp><and_exp></and_exp></or_exp>
</condition>
</trans>

<trans id="63" from="4" to="5">
<condition id="-1">
<or_exp><and_exp></and_exp></or_exp>
</condition>
</trans>

<trans id="64" from="5" to="6">
<condition id="-1">
<or_exp><and_exp></and_exp></or_exp>
</condition>
</trans>

<trans id="65" from="6" to="7">
<condition id="-1">
<or_exp><and_exp></and_exp></or_exp>
</condition>
</trans>

<trans id="66" from="7" to="8">
<condition id="-1">
<or_exp><and_exp></and_exp></or_exp>
</condition>
</trans>

<trans id="67" from="8" to="9">
<condition id="-1">
<or_exp><and_exp></and_exp></or_exp>
</condition>
</trans>

<trans id="68" from="9" to="10">
<condition id="-1">
<or_exp><and_exp></and_exp></or_exp>
</condition>
</trans>

<trans id="69" from="10" to="11">
<condition id="-1">
<or_exp><and_exp></and_exp></or_exp>
</condition>
</trans>
</trans_list>



<state_list>

<state id="1" st_id="2">

<operation id="14" st_id="1" stage="1" lat="1">
<core>NULL</core>
<MemPortIdVec></MemPortIdVec>
<condition id="-1">
<or_exp><and_exp></and_exp></or_exp>
</condition>

<Node id="4" bw="9" op_0_bw="32">
<![CDATA[
newFuncRoot:0 %i = alloca i32 1

]]></Node>
<StgValue><ssdm name="i"/></StgValue>
</operation>

<operation id="15" st_id="1" stage="1" lat="1">
<core>NULL</core>
<MemPortIdVec></MemPortIdVec>
<condition id="-1">
<or_exp><and_exp></and_exp></or_exp>
</condition>

<Node id="5" bw="0" op_0_bw="0" op_1_bw="32" op_2_bw="0" op_3_bw="32" op_4_bw="32" op_5_bw="0" op_6_bw="32" op_7_bw="32" op_8_bw="0" op_9_bw="0" op_10_bw="0" op_11_bw="32" op_12_bw="32" op_13_bw="32" op_14_bw="32" op_15_bw="0" op_16_bw="0" op_17_bw="32" op_18_bw="32">
<![CDATA[
newFuncRoot:1 %specinterface_ln0 = specinterface void @_ssdm_op_SpecInterface, i32 %gmem0, void @empty_19, i32 0, i32 0, void @empty_20, i32 0, i32 400, void @empty_21, void @empty_22, void @empty_20, i32 16, i32 16, i32 16, i32 16, void @empty_20, void @empty_20, i32 4294967295, i32 0

]]></Node>
<StgValue><ssdm name="specinterface_ln0"/></StgValue>
</operation>

<operation id="16" st_id="1" stage="1" lat="1">
<core>NULL</core>
<MemPortIdVec></MemPortIdVec>
<condition id="-1">
<or_exp><and_exp></and_exp></or_exp>
</condition>

<Node id="6" bw="0" op_0_bw="0" op_1_bw="32" op_2_bw="0" op_3_bw="32" op_4_bw="32" op_5_bw="0" op_6_bw="32" op_7_bw="32" op_8_bw="0" op_9_bw="0" op_10_bw="0" op_11_bw="32" op_12_bw="32" op_13_bw="32" op_14_bw="32" op_15_bw="0" op_16_bw="0" op_17_bw="32" op_18_bw="32">
<![CDATA[
newFuncRoot:2 %specinterface_ln0 = specinterface void @_ssdm_op_SpecInterface, i32 %data_a, void @empty_16, i32 0, i32 0, void @empty_20, i32 0, i32 0, void @empty_20, void @empty_20, void @empty_20, i32 0, i32 0, i32 0, i32 0, void @empty_20, void @empty_20, i32 4294967295, i32 0

]]></Node>
<StgValue><ssdm name="specinterface_ln0"/></StgValue>
</operation>

<operation id="17" st_id="1" stage="1" lat="1">
<core>NULL</core>
<MemPortIdVec></MemPortIdVec>
<condition id="-1">
<or_exp><and_exp></and_exp></or_exp>
</condition>

<Node id="7" bw="64" op_0_bw="64" op_1_bw="64">
<![CDATA[
newFuncRoot:3 %a_read = read i64 @_ssdm_op_Read.ap_auto.i64, i64 %a

]]></Node>
<StgValue><ssdm name="a_read"/></StgValue>
</operation>

<operation id="18" st_id="1" stage="1" lat="1">
<core>NULL</core>
<MemPortIdVec></MemPortIdVec>
<condition id="-1">
<or_exp><and_exp></and_exp></or_exp>
</condition>

<Node id="8" bw="0" op_0_bw="9" op_1_bw="9">
<![CDATA[
newFuncRoot:4 %store_ln56 = store i9 0, i9 %i

]]></Node>
<StgValue><ssdm name="store_ln56"/></StgValue>
</operation>

<operation id="19" st_id="1" stage="1" lat="1">
<core>NULL</core>
<MemPortIdVec></MemPortIdVec>
<condition id="-1">
<or_exp><and_exp></and_exp></or_exp>
</condition>

<Node id="9" bw="0" op_0_bw="0">
<![CDATA[
newFuncRoot:5 %br_ln0 = br void %for.inc.i.i

]]></Node>
<StgValue><ssdm name="br_ln0"/></StgValue>
</operation>

<operation id="20" st_id="1" stage="1" lat="1">
<core>NULL</core>
<MemPortIdVec></MemPortIdVec>
<condition id="-1">
<or_exp><and_exp></and_exp></or_exp>
</condition>

<Node id="11" bw="9" op_0_bw="9" op_1_bw="0">
<![CDATA[
for.inc.i.i:0 %i_8 = load i9 %i

]]></Node>
<StgValue><ssdm name="i_8"/></StgValue>
</operation>

<operation id="21" st_id="1" stage="1" lat="1">
<core>Cmp</core>
<MemPortIdVec></MemPortIdVec>
<condition id="-1">
<or_exp><and_exp></and_exp></or_exp>
</condition>

<Node id="12" bw="1" op_0_bw="9" op_1_bw="9">
<![CDATA[
for.inc.i.i:1 %icmp_ln56 = icmp_eq  i9 %i_8, i9 400

]]></Node>
<StgValue><ssdm name="icmp_ln56"/></StgValue>
</operation>

<operation id="22" st_id="1" stage="1" lat="1">
<core>Adder</core>
<MemPortIdVec></MemPortIdVec>
<condition id="-1">
<or_exp><and_exp></and_exp></or_exp>
</condition>

<Node id="13" bw="9" op_0_bw="9" op_1_bw="9">
<![CDATA[
for.inc.i.i:2 %add_ln56 = add i9 %i_8, i9 1

]]></Node>
<StgValue><ssdm name="add_ln56"/></StgValue>
</operation>

<operation id="23" st_id="1" stage="1" lat="1">
<core>NULL</core>
<MemPortIdVec></MemPortIdVec>
<condition id="-1">
<or_exp><and_exp></and_exp></or_exp>
</condition>

<Node id="14" bw="0" op_0_bw="1" op_1_bw="0" op_2_bw="0">
<![CDATA[
for.inc.i.i:3 %br_ln56 = br i1 %icmp_ln56, void %for.inc.i.split.i, void %for.inc.i5.i.preheader.exitStub

]]></Node>
<StgValue><ssdm name="br_ln56"/></StgValue>
</operation>

<operation id="24" st_id="1" stage="1" lat="1">
<core>NULL</core>
<MemPortIdVec></MemPortIdVec>
<condition id="-1">
<or_exp><and_exp><literal name="icmp_ln56" val="0"/>
</and_exp></or_exp>
</condition>

<Node id="19" bw="11" op_0_bw="11" op_1_bw="9" op_2_bw="2">
<![CDATA[
for.inc.i.split.i:3 %shl_ln = bitconcatenate i11 @_ssdm_op_BitConcatenate.i11.i9.i2, i9 %i_8, i2 0

]]></Node>
<StgValue><ssdm name="shl_ln"/></StgValue>
</operation>

<operation id="25" st_id="1" stage="1" lat="1">
<core>NULL</core>
<MemPortIdVec></MemPortIdVec>
<condition id="-1">
<or_exp><and_exp><literal name="icmp_ln56" val="0"/>
</and_exp></or_exp>
</condition>

<Node id="20" bw="64" op_0_bw="11">
<![CDATA[
for.inc.i.split.i:4 %zext_ln60 = zext i11 %shl_ln

]]></Node>
<StgValue><ssdm name="zext_ln60"/></StgValue>
</operation>

<operation id="26" st_id="1" stage="1" lat="1">
<core>Adder</core>
<MemPortIdVec></MemPortIdVec>
<condition id="-1">
<or_exp><and_exp><literal name="icmp_ln56" val="0"/>
</and_exp></or_exp>
</condition>

<Node id="21" bw="64" op_0_bw="64" op_1_bw="64">
<![CDATA[
for.inc.i.split.i:5 %add_ln60 = add i64 %zext_ln60, i64 %a_read

]]></Node>
<StgValue><ssdm name="add_ln60"/></StgValue>
</operation>

<operation id="27" st_id="1" stage="1" lat="1">
<core>NULL</core>
<MemPortIdVec></MemPortIdVec>
<condition id="-1">
<or_exp><and_exp><literal name="icmp_ln56" val="0"/>
</and_exp></or_exp>
</condition>

<Node id="22" bw="62" op_0_bw="62" op_1_bw="64" op_2_bw="32" op_3_bw="32">
<![CDATA[
for.inc.i.split.i:6 %trunc_ln = partselect i62 @_ssdm_op_PartSelect.i62.i64.i32.i32, i64 %add_ln60, i32 2, i32 63

]]></Node>
<StgValue><ssdm name="trunc_ln"/></StgValue>
</operation>

<operation id="28" st_id="1" stage="1" lat="1">
<core>NULL</core>
<MemPortIdVec></MemPortIdVec>
<condition id="-1">
<or_exp><and_exp><literal name="icmp_ln56" val="0"/>
</and_exp></or_exp>
</condition>

<Node id="23" bw="64" op_0_bw="62">
<![CDATA[
for.inc.i.split.i:7 %sext_ln60 = sext i62 %trunc_ln

]]></Node>
<StgValue><ssdm name="sext_ln60"/></StgValue>
</operation>

<operation id="29" st_id="1" stage="1" lat="1">
<core>NULL</core>
<MemPortIdVec></MemPortIdVec>
<condition id="-1">
<or_exp><and_exp><literal name="icmp_ln56" val="0"/>
</and_exp></or_exp>
</condition>

<Node id="24" bw="32" op_0_bw="32" op_1_bw="64">
<![CDATA[
for.inc.i.split.i:8 %gmem0_addr = getelementptr i32 %gmem0, i64 %sext_ln60

]]></Node>
<StgValue><ssdm name="gmem0_addr"/></StgValue>
</operation>

<operation id="30" st_id="1" stage="1" lat="1">
<core>NULL</core>
<MemPortIdVec></MemPortIdVec>
<condition id="-1">
<or_exp><and_exp><literal name="icmp_ln56" val="0"/>
</and_exp></or_exp>
</condition>

<Node id="28" bw="0" op_0_bw="9" op_1_bw="9" op_2_bw="0" op_3_bw="0">
<![CDATA[
for.inc.i.split.i:12 %store_ln56 = store i9 %add_ln56, i9 %i

]]></Node>
<StgValue><ssdm name="store_ln56"/></StgValue>
</operation>
</state>

<state id="2" st_id="3">

<operation id="31" st_id="2" stage="8" lat="8">
<core>m_axi</core>
<MemPortIdVec></MemPortIdVec>
<condition id="-1">
<or_exp><and_exp></and_exp></or_exp>
</condition>

<Node id="25" bw="1" op_0_bw="1" op_1_bw="32" op_2_bw="32">
<![CDATA[
for.inc.i.split.i:9 %tmp_a_req = readreq i1 @_ssdm_op_ReadReq.m_axi.i32P1A, i32 %gmem0_addr, i32 1

]]></Node>
<StgValue><ssdm name="tmp_a_req"/></StgValue>
</operation>
</state>

<state id="3" st_id="4">

<operation id="32" st_id="3" stage="7" lat="8">
<core>m_axi</core>
<MemPortIdVec></MemPortIdVec>
<condition id="-1">
<or_exp><and_exp></and_exp></or_exp>
</condition>

<Node id="25" bw="1" op_0_bw="1" op_1_bw="32" op_2_bw="32">
<![CDATA[
for.inc.i.split.i:9 %tmp_a_req = readreq i1 @_ssdm_op_ReadReq.m_axi.i32P1A, i32 %gmem0_addr, i32 1

]]></Node>
<StgValue><ssdm name="tmp_a_req"/></StgValue>
</operation>
</state>

<state id="4" st_id="5">

<operation id="33" st_id="4" stage="6" lat="8">
<core>m_axi</core>
<MemPortIdVec></MemPortIdVec>
<condition id="-1">
<or_exp><and_exp></and_exp></or_exp>
</condition>

<Node id="25" bw="1" op_0_bw="1" op_1_bw="32" op_2_bw="32">
<![CDATA[
for.inc.i.split.i:9 %tmp_a_req = readreq i1 @_ssdm_op_ReadReq.m_axi.i32P1A, i32 %gmem0_addr, i32 1

]]></Node>
<StgValue><ssdm name="tmp_a_req"/></StgValue>
</operation>
</state>

<state id="5" st_id="6">

<operation id="34" st_id="5" stage="5" lat="8">
<core>m_axi</core>
<MemPortIdVec></MemPortIdVec>
<condition id="-1">
<or_exp><and_exp></and_exp></or_exp>
</condition>

<Node id="25" bw="1" op_0_bw="1" op_1_bw="32" op_2_bw="32">
<![CDATA[
for.inc.i.split.i:9 %tmp_a_req = readreq i1 @_ssdm_op_ReadReq.m_axi.i32P1A, i32 %gmem0_addr, i32 1

]]></Node>
<StgValue><ssdm name="tmp_a_req"/></StgValue>
</operation>
</state>

<state id="6" st_id="7">

<operation id="35" st_id="6" stage="4" lat="8">
<core>m_axi</core>
<MemPortIdVec></MemPortIdVec>
<condition id="-1">
<or_exp><and_exp></and_exp></or_exp>
</condition>

<Node id="25" bw="1" op_0_bw="1" op_1_bw="32" op_2_bw="32">
<![CDATA[
for.inc.i.split.i:9 %tmp_a_req = readreq i1 @_ssdm_op_ReadReq.m_axi.i32P1A, i32 %gmem0_addr, i32 1

]]></Node>
<StgValue><ssdm name="tmp_a_req"/></StgValue>
</operation>
</state>

<state id="7" st_id="8">

<operation id="36" st_id="7" stage="3" lat="8">
<core>m_axi</core>
<MemPortIdVec></MemPortIdVec>
<condition id="-1">
<or_exp><and_exp></and_exp></or_exp>
</condition>

<Node id="25" bw="1" op_0_bw="1" op_1_bw="32" op_2_bw="32">
<![CDATA[
for.inc.i.split.i:9 %tmp_a_req = readreq i1 @_ssdm_op_ReadReq.m_axi.i32P1A, i32 %gmem0_addr, i32 1

]]></Node>
<StgValue><ssdm name="tmp_a_req"/></StgValue>
</operation>
</state>

<state id="8" st_id="9">

<operation id="37" st_id="8" stage="2" lat="8">
<core>m_axi</core>
<MemPortIdVec></MemPortIdVec>
<condition id="-1">
<or_exp><and_exp></and_exp></or_exp>
</condition>

<Node id="25" bw="1" op_0_bw="1" op_1_bw="32" op_2_bw="32">
<![CDATA[
for.inc.i.split.i:9 %tmp_a_req = readreq i1 @_ssdm_op_ReadReq.m_axi.i32P1A, i32 %gmem0_addr, i32 1

]]></Node>
<StgValue><ssdm name="tmp_a_req"/></StgValue>
</operation>
</state>

<state id="9" st_id="10">

<operation id="38" st_id="9" stage="1" lat="8">
<core>m_axi</core>
<MemPortIdVec></MemPortIdVec>
<condition id="-1">
<or_exp><and_exp></and_exp></or_exp>
</condition>

<Node id="25" bw="1" op_0_bw="1" op_1_bw="32" op_2_bw="32">
<![CDATA[
for.inc.i.split.i:9 %tmp_a_req = readreq i1 @_ssdm_op_ReadReq.m_axi.i32P1A, i32 %gmem0_addr, i32 1

]]></Node>
<StgValue><ssdm name="tmp_a_req"/></StgValue>
</operation>
</state>

<state id="10" st_id="11">

<operation id="39" st_id="10" stage="1" lat="1">
<core>m_axi</core>
<MemPortIdVec></MemPortIdVec>
<condition id="-1">
<or_exp><and_exp></and_exp></or_exp>
</condition>

<Node id="26" bw="32" op_0_bw="32" op_1_bw="32" op_2_bw="0">
<![CDATA[
for.inc.i.split.i:10 %tmp_a = read i32 @_ssdm_op_Read.m_axi.volatile.i32P1A, i32 %gmem0_addr

]]></Node>
<StgValue><ssdm name="tmp_a"/></StgValue>
</operation>

<operation id="45" st_id="10" stage="1" lat="1">
<core>NULL</core>
<MemPortIdVec></MemPortIdVec>
<condition id="-1">
<or_exp><and_exp><literal name="icmp_ln56" val="1"/>
</and_exp></or_exp>
</condition>

<Node id="31" bw="0">
<![CDATA[
for.inc.i5.i.preheader.exitStub:0 %ret_ln0 = ret

]]></Node>
<StgValue><ssdm name="ret_ln0"/></StgValue>
</operation>
</state>

<state id="11" st_id="12">

<operation id="40" st_id="11" stage="1" lat="1">
<core>NULL</core>
<MemPortIdVec></MemPortIdVec>
<condition id="-1">
<or_exp><and_exp></and_exp></or_exp>
</condition>

<Node id="16" bw="0" op_0_bw="0" op_1_bw="32" op_2_bw="32" op_3_bw="32" op_4_bw="32" op_5_bw="0">
<![CDATA[
for.inc.i.split.i:0 %specpipeline_ln58 = specpipeline void @_ssdm_op_SpecPipeline, i32 1, i32 0, i32 0, i32 0, void @empty_20

]]></Node>
<StgValue><ssdm name="specpipeline_ln58"/></StgValue>
</operation>

<operation id="41" st_id="11" stage="1" lat="1">
<core>NULL</core>
<MemPortIdVec></MemPortIdVec>
<condition id="-1">
<or_exp><and_exp></and_exp></or_exp>
</condition>

<Node id="17" bw="0" op_0_bw="0" op_1_bw="64" op_2_bw="64" op_3_bw="64">
<![CDATA[
for.inc.i.split.i:1 %speclooptripcount_ln56 = speclooptripcount void @_ssdm_op_SpecLoopTripCount, i64 400, i64 400, i64 400

]]></Node>
<StgValue><ssdm name="speclooptripcount_ln56"/></StgValue>
</operation>

<operation id="42" st_id="11" stage="1" lat="1">
<core>NULL</core>
<MemPortIdVec></MemPortIdVec>
<condition id="-1">
<or_exp><and_exp></and_exp></or_exp>
</condition>

<Node id="18" bw="0" op_0_bw="0" op_1_bw="0">
<![CDATA[
for.inc.i.split.i:2 %specloopname_ln56 = specloopname void @_ssdm_op_SpecLoopName, void @empty_11

]]></Node>
<StgValue><ssdm name="specloopname_ln56"/></StgValue>
</operation>

<operation id="43" st_id="11" stage="1" lat="1">
<core>FIFO</core>
<MemPortIdVec></MemPortIdVec>
<condition id="-1">
<or_exp><and_exp></and_exp></or_exp>
</condition>

<Node id="27" bw="0" op_0_bw="0" op_1_bw="32" op_2_bw="32">
<![CDATA[
for.inc.i.split.i:11 %write_ln61 = write void @_ssdm_op_Write.ap_fifo.volatile.i32P0A, i32 %data_a, i32 %tmp_a

]]></Node>
<StgValue><ssdm name="write_ln61"/></StgValue>
</operation>

<operation id="44" st_id="11" stage="1" lat="1">
<core>NULL</core>
<MemPortIdVec></MemPortIdVec>
<condition id="-1">
<or_exp><and_exp></and_exp></or_exp>
</condition>

<Node id="29" bw="0" op_0_bw="0">
<![CDATA[
for.inc.i.split.i:13 %br_ln56 = br void %for.inc.i.i

]]></Node>
<StgValue><ssdm name="br_ln56"/></StgValue>
</operation>
</state>
</state_list>


<ports>
</ports>


<dataflows>
</dataflows>


</stg>
