<stg><name>data_exe_wb</name>


<trans_list>

<trans id="49" from="1" to="2">
<condition id="-1">
<or_exp><and_exp></and_exp></or_exp>
</condition>
</trans>

<trans id="50" from="2" to="3">
<condition id="-1">
<or_exp><and_exp></and_exp></or_exp>
</condition>
</trans>

<trans id="51" from="3" to="4">
<condition id="-1">
<or_exp><and_exp></and_exp></or_exp>
</condition>
</trans>

<trans id="52" from="4" to="5">
<condition id="-1">
<or_exp><and_exp></and_exp></or_exp>
</condition>
</trans>

<trans id="53" from="5" to="6">
<condition id="-1">
<or_exp><and_exp></and_exp></or_exp>
</condition>
</trans>

<trans id="54" from="6" to="7">
<condition id="-1">
<or_exp><and_exp></and_exp></or_exp>
</condition>
</trans>

<trans id="55" from="7" to="8">
<condition id="-1">
<or_exp><and_exp></and_exp></or_exp>
</condition>
</trans>

<trans id="56" from="8" to="9">
<condition id="-1">
<or_exp><and_exp></and_exp></or_exp>
</condition>
</trans>

<trans id="57" from="9" to="10">
<condition id="-1">
<or_exp><and_exp></and_exp></or_exp>
</condition>
</trans>

<trans id="58" from="10" to="11">
<condition id="-1">
<or_exp><and_exp></and_exp></or_exp>
</condition>
</trans>

<trans id="59" from="11" to="12">
<condition id="-1">
<or_exp><and_exp></and_exp></or_exp>
</condition>
</trans>
</trans_list>



<state_list>

<state id="1" st_id="1">

<operation id="13" st_id="1" stage="1" lat="1">
<core>NULL</core>
<MemPortIdVec></MemPortIdVec>
<condition id="-1">
<or_exp><and_exp></and_exp></or_exp>
</condition>

<Node id="28" bw="64" op_0_bw="64" op_1_bw="64">
<![CDATA[
entry:17 %c_read = read i64 @_ssdm_op_Read.ap_auto.i64, i64 %c

]]></Node>
<StgValue><ssdm name="c_read"/></StgValue>
</operation>

<operation id="14" st_id="1" stage="1" lat="1">
<core>NULL</core>
<MemPortIdVec></MemPortIdVec>
<condition id="-1">
<or_exp><and_exp></and_exp></or_exp>
</condition>

<Node id="29" bw="64" op_0_bw="64" op_1_bw="64">
<![CDATA[
entry:18 %b_read = read i64 @_ssdm_op_Read.ap_auto.i64, i64 %b

]]></Node>
<StgValue><ssdm name="b_read"/></StgValue>
</operation>

<operation id="15" st_id="1" stage="1" lat="1">
<core>NULL</core>
<MemPortIdVec></MemPortIdVec>
<condition id="-1">
<or_exp><and_exp></and_exp></or_exp>
</condition>

<Node id="30" bw="64" op_0_bw="64" op_1_bw="64">
<![CDATA[
entry:19 %a_read = read i64 @_ssdm_op_Read.ap_auto.i64, i64 %a

]]></Node>
<StgValue><ssdm name="a_read"/></StgValue>
</operation>
</state>

<state id="2" st_id="2">

<operation id="16" st_id="2" stage="1" lat="1">
<core>NULL</core>
<MemPortIdVec></MemPortIdVec>
<condition id="-1">
<or_exp><and_exp></and_exp></or_exp>
</condition>

<Node id="31" bw="32" op_0_bw="32" op_1_bw="0" op_2_bw="0" op_3_bw="0">
<![CDATA[
entry:20 %empty = wait i32 @_ssdm_op_Wait

]]></Node>
<StgValue><ssdm name="empty"/></StgValue>
</operation>

<operation id="17" st_id="2" stage="2" lat="2">
<core></core>
<MemPortIdVec></MemPortIdVec>
<condition id="-1">
<or_exp><and_exp></and_exp></or_exp>
</condition>

<Node id="32" bw="0" op_0_bw="0" op_1_bw="64" op_2_bw="32" op_3_bw="32" op_4_bw="0">
<![CDATA[
entry:21 %call_ln56 = call void @data_exe_wb_Pipeline_l_data_a, i64 %a_read, i32 %gmem0, i32 %data_a

]]></Node>
<StgValue><ssdm name="call_ln56"/></StgValue>
</operation>
</state>

<state id="3" st_id="3">

<operation id="18" st_id="3" stage="1" lat="2">
<core></core>
<MemPortIdVec></MemPortIdVec>
<condition id="-1">
<or_exp><and_exp></and_exp></or_exp>
</condition>

<Node id="32" bw="0" op_0_bw="0" op_1_bw="64" op_2_bw="32" op_3_bw="32" op_4_bw="0">
<![CDATA[
entry:21 %call_ln56 = call void @data_exe_wb_Pipeline_l_data_a, i64 %a_read, i32 %gmem0, i32 %data_a

]]></Node>
<StgValue><ssdm name="call_ln56"/></StgValue>
</operation>
</state>

<state id="4" st_id="4">

<operation id="19" st_id="4" stage="1" lat="1">
<core>NULL</core>
<MemPortIdVec></MemPortIdVec>
<condition id="-1">
<or_exp><and_exp></and_exp></or_exp>
</condition>

<Node id="33" bw="32" op_0_bw="32" op_1_bw="0" op_2_bw="0">
<![CDATA[
entry:22 %empty_49 = wait i32 @_ssdm_op_Wait

]]></Node>
<StgValue><ssdm name="empty_49"/></StgValue>
</operation>
</state>

<state id="5" st_id="5">

<operation id="20" st_id="5" stage="1" lat="1">
<core>NULL</core>
<MemPortIdVec></MemPortIdVec>
<condition id="-1">
<or_exp><and_exp></and_exp></or_exp>
</condition>

<Node id="34" bw="32" op_0_bw="32" op_1_bw="0">
<![CDATA[
entry:23 %empty_50 = wait i32 @_ssdm_op_Wait

]]></Node>
<StgValue><ssdm name="empty_50"/></StgValue>
</operation>

<operation id="21" st_id="5" stage="2" lat="2">
<core></core>
<MemPortIdVec></MemPortIdVec>
<condition id="-1">
<or_exp><and_exp></and_exp></or_exp>
</condition>

<Node id="35" bw="0" op_0_bw="0" op_1_bw="64" op_2_bw="32" op_3_bw="32" op_4_bw="0">
<![CDATA[
entry:24 %call_ln56 = call void @data_exe_wb_Pipeline_l_data_b, i64 %b_read, i32 %gmem1, i32 %data_b

]]></Node>
<StgValue><ssdm name="call_ln56"/></StgValue>
</operation>
</state>

<state id="6" st_id="6">

<operation id="22" st_id="6" stage="1" lat="2">
<core></core>
<MemPortIdVec></MemPortIdVec>
<condition id="-1">
<or_exp><and_exp></and_exp></or_exp>
</condition>

<Node id="35" bw="0" op_0_bw="0" op_1_bw="64" op_2_bw="32" op_3_bw="32" op_4_bw="0">
<![CDATA[
entry:24 %call_ln56 = call void @data_exe_wb_Pipeline_l_data_b, i64 %b_read, i32 %gmem1, i32 %data_b

]]></Node>
<StgValue><ssdm name="call_ln56"/></StgValue>
</operation>
</state>

<state id="7" st_id="7">

<operation id="23" st_id="7" stage="1" lat="1">
<core>NULL</core>
<MemPortIdVec></MemPortIdVec>
<condition id="-1">
<or_exp><and_exp></and_exp></or_exp>
</condition>

<Node id="36" bw="32" op_0_bw="32" op_1_bw="0" op_2_bw="0">
<![CDATA[
entry:25 %empty_51 = wait i32 @_ssdm_op_Wait

]]></Node>
<StgValue><ssdm name="empty_51"/></StgValue>
</operation>
</state>

<state id="8" st_id="8">

<operation id="24" st_id="8" stage="1" lat="1">
<core>NULL</core>
<MemPortIdVec></MemPortIdVec>
<condition id="-1">
<or_exp><and_exp></and_exp></or_exp>
</condition>

<Node id="37" bw="32" op_0_bw="32" op_1_bw="0">
<![CDATA[
entry:26 %empty_52 = wait i32 @_ssdm_op_Wait

]]></Node>
<StgValue><ssdm name="empty_52"/></StgValue>
</operation>

<operation id="25" st_id="8" stage="2" lat="2">
<core></core>
<MemPortIdVec></MemPortIdVec>
<condition id="-1">
<or_exp><and_exp></and_exp></or_exp>
</condition>

<Node id="38" bw="0" op_0_bw="0" op_1_bw="32" op_2_bw="32" op_3_bw="32" op_4_bw="32" op_5_bw="0" op_6_bw="0" op_7_bw="0" op_8_bw="0">
<![CDATA[
entry:27 %call_ln0 = call void @data_exe_wb_Pipeline_exe, i32 %ALU_operation_MEM, i32 %data_result, i32 %data_a, i32 %data_b

]]></Node>
<StgValue><ssdm name="call_ln0"/></StgValue>
</operation>
</state>

<state id="9" st_id="9">

<operation id="26" st_id="9" stage="1" lat="2">
<core></core>
<MemPortIdVec></MemPortIdVec>
<condition id="-1">
<or_exp><and_exp></and_exp></or_exp>
</condition>

<Node id="38" bw="0" op_0_bw="0" op_1_bw="32" op_2_bw="32" op_3_bw="32" op_4_bw="32" op_5_bw="0" op_6_bw="0" op_7_bw="0" op_8_bw="0">
<![CDATA[
entry:27 %call_ln0 = call void @data_exe_wb_Pipeline_exe, i32 %ALU_operation_MEM, i32 %data_result, i32 %data_a, i32 %data_b

]]></Node>
<StgValue><ssdm name="call_ln0"/></StgValue>
</operation>
</state>

<state id="10" st_id="10">

<operation id="27" st_id="10" stage="1" lat="1">
<core>NULL</core>
<MemPortIdVec></MemPortIdVec>
<condition id="-1">
<or_exp><and_exp></and_exp></or_exp>
</condition>

<Node id="39" bw="32" op_0_bw="32" op_1_bw="0" op_2_bw="0">
<![CDATA[
entry:28 %empty_53 = wait i32 @_ssdm_op_Wait

]]></Node>
<StgValue><ssdm name="empty_53"/></StgValue>
</operation>
</state>

<state id="11" st_id="11">

<operation id="28" st_id="11" stage="1" lat="1">
<core>NULL</core>
<MemPortIdVec></MemPortIdVec>
<condition id="-1">
<or_exp><and_exp></and_exp></or_exp>
</condition>

<Node id="40" bw="32" op_0_bw="32" op_1_bw="0">
<![CDATA[
entry:29 %empty_54 = wait i32 @_ssdm_op_Wait

]]></Node>
<StgValue><ssdm name="empty_54"/></StgValue>
</operation>

<operation id="29" st_id="11" stage="2" lat="2">
<core></core>
<MemPortIdVec></MemPortIdVec>
<condition id="-1">
<or_exp><and_exp></and_exp></or_exp>
</condition>

<Node id="41" bw="0" op_0_bw="0" op_1_bw="64" op_2_bw="32" op_3_bw="32" op_4_bw="0" op_5_bw="0" op_6_bw="0">
<![CDATA[
entry:30 %call_ln56 = call void @data_exe_wb_Pipeline_write_back, i64 %c_read, i32 %gmem2, i32 %data_result

]]></Node>
<StgValue><ssdm name="call_ln56"/></StgValue>
</operation>
</state>

<state id="12" st_id="12">

<operation id="30" st_id="12" stage="1" lat="1">
<core>NULL</core>
<MemPortIdVec></MemPortIdVec>
<condition id="-1">
<or_exp><and_exp></and_exp></or_exp>
</condition>

<Node id="11" bw="0" op_0_bw="0" op_1_bw="32" op_2_bw="0" op_3_bw="32" op_4_bw="32" op_5_bw="0" op_6_bw="32" op_7_bw="32" op_8_bw="0" op_9_bw="0" op_10_bw="0" op_11_bw="32" op_12_bw="32" op_13_bw="32" op_14_bw="32" op_15_bw="0" op_16_bw="0" op_17_bw="32" op_18_bw="32">
<![CDATA[
entry:0 %specinterface_ln0 = specinterface void @_ssdm_op_SpecInterface, i32 %data_a, void @empty_16, i32 0, i32 0, void @empty_20, i32 0, i32 0, void @empty_20, void @empty_20, void @empty_20, i32 0, i32 0, i32 0, i32 0, void @empty_20, void @empty_20, i32 4294967295, i32 0

]]></Node>
<StgValue><ssdm name="specinterface_ln0"/></StgValue>
</operation>

<operation id="31" st_id="12" stage="1" lat="1">
<core>NULL</core>
<MemPortIdVec></MemPortIdVec>
<condition id="-1">
<or_exp><and_exp></and_exp></or_exp>
</condition>

<Node id="12" bw="0" op_0_bw="0" op_1_bw="32" op_2_bw="0" op_3_bw="32" op_4_bw="32" op_5_bw="0" op_6_bw="32" op_7_bw="32" op_8_bw="0" op_9_bw="0" op_10_bw="0" op_11_bw="32" op_12_bw="32" op_13_bw="32" op_14_bw="32" op_15_bw="0" op_16_bw="0" op_17_bw="32" op_18_bw="32">
<![CDATA[
entry:1 %specinterface_ln0 = specinterface void @_ssdm_op_SpecInterface, i32 %data_a, void @empty_16, i32 0, i32 0, void @empty_20, i32 0, i32 0, void @empty_20, void @empty_20, void @empty_20, i32 0, i32 0, i32 0, i32 0, void @empty_20, void @empty_20, i32 4294967295, i32 0

]]></Node>
<StgValue><ssdm name="specinterface_ln0"/></StgValue>
</operation>

<operation id="32" st_id="12" stage="1" lat="1">
<core>NULL</core>
<MemPortIdVec></MemPortIdVec>
<condition id="-1">
<or_exp><and_exp></and_exp></or_exp>
</condition>

<Node id="13" bw="0" op_0_bw="0" op_1_bw="32" op_2_bw="0" op_3_bw="32" op_4_bw="32" op_5_bw="0" op_6_bw="32" op_7_bw="32" op_8_bw="0" op_9_bw="0" op_10_bw="0" op_11_bw="32" op_12_bw="32" op_13_bw="32" op_14_bw="32" op_15_bw="0" op_16_bw="0" op_17_bw="32" op_18_bw="32">
<![CDATA[
entry:2 %specinterface_ln0 = specinterface void @_ssdm_op_SpecInterface, i32 %data_a, void @empty_16, i32 0, i32 0, void @empty_20, i32 0, i32 0, void @empty_20, void @empty_20, void @empty_20, i32 0, i32 0, i32 0, i32 0, void @empty_20, void @empty_20, i32 4294967295, i32 0

]]></Node>
<StgValue><ssdm name="specinterface_ln0"/></StgValue>
</operation>

<operation id="33" st_id="12" stage="1" lat="1">
<core>NULL</core>
<MemPortIdVec></MemPortIdVec>
<condition id="-1">
<or_exp><and_exp></and_exp></or_exp>
</condition>

<Node id="14" bw="0" op_0_bw="0" op_1_bw="32" op_2_bw="0" op_3_bw="32" op_4_bw="32" op_5_bw="0" op_6_bw="32" op_7_bw="32" op_8_bw="0" op_9_bw="0" op_10_bw="0" op_11_bw="32" op_12_bw="32" op_13_bw="32" op_14_bw="32" op_15_bw="0" op_16_bw="0" op_17_bw="32" op_18_bw="32">
<![CDATA[
entry:3 %specinterface_ln0 = specinterface void @_ssdm_op_SpecInterface, i32 %data_a, void @empty_16, i32 0, i32 0, void @empty_20, i32 0, i32 0, void @empty_20, void @empty_20, void @empty_20, i32 0, i32 0, i32 0, i32 0, void @empty_20, void @empty_20, i32 4294967295, i32 0

]]></Node>
<StgValue><ssdm name="specinterface_ln0"/></StgValue>
</operation>

<operation id="34" st_id="12" stage="1" lat="1">
<core>NULL</core>
<MemPortIdVec></MemPortIdVec>
<condition id="-1">
<or_exp><and_exp></and_exp></or_exp>
</condition>

<Node id="15" bw="0" op_0_bw="0" op_1_bw="32" op_2_bw="0" op_3_bw="32" op_4_bw="32" op_5_bw="0" op_6_bw="32" op_7_bw="32" op_8_bw="0" op_9_bw="0" op_10_bw="0" op_11_bw="32" op_12_bw="32" op_13_bw="32" op_14_bw="32" op_15_bw="0" op_16_bw="0" op_17_bw="32" op_18_bw="32">
<![CDATA[
entry:4 %specinterface_ln0 = specinterface void @_ssdm_op_SpecInterface, i32 %data_b, void @empty_16, i32 0, i32 0, void @empty_20, i32 0, i32 0, void @empty_20, void @empty_20, void @empty_20, i32 0, i32 0, i32 0, i32 0, void @empty_20, void @empty_20, i32 4294967295, i32 0

]]></Node>
<StgValue><ssdm name="specinterface_ln0"/></StgValue>
</operation>

<operation id="35" st_id="12" stage="1" lat="1">
<core>NULL</core>
<MemPortIdVec></MemPortIdVec>
<condition id="-1">
<or_exp><and_exp></and_exp></or_exp>
</condition>

<Node id="16" bw="0" op_0_bw="0" op_1_bw="32" op_2_bw="0" op_3_bw="32" op_4_bw="32" op_5_bw="0" op_6_bw="32" op_7_bw="32" op_8_bw="0" op_9_bw="0" op_10_bw="0" op_11_bw="32" op_12_bw="32" op_13_bw="32" op_14_bw="32" op_15_bw="0" op_16_bw="0" op_17_bw="32" op_18_bw="32">
<![CDATA[
entry:5 %specinterface_ln0 = specinterface void @_ssdm_op_SpecInterface, i32 %data_b, void @empty_16, i32 0, i32 0, void @empty_20, i32 0, i32 0, void @empty_20, void @empty_20, void @empty_20, i32 0, i32 0, i32 0, i32 0, void @empty_20, void @empty_20, i32 4294967295, i32 0

]]></Node>
<StgValue><ssdm name="specinterface_ln0"/></StgValue>
</operation>

<operation id="36" st_id="12" stage="1" lat="1">
<core>NULL</core>
<MemPortIdVec></MemPortIdVec>
<condition id="-1">
<or_exp><and_exp></and_exp></or_exp>
</condition>

<Node id="17" bw="0" op_0_bw="0" op_1_bw="32" op_2_bw="0" op_3_bw="32" op_4_bw="32" op_5_bw="0" op_6_bw="32" op_7_bw="32" op_8_bw="0" op_9_bw="0" op_10_bw="0" op_11_bw="32" op_12_bw="32" op_13_bw="32" op_14_bw="32" op_15_bw="0" op_16_bw="0" op_17_bw="32" op_18_bw="32">
<![CDATA[
entry:6 %specinterface_ln0 = specinterface void @_ssdm_op_SpecInterface, i32 %data_b, void @empty_16, i32 0, i32 0, void @empty_20, i32 0, i32 0, void @empty_20, void @empty_20, void @empty_20, i32 0, i32 0, i32 0, i32 0, void @empty_20, void @empty_20, i32 4294967295, i32 0

]]></Node>
<StgValue><ssdm name="specinterface_ln0"/></StgValue>
</operation>

<operation id="37" st_id="12" stage="1" lat="1">
<core>NULL</core>
<MemPortIdVec></MemPortIdVec>
<condition id="-1">
<or_exp><and_exp></and_exp></or_exp>
</condition>

<Node id="18" bw="0" op_0_bw="0" op_1_bw="32" op_2_bw="0" op_3_bw="32" op_4_bw="32" op_5_bw="0" op_6_bw="32" op_7_bw="32" op_8_bw="0" op_9_bw="0" op_10_bw="0" op_11_bw="32" op_12_bw="32" op_13_bw="32" op_14_bw="32" op_15_bw="0" op_16_bw="0" op_17_bw="32" op_18_bw="32">
<![CDATA[
entry:7 %specinterface_ln0 = specinterface void @_ssdm_op_SpecInterface, i32 %data_b, void @empty_16, i32 0, i32 0, void @empty_20, i32 0, i32 0, void @empty_20, void @empty_20, void @empty_20, i32 0, i32 0, i32 0, i32 0, void @empty_20, void @empty_20, i32 4294967295, i32 0

]]></Node>
<StgValue><ssdm name="specinterface_ln0"/></StgValue>
</operation>

<operation id="38" st_id="12" stage="1" lat="1">
<core>NULL</core>
<MemPortIdVec></MemPortIdVec>
<condition id="-1">
<or_exp><and_exp></and_exp></or_exp>
</condition>

<Node id="19" bw="0" op_0_bw="0" op_1_bw="32" op_2_bw="0" op_3_bw="32" op_4_bw="32" op_5_bw="0" op_6_bw="32" op_7_bw="32" op_8_bw="0" op_9_bw="0" op_10_bw="0" op_11_bw="32" op_12_bw="32" op_13_bw="32" op_14_bw="32" op_15_bw="0" op_16_bw="0" op_17_bw="32" op_18_bw="32">
<![CDATA[
entry:8 %specinterface_ln0 = specinterface void @_ssdm_op_SpecInterface, i32 %data_result, void @empty_16, i32 0, i32 0, void @empty_20, i32 0, i32 0, void @empty_20, void @empty_20, void @empty_20, i32 0, i32 0, i32 0, i32 0, void @empty_20, void @empty_20, i32 4294967295, i32 0

]]></Node>
<StgValue><ssdm name="specinterface_ln0"/></StgValue>
</operation>

<operation id="39" st_id="12" stage="1" lat="1">
<core>NULL</core>
<MemPortIdVec></MemPortIdVec>
<condition id="-1">
<or_exp><and_exp></and_exp></or_exp>
</condition>

<Node id="20" bw="0" op_0_bw="0" op_1_bw="32" op_2_bw="0" op_3_bw="32" op_4_bw="32" op_5_bw="0" op_6_bw="32" op_7_bw="32" op_8_bw="0" op_9_bw="0" op_10_bw="0" op_11_bw="32" op_12_bw="32" op_13_bw="32" op_14_bw="32" op_15_bw="0" op_16_bw="0" op_17_bw="32" op_18_bw="32">
<![CDATA[
entry:9 %specinterface_ln0 = specinterface void @_ssdm_op_SpecInterface, i32 %data_result, void @empty_16, i32 0, i32 0, void @empty_20, i32 0, i32 0, void @empty_20, void @empty_20, void @empty_20, i32 0, i32 0, i32 0, i32 0, void @empty_20, void @empty_20, i32 4294967295, i32 0

]]></Node>
<StgValue><ssdm name="specinterface_ln0"/></StgValue>
</operation>

<operation id="40" st_id="12" stage="1" lat="1">
<core>NULL</core>
<MemPortIdVec></MemPortIdVec>
<condition id="-1">
<or_exp><and_exp></and_exp></or_exp>
</condition>

<Node id="21" bw="0" op_0_bw="0" op_1_bw="32" op_2_bw="0" op_3_bw="32" op_4_bw="32" op_5_bw="0" op_6_bw="32" op_7_bw="32" op_8_bw="0" op_9_bw="0" op_10_bw="0" op_11_bw="32" op_12_bw="32" op_13_bw="32" op_14_bw="32" op_15_bw="0" op_16_bw="0" op_17_bw="32" op_18_bw="32">
<![CDATA[
entry:10 %specinterface_ln0 = specinterface void @_ssdm_op_SpecInterface, i32 %data_result, void @empty_16, i32 0, i32 0, void @empty_20, i32 0, i32 0, void @empty_20, void @empty_20, void @empty_20, i32 0, i32 0, i32 0, i32 0, void @empty_20, void @empty_20, i32 4294967295, i32 0

]]></Node>
<StgValue><ssdm name="specinterface_ln0"/></StgValue>
</operation>

<operation id="41" st_id="12" stage="1" lat="1">
<core>NULL</core>
<MemPortIdVec></MemPortIdVec>
<condition id="-1">
<or_exp><and_exp></and_exp></or_exp>
</condition>

<Node id="22" bw="0" op_0_bw="0" op_1_bw="32" op_2_bw="0" op_3_bw="32" op_4_bw="32" op_5_bw="0" op_6_bw="32" op_7_bw="32" op_8_bw="0" op_9_bw="0" op_10_bw="0" op_11_bw="32" op_12_bw="32" op_13_bw="32" op_14_bw="32" op_15_bw="0" op_16_bw="0" op_17_bw="32" op_18_bw="32">
<![CDATA[
entry:11 %specinterface_ln0 = specinterface void @_ssdm_op_SpecInterface, i32 %data_result, void @empty_16, i32 0, i32 0, void @empty_20, i32 0, i32 0, void @empty_20, void @empty_20, void @empty_20, i32 0, i32 0, i32 0, i32 0, void @empty_20, void @empty_20, i32 4294967295, i32 0

]]></Node>
<StgValue><ssdm name="specinterface_ln0"/></StgValue>
</operation>

<operation id="42" st_id="12" stage="1" lat="1">
<core>NULL</core>
<MemPortIdVec></MemPortIdVec>
<condition id="-1">
<or_exp><and_exp></and_exp></or_exp>
</condition>

<Node id="23" bw="0" op_0_bw="0" op_1_bw="32" op_2_bw="0" op_3_bw="32" op_4_bw="32" op_5_bw="0" op_6_bw="32" op_7_bw="32" op_8_bw="0" op_9_bw="0" op_10_bw="0" op_11_bw="32" op_12_bw="32" op_13_bw="32" op_14_bw="32" op_15_bw="0" op_16_bw="0" op_17_bw="32" op_18_bw="32">
<![CDATA[
entry:12 %specinterface_ln0 = specinterface void @_ssdm_op_SpecInterface, i32 %data_b, void @empty_16, i32 0, i32 0, void @empty_20, i32 0, i32 0, void @empty_20, void @empty_20, void @empty_20, i32 0, i32 0, i32 0, i32 0, void @empty_20, void @empty_20, i32 4294967295, i32 0

]]></Node>
<StgValue><ssdm name="specinterface_ln0"/></StgValue>
</operation>

<operation id="43" st_id="12" stage="1" lat="1">
<core>NULL</core>
<MemPortIdVec></MemPortIdVec>
<condition id="-1">
<or_exp><and_exp></and_exp></or_exp>
</condition>

<Node id="24" bw="0" op_0_bw="0" op_1_bw="32" op_2_bw="0" op_3_bw="32" op_4_bw="32" op_5_bw="0" op_6_bw="32" op_7_bw="32" op_8_bw="0" op_9_bw="0" op_10_bw="0" op_11_bw="32" op_12_bw="32" op_13_bw="32" op_14_bw="32" op_15_bw="0" op_16_bw="0" op_17_bw="32" op_18_bw="32">
<![CDATA[
entry:13 %specinterface_ln0 = specinterface void @_ssdm_op_SpecInterface, i32 %data_a, void @empty_16, i32 0, i32 0, void @empty_20, i32 0, i32 0, void @empty_20, void @empty_20, void @empty_20, i32 0, i32 0, i32 0, i32 0, void @empty_20, void @empty_20, i32 4294967295, i32 0

]]></Node>
<StgValue><ssdm name="specinterface_ln0"/></StgValue>
</operation>

<operation id="44" st_id="12" stage="1" lat="1">
<core>NULL</core>
<MemPortIdVec></MemPortIdVec>
<condition id="-1">
<or_exp><and_exp></and_exp></or_exp>
</condition>

<Node id="25" bw="0" op_0_bw="0" op_1_bw="32" op_2_bw="0" op_3_bw="32" op_4_bw="32" op_5_bw="0" op_6_bw="32" op_7_bw="32" op_8_bw="0" op_9_bw="0" op_10_bw="0" op_11_bw="32" op_12_bw="32" op_13_bw="32" op_14_bw="32" op_15_bw="0" op_16_bw="0" op_17_bw="32" op_18_bw="32">
<![CDATA[
entry:14 %specinterface_ln0 = specinterface void @_ssdm_op_SpecInterface, i32 %gmem2, void @empty_19, i32 0, i32 0, void @empty_20, i32 0, i32 400, void @empty_24, void @empty_22, void @empty_20, i32 16, i32 16, i32 16, i32 16, void @empty_20, void @empty_20, i32 4294967295, i32 0

]]></Node>
<StgValue><ssdm name="specinterface_ln0"/></StgValue>
</operation>

<operation id="45" st_id="12" stage="1" lat="1">
<core>NULL</core>
<MemPortIdVec></MemPortIdVec>
<condition id="-1">
<or_exp><and_exp></and_exp></or_exp>
</condition>

<Node id="26" bw="0" op_0_bw="0" op_1_bw="32" op_2_bw="0" op_3_bw="32" op_4_bw="32" op_5_bw="0" op_6_bw="32" op_7_bw="32" op_8_bw="0" op_9_bw="0" op_10_bw="0" op_11_bw="32" op_12_bw="32" op_13_bw="32" op_14_bw="32" op_15_bw="0" op_16_bw="0" op_17_bw="32" op_18_bw="32">
<![CDATA[
entry:15 %specinterface_ln0 = specinterface void @_ssdm_op_SpecInterface, i32 %gmem1, void @empty_19, i32 0, i32 0, void @empty_20, i32 0, i32 400, void @empty_23, void @empty_22, void @empty_20, i32 16, i32 16, i32 16, i32 16, void @empty_20, void @empty_20, i32 4294967295, i32 0

]]></Node>
<StgValue><ssdm name="specinterface_ln0"/></StgValue>
</operation>

<operation id="46" st_id="12" stage="1" lat="1">
<core>NULL</core>
<MemPortIdVec></MemPortIdVec>
<condition id="-1">
<or_exp><and_exp></and_exp></or_exp>
</condition>

<Node id="27" bw="0" op_0_bw="0" op_1_bw="32" op_2_bw="0" op_3_bw="32" op_4_bw="32" op_5_bw="0" op_6_bw="32" op_7_bw="32" op_8_bw="0" op_9_bw="0" op_10_bw="0" op_11_bw="32" op_12_bw="32" op_13_bw="32" op_14_bw="32" op_15_bw="0" op_16_bw="0" op_17_bw="32" op_18_bw="32">
<![CDATA[
entry:16 %specinterface_ln0 = specinterface void @_ssdm_op_SpecInterface, i32 %gmem0, void @empty_19, i32 0, i32 0, void @empty_20, i32 0, i32 400, void @empty_21, void @empty_22, void @empty_20, i32 16, i32 16, i32 16, i32 16, void @empty_20, void @empty_20, i32 4294967295, i32 0

]]></Node>
<StgValue><ssdm name="specinterface_ln0"/></StgValue>
</operation>

<operation id="47" st_id="12" stage="1" lat="2">
<core></core>
<MemPortIdVec></MemPortIdVec>
<condition id="-1">
<or_exp><and_exp></and_exp></or_exp>
</condition>

<Node id="41" bw="0" op_0_bw="0" op_1_bw="64" op_2_bw="32" op_3_bw="32" op_4_bw="0" op_5_bw="0" op_6_bw="0">
<![CDATA[
entry:30 %call_ln56 = call void @data_exe_wb_Pipeline_write_back, i64 %c_read, i32 %gmem2, i32 %data_result

]]></Node>
<StgValue><ssdm name="call_ln56"/></StgValue>
</operation>

<operation id="48" st_id="12" stage="1" lat="1">
<core>NULL</core>
<MemPortIdVec></MemPortIdVec>
<condition id="-1">
<or_exp><and_exp></and_exp></or_exp>
</condition>

<Node id="42" bw="0">
<![CDATA[
entry:31 %ret_ln0 = ret

]]></Node>
<StgValue><ssdm name="ret_ln0"/></StgValue>
</operation>
</state>
</state_list>


<ports>
<port id="60" name="gmem0" dir="0" iftype="4">
<core>NULL</core><StgValue><ssdm name="gmem0"/></StgValue>
</port>
<port id="61" name="a" dir="0" iftype="0">
<core>NULL</core><StgValue><ssdm name="a"/></StgValue>
</port>
<port id="62" name="gmem1" dir="0" iftype="4">
<core>NULL</core><StgValue><ssdm name="gmem1"/></StgValue>
</port>
<port id="63" name="b" dir="0" iftype="0">
<core>NULL</core><StgValue><ssdm name="b"/></StgValue>
</port>
<port id="64" name="gmem2" dir="1" iftype="4">
<core>NULL</core><StgValue><ssdm name="gmem2"/></StgValue>
</port>
<port id="65" name="c" dir="0" iftype="0">
<core>NULL</core><StgValue><ssdm name="c"/></StgValue>
</port>
<port id="66" name="ALU_operation_MEM" dir="0" iftype="1">
<core>RAM</core><StgValue><ssdm name="ALU_operation_MEM"/><MemPortTyVec>1 3 </MemPortTyVec>
</StgValue>
</port>
<port id="67" name="data_a" dir="2" iftype="3">
<core>NULL</core><StgValue><ssdm name="data_a"/></StgValue>
</port>
<port id="68" name="data_b" dir="2" iftype="3">
<core>NULL</core><StgValue><ssdm name="data_b"/></StgValue>
</port>
<port id="69" name="data_result" dir="2" iftype="3">
<core>NULL</core><StgValue><ssdm name="data_result"/></StgValue>
</port>
</ports>


<dataflows>
<dataflow id="71" from="_ssdm_op_Read.ap_auto.i64" to="c_read" fromId="70" toId="13">
</dataflow>
<dataflow id="72" from="c" to="c_read" fromId="65" toId="13">
</dataflow>
<dataflow id="73" from="_ssdm_op_Read.ap_auto.i64" to="b_read" fromId="70" toId="14">
</dataflow>
<dataflow id="74" from="b" to="b_read" fromId="63" toId="14">
</dataflow>
<dataflow id="75" from="_ssdm_op_Read.ap_auto.i64" to="a_read" fromId="70" toId="15">
</dataflow>
<dataflow id="76" from="a" to="a_read" fromId="61" toId="15">
</dataflow>
<dataflow id="78" from="_ssdm_op_Wait" to="empty" fromId="77" toId="16">
</dataflow>
<dataflow id="80" from="data_exe_wb_Pipeline_l_data_a" to="call_ln56" fromId="79" toId="17">
</dataflow>
<dataflow id="81" from="a_read" to="call_ln56" fromId="15" toId="17">
</dataflow>
<dataflow id="82" from="gmem0" to="call_ln56" fromId="60" toId="17">
</dataflow>
<dataflow id="83" from="data_a" to="call_ln56" fromId="67" toId="17">
</dataflow>
<dataflow id="84" from="data_exe_wb_Pipeline_l_data_a" to="call_ln56" fromId="79" toId="18">
</dataflow>
<dataflow id="85" from="a_read" to="call_ln56" fromId="15" toId="18">
</dataflow>
<dataflow id="86" from="gmem0" to="call_ln56" fromId="60" toId="18">
</dataflow>
<dataflow id="87" from="data_a" to="call_ln56" fromId="67" toId="18">
</dataflow>
<dataflow id="88" from="_ssdm_op_Wait" to="empty_49" fromId="77" toId="19">
</dataflow>
<dataflow id="89" from="_ssdm_op_Wait" to="empty_50" fromId="77" toId="20">
</dataflow>
<dataflow id="91" from="data_exe_wb_Pipeline_l_data_b" to="call_ln56" fromId="90" toId="21">
</dataflow>
<dataflow id="92" from="b_read" to="call_ln56" fromId="14" toId="21">
</dataflow>
<dataflow id="93" from="gmem1" to="call_ln56" fromId="62" toId="21">
</dataflow>
<dataflow id="94" from="data_b" to="call_ln56" fromId="68" toId="21">
</dataflow>
<dataflow id="95" from="data_exe_wb_Pipeline_l_data_b" to="call_ln56" fromId="90" toId="22">
</dataflow>
<dataflow id="96" from="b_read" to="call_ln56" fromId="14" toId="22">
</dataflow>
<dataflow id="97" from="gmem1" to="call_ln56" fromId="62" toId="22">
</dataflow>
<dataflow id="98" from="data_b" to="call_ln56" fromId="68" toId="22">
</dataflow>
<dataflow id="99" from="_ssdm_op_Wait" to="empty_51" fromId="77" toId="23">
</dataflow>
<dataflow id="100" from="_ssdm_op_Wait" to="empty_52" fromId="77" toId="24">
</dataflow>
<dataflow id="102" from="data_exe_wb_Pipeline_exe" to="call_ln0" fromId="101" toId="25">
</dataflow>
<dataflow id="103" from="ALU_operation_MEM" to="call_ln0" fromId="66" toId="25">
</dataflow>
<dataflow id="104" from="data_result" to="call_ln0" fromId="69" toId="25">
</dataflow>
<dataflow id="105" from="data_a" to="call_ln0" fromId="67" toId="25">
</dataflow>
<dataflow id="106" from="data_b" to="call_ln0" fromId="68" toId="25">
</dataflow>
<dataflow id="107" from="data_exe_wb_Pipeline_exe" to="call_ln0" fromId="101" toId="26">
</dataflow>
<dataflow id="108" from="ALU_operation_MEM" to="call_ln0" fromId="66" toId="26">
</dataflow>
<dataflow id="109" from="data_result" to="call_ln0" fromId="69" toId="26">
</dataflow>
<dataflow id="110" from="data_a" to="call_ln0" fromId="67" toId="26">
</dataflow>
<dataflow id="111" from="data_b" to="call_ln0" fromId="68" toId="26">
</dataflow>
<dataflow id="112" from="_ssdm_op_Wait" to="empty_53" fromId="77" toId="27">
</dataflow>
<dataflow id="113" from="_ssdm_op_Wait" to="empty_54" fromId="77" toId="28">
</dataflow>
<dataflow id="115" from="data_exe_wb_Pipeline_write_back" to="call_ln56" fromId="114" toId="29">
</dataflow>
<dataflow id="116" from="c_read" to="call_ln56" fromId="13" toId="29">
</dataflow>
<dataflow id="117" from="gmem2" to="call_ln56" fromId="64" toId="29">
</dataflow>
<dataflow id="118" from="data_result" to="call_ln56" fromId="69" toId="29">
</dataflow>
<dataflow id="120" from="_ssdm_op_SpecInterface" to="specinterface_ln0" fromId="119" toId="30">
</dataflow>
<dataflow id="121" from="data_a" to="specinterface_ln0" fromId="67" toId="30">
</dataflow>
<dataflow id="123" from="empty_16" to="specinterface_ln0" fromId="122" toId="30">
</dataflow>
<dataflow id="125" from="StgValue_124" to="specinterface_ln0" fromId="124" toId="30">
</dataflow>
<dataflow id="126" from="StgValue_124" to="specinterface_ln0" fromId="124" toId="30">
</dataflow>
<dataflow id="128" from="empty_20" to="specinterface_ln0" fromId="127" toId="30">
</dataflow>
<dataflow id="129" from="StgValue_124" to="specinterface_ln0" fromId="124" toId="30">
</dataflow>
<dataflow id="130" from="StgValue_124" to="specinterface_ln0" fromId="124" toId="30">
</dataflow>
<dataflow id="131" from="empty_20" to="specinterface_ln0" fromId="127" toId="30">
</dataflow>
<dataflow id="132" from="empty_20" to="specinterface_ln0" fromId="127" toId="30">
</dataflow>
<dataflow id="133" from="empty_20" to="specinterface_ln0" fromId="127" toId="30">
</dataflow>
<dataflow id="134" from="StgValue_124" to="specinterface_ln0" fromId="124" toId="30">
</dataflow>
<dataflow id="135" from="StgValue_124" to="specinterface_ln0" fromId="124" toId="30">
</dataflow>
<dataflow id="136" from="StgValue_124" to="specinterface_ln0" fromId="124" toId="30">
</dataflow>
<dataflow id="137" from="StgValue_124" to="specinterface_ln0" fromId="124" toId="30">
</dataflow>
<dataflow id="138" from="empty_20" to="specinterface_ln0" fromId="127" toId="30">
</dataflow>
<dataflow id="139" from="empty_20" to="specinterface_ln0" fromId="127" toId="30">
</dataflow>
<dataflow id="141" from="StgValue_140" to="specinterface_ln0" fromId="140" toId="30">
</dataflow>
<dataflow id="142" from="StgValue_124" to="specinterface_ln0" fromId="124" toId="30">
</dataflow>
<dataflow id="143" from="_ssdm_op_SpecInterface" to="specinterface_ln0" fromId="119" toId="31">
</dataflow>
<dataflow id="144" from="data_a" to="specinterface_ln0" fromId="67" toId="31">
</dataflow>
<dataflow id="145" from="empty_16" to="specinterface_ln0" fromId="122" toId="31">
</dataflow>
<dataflow id="146" from="StgValue_124" to="specinterface_ln0" fromId="124" toId="31">
</dataflow>
<dataflow id="147" from="StgValue_124" to="specinterface_ln0" fromId="124" toId="31">
</dataflow>
<dataflow id="148" from="empty_20" to="specinterface_ln0" fromId="127" toId="31">
</dataflow>
<dataflow id="149" from="StgValue_124" to="specinterface_ln0" fromId="124" toId="31">
</dataflow>
<dataflow id="150" from="StgValue_124" to="specinterface_ln0" fromId="124" toId="31">
</dataflow>
<dataflow id="151" from="empty_20" to="specinterface_ln0" fromId="127" toId="31">
</dataflow>
<dataflow id="152" from="empty_20" to="specinterface_ln0" fromId="127" toId="31">
</dataflow>
<dataflow id="153" from="empty_20" to="specinterface_ln0" fromId="127" toId="31">
</dataflow>
<dataflow id="154" from="StgValue_124" to="specinterface_ln0" fromId="124" toId="31">
</dataflow>
<dataflow id="155" from="StgValue_124" to="specinterface_ln0" fromId="124" toId="31">
</dataflow>
<dataflow id="156" from="StgValue_124" to="specinterface_ln0" fromId="124" toId="31">
</dataflow>
<dataflow id="157" from="StgValue_124" to="specinterface_ln0" fromId="124" toId="31">
</dataflow>
<dataflow id="158" from="empty_20" to="specinterface_ln0" fromId="127" toId="31">
</dataflow>
<dataflow id="159" from="empty_20" to="specinterface_ln0" fromId="127" toId="31">
</dataflow>
<dataflow id="160" from="StgValue_140" to="specinterface_ln0" fromId="140" toId="31">
</dataflow>
<dataflow id="161" from="StgValue_124" to="specinterface_ln0" fromId="124" toId="31">
</dataflow>
<dataflow id="162" from="_ssdm_op_SpecInterface" to="specinterface_ln0" fromId="119" toId="32">
</dataflow>
<dataflow id="163" from="data_a" to="specinterface_ln0" fromId="67" toId="32">
</dataflow>
<dataflow id="164" from="empty_16" to="specinterface_ln0" fromId="122" toId="32">
</dataflow>
<dataflow id="165" from="StgValue_124" to="specinterface_ln0" fromId="124" toId="32">
</dataflow>
<dataflow id="166" from="StgValue_124" to="specinterface_ln0" fromId="124" toId="32">
</dataflow>
<dataflow id="167" from="empty_20" to="specinterface_ln0" fromId="127" toId="32">
</dataflow>
<dataflow id="168" from="StgValue_124" to="specinterface_ln0" fromId="124" toId="32">
</dataflow>
<dataflow id="169" from="StgValue_124" to="specinterface_ln0" fromId="124" toId="32">
</dataflow>
<dataflow id="170" from="empty_20" to="specinterface_ln0" fromId="127" toId="32">
</dataflow>
<dataflow id="171" from="empty_20" to="specinterface_ln0" fromId="127" toId="32">
</dataflow>
<dataflow id="172" from="empty_20" to="specinterface_ln0" fromId="127" toId="32">
</dataflow>
<dataflow id="173" from="StgValue_124" to="specinterface_ln0" fromId="124" toId="32">
</dataflow>
<dataflow id="174" from="StgValue_124" to="specinterface_ln0" fromId="124" toId="32">
</dataflow>
<dataflow id="175" from="StgValue_124" to="specinterface_ln0" fromId="124" toId="32">
</dataflow>
<dataflow id="176" from="StgValue_124" to="specinterface_ln0" fromId="124" toId="32">
</dataflow>
<dataflow id="177" from="empty_20" to="specinterface_ln0" fromId="127" toId="32">
</dataflow>
<dataflow id="178" from="empty_20" to="specinterface_ln0" fromId="127" toId="32">
</dataflow>
<dataflow id="179" from="StgValue_140" to="specinterface_ln0" fromId="140" toId="32">
</dataflow>
<dataflow id="180" from="StgValue_124" to="specinterface_ln0" fromId="124" toId="32">
</dataflow>
<dataflow id="181" from="_ssdm_op_SpecInterface" to="specinterface_ln0" fromId="119" toId="33">
</dataflow>
<dataflow id="182" from="data_a" to="specinterface_ln0" fromId="67" toId="33">
</dataflow>
<dataflow id="183" from="empty_16" to="specinterface_ln0" fromId="122" toId="33">
</dataflow>
<dataflow id="184" from="StgValue_124" to="specinterface_ln0" fromId="124" toId="33">
</dataflow>
<dataflow id="185" from="StgValue_124" to="specinterface_ln0" fromId="124" toId="33">
</dataflow>
<dataflow id="186" from="empty_20" to="specinterface_ln0" fromId="127" toId="33">
</dataflow>
<dataflow id="187" from="StgValue_124" to="specinterface_ln0" fromId="124" toId="33">
</dataflow>
<dataflow id="188" from="StgValue_124" to="specinterface_ln0" fromId="124" toId="33">
</dataflow>
<dataflow id="189" from="empty_20" to="specinterface_ln0" fromId="127" toId="33">
</dataflow>
<dataflow id="190" from="empty_20" to="specinterface_ln0" fromId="127" toId="33">
</dataflow>
<dataflow id="191" from="empty_20" to="specinterface_ln0" fromId="127" toId="33">
</dataflow>
<dataflow id="192" from="StgValue_124" to="specinterface_ln0" fromId="124" toId="33">
</dataflow>
<dataflow id="193" from="StgValue_124" to="specinterface_ln0" fromId="124" toId="33">
</dataflow>
<dataflow id="194" from="StgValue_124" to="specinterface_ln0" fromId="124" toId="33">
</dataflow>
<dataflow id="195" from="StgValue_124" to="specinterface_ln0" fromId="124" toId="33">
</dataflow>
<dataflow id="196" from="empty_20" to="specinterface_ln0" fromId="127" toId="33">
</dataflow>
<dataflow id="197" from="empty_20" to="specinterface_ln0" fromId="127" toId="33">
</dataflow>
<dataflow id="198" from="StgValue_140" to="specinterface_ln0" fromId="140" toId="33">
</dataflow>
<dataflow id="199" from="StgValue_124" to="specinterface_ln0" fromId="124" toId="33">
</dataflow>
<dataflow id="200" from="_ssdm_op_SpecInterface" to="specinterface_ln0" fromId="119" toId="34">
</dataflow>
<dataflow id="201" from="data_b" to="specinterface_ln0" fromId="68" toId="34">
</dataflow>
<dataflow id="202" from="empty_16" to="specinterface_ln0" fromId="122" toId="34">
</dataflow>
<dataflow id="203" from="StgValue_124" to="specinterface_ln0" fromId="124" toId="34">
</dataflow>
<dataflow id="204" from="StgValue_124" to="specinterface_ln0" fromId="124" toId="34">
</dataflow>
<dataflow id="205" from="empty_20" to="specinterface_ln0" fromId="127" toId="34">
</dataflow>
<dataflow id="206" from="StgValue_124" to="specinterface_ln0" fromId="124" toId="34">
</dataflow>
<dataflow id="207" from="StgValue_124" to="specinterface_ln0" fromId="124" toId="34">
</dataflow>
<dataflow id="208" from="empty_20" to="specinterface_ln0" fromId="127" toId="34">
</dataflow>
<dataflow id="209" from="empty_20" to="specinterface_ln0" fromId="127" toId="34">
</dataflow>
<dataflow id="210" from="empty_20" to="specinterface_ln0" fromId="127" toId="34">
</dataflow>
<dataflow id="211" from="StgValue_124" to="specinterface_ln0" fromId="124" toId="34">
</dataflow>
<dataflow id="212" from="StgValue_124" to="specinterface_ln0" fromId="124" toId="34">
</dataflow>
<dataflow id="213" from="StgValue_124" to="specinterface_ln0" fromId="124" toId="34">
</dataflow>
<dataflow id="214" from="StgValue_124" to="specinterface_ln0" fromId="124" toId="34">
</dataflow>
<dataflow id="215" from="empty_20" to="specinterface_ln0" fromId="127" toId="34">
</dataflow>
<dataflow id="216" from="empty_20" to="specinterface_ln0" fromId="127" toId="34">
</dataflow>
<dataflow id="217" from="StgValue_140" to="specinterface_ln0" fromId="140" toId="34">
</dataflow>
<dataflow id="218" from="StgValue_124" to="specinterface_ln0" fromId="124" toId="34">
</dataflow>
<dataflow id="219" from="_ssdm_op_SpecInterface" to="specinterface_ln0" fromId="119" toId="35">
</dataflow>
<dataflow id="220" from="data_b" to="specinterface_ln0" fromId="68" toId="35">
</dataflow>
<dataflow id="221" from="empty_16" to="specinterface_ln0" fromId="122" toId="35">
</dataflow>
<dataflow id="222" from="StgValue_124" to="specinterface_ln0" fromId="124" toId="35">
</dataflow>
<dataflow id="223" from="StgValue_124" to="specinterface_ln0" fromId="124" toId="35">
</dataflow>
<dataflow id="224" from="empty_20" to="specinterface_ln0" fromId="127" toId="35">
</dataflow>
<dataflow id="225" from="StgValue_124" to="specinterface_ln0" fromId="124" toId="35">
</dataflow>
<dataflow id="226" from="StgValue_124" to="specinterface_ln0" fromId="124" toId="35">
</dataflow>
<dataflow id="227" from="empty_20" to="specinterface_ln0" fromId="127" toId="35">
</dataflow>
<dataflow id="228" from="empty_20" to="specinterface_ln0" fromId="127" toId="35">
</dataflow>
<dataflow id="229" from="empty_20" to="specinterface_ln0" fromId="127" toId="35">
</dataflow>
<dataflow id="230" from="StgValue_124" to="specinterface_ln0" fromId="124" toId="35">
</dataflow>
<dataflow id="231" from="StgValue_124" to="specinterface_ln0" fromId="124" toId="35">
</dataflow>
<dataflow id="232" from="StgValue_124" to="specinterface_ln0" fromId="124" toId="35">
</dataflow>
<dataflow id="233" from="StgValue_124" to="specinterface_ln0" fromId="124" toId="35">
</dataflow>
<dataflow id="234" from="empty_20" to="specinterface_ln0" fromId="127" toId="35">
</dataflow>
<dataflow id="235" from="empty_20" to="specinterface_ln0" fromId="127" toId="35">
</dataflow>
<dataflow id="236" from="StgValue_140" to="specinterface_ln0" fromId="140" toId="35">
</dataflow>
<dataflow id="237" from="StgValue_124" to="specinterface_ln0" fromId="124" toId="35">
</dataflow>
<dataflow id="238" from="_ssdm_op_SpecInterface" to="specinterface_ln0" fromId="119" toId="36">
</dataflow>
<dataflow id="239" from="data_b" to="specinterface_ln0" fromId="68" toId="36">
</dataflow>
<dataflow id="240" from="empty_16" to="specinterface_ln0" fromId="122" toId="36">
</dataflow>
<dataflow id="241" from="StgValue_124" to="specinterface_ln0" fromId="124" toId="36">
</dataflow>
<dataflow id="242" from="StgValue_124" to="specinterface_ln0" fromId="124" toId="36">
</dataflow>
<dataflow id="243" from="empty_20" to="specinterface_ln0" fromId="127" toId="36">
</dataflow>
<dataflow id="244" from="StgValue_124" to="specinterface_ln0" fromId="124" toId="36">
</dataflow>
<dataflow id="245" from="StgValue_124" to="specinterface_ln0" fromId="124" toId="36">
</dataflow>
<dataflow id="246" from="empty_20" to="specinterface_ln0" fromId="127" toId="36">
</dataflow>
<dataflow id="247" from="empty_20" to="specinterface_ln0" fromId="127" toId="36">
</dataflow>
<dataflow id="248" from="empty_20" to="specinterface_ln0" fromId="127" toId="36">
</dataflow>
<dataflow id="249" from="StgValue_124" to="specinterface_ln0" fromId="124" toId="36">
</dataflow>
<dataflow id="250" from="StgValue_124" to="specinterface_ln0" fromId="124" toId="36">
</dataflow>
<dataflow id="251" from="StgValue_124" to="specinterface_ln0" fromId="124" toId="36">
</dataflow>
<dataflow id="252" from="StgValue_124" to="specinterface_ln0" fromId="124" toId="36">
</dataflow>
<dataflow id="253" from="empty_20" to="specinterface_ln0" fromId="127" toId="36">
</dataflow>
<dataflow id="254" from="empty_20" to="specinterface_ln0" fromId="127" toId="36">
</dataflow>
<dataflow id="255" from="StgValue_140" to="specinterface_ln0" fromId="140" toId="36">
</dataflow>
<dataflow id="256" from="StgValue_124" to="specinterface_ln0" fromId="124" toId="36">
</dataflow>
<dataflow id="257" from="_ssdm_op_SpecInterface" to="specinterface_ln0" fromId="119" toId="37">
</dataflow>
<dataflow id="258" from="data_b" to="specinterface_ln0" fromId="68" toId="37">
</dataflow>
<dataflow id="259" from="empty_16" to="specinterface_ln0" fromId="122" toId="37">
</dataflow>
<dataflow id="260" from="StgValue_124" to="specinterface_ln0" fromId="124" toId="37">
</dataflow>
<dataflow id="261" from="StgValue_124" to="specinterface_ln0" fromId="124" toId="37">
</dataflow>
<dataflow id="262" from="empty_20" to="specinterface_ln0" fromId="127" toId="37">
</dataflow>
<dataflow id="263" from="StgValue_124" to="specinterface_ln0" fromId="124" toId="37">
</dataflow>
<dataflow id="264" from="StgValue_124" to="specinterface_ln0" fromId="124" toId="37">
</dataflow>
<dataflow id="265" from="empty_20" to="specinterface_ln0" fromId="127" toId="37">
</dataflow>
<dataflow id="266" from="empty_20" to="specinterface_ln0" fromId="127" toId="37">
</dataflow>
<dataflow id="267" from="empty_20" to="specinterface_ln0" fromId="127" toId="37">
</dataflow>
<dataflow id="268" from="StgValue_124" to="specinterface_ln0" fromId="124" toId="37">
</dataflow>
<dataflow id="269" from="StgValue_124" to="specinterface_ln0" fromId="124" toId="37">
</dataflow>
<dataflow id="270" from="StgValue_124" to="specinterface_ln0" fromId="124" toId="37">
</dataflow>
<dataflow id="271" from="StgValue_124" to="specinterface_ln0" fromId="124" toId="37">
</dataflow>
<dataflow id="272" from="empty_20" to="specinterface_ln0" fromId="127" toId="37">
</dataflow>
<dataflow id="273" from="empty_20" to="specinterface_ln0" fromId="127" toId="37">
</dataflow>
<dataflow id="274" from="StgValue_140" to="specinterface_ln0" fromId="140" toId="37">
</dataflow>
<dataflow id="275" from="StgValue_124" to="specinterface_ln0" fromId="124" toId="37">
</dataflow>
<dataflow id="276" from="_ssdm_op_SpecInterface" to="specinterface_ln0" fromId="119" toId="38">
</dataflow>
<dataflow id="277" from="data_result" to="specinterface_ln0" fromId="69" toId="38">
</dataflow>
<dataflow id="278" from="empty_16" to="specinterface_ln0" fromId="122" toId="38">
</dataflow>
<dataflow id="279" from="StgValue_124" to="specinterface_ln0" fromId="124" toId="38">
</dataflow>
<dataflow id="280" from="StgValue_124" to="specinterface_ln0" fromId="124" toId="38">
</dataflow>
<dataflow id="281" from="empty_20" to="specinterface_ln0" fromId="127" toId="38">
</dataflow>
<dataflow id="282" from="StgValue_124" to="specinterface_ln0" fromId="124" toId="38">
</dataflow>
<dataflow id="283" from="StgValue_124" to="specinterface_ln0" fromId="124" toId="38">
</dataflow>
<dataflow id="284" from="empty_20" to="specinterface_ln0" fromId="127" toId="38">
</dataflow>
<dataflow id="285" from="empty_20" to="specinterface_ln0" fromId="127" toId="38">
</dataflow>
<dataflow id="286" from="empty_20" to="specinterface_ln0" fromId="127" toId="38">
</dataflow>
<dataflow id="287" from="StgValue_124" to="specinterface_ln0" fromId="124" toId="38">
</dataflow>
<dataflow id="288" from="StgValue_124" to="specinterface_ln0" fromId="124" toId="38">
</dataflow>
<dataflow id="289" from="StgValue_124" to="specinterface_ln0" fromId="124" toId="38">
</dataflow>
<dataflow id="290" from="StgValue_124" to="specinterface_ln0" fromId="124" toId="38">
</dataflow>
<dataflow id="291" from="empty_20" to="specinterface_ln0" fromId="127" toId="38">
</dataflow>
<dataflow id="292" from="empty_20" to="specinterface_ln0" fromId="127" toId="38">
</dataflow>
<dataflow id="293" from="StgValue_140" to="specinterface_ln0" fromId="140" toId="38">
</dataflow>
<dataflow id="294" from="StgValue_124" to="specinterface_ln0" fromId="124" toId="38">
</dataflow>
<dataflow id="295" from="_ssdm_op_SpecInterface" to="specinterface_ln0" fromId="119" toId="39">
</dataflow>
<dataflow id="296" from="data_result" to="specinterface_ln0" fromId="69" toId="39">
</dataflow>
<dataflow id="297" from="empty_16" to="specinterface_ln0" fromId="122" toId="39">
</dataflow>
<dataflow id="298" from="StgValue_124" to="specinterface_ln0" fromId="124" toId="39">
</dataflow>
<dataflow id="299" from="StgValue_124" to="specinterface_ln0" fromId="124" toId="39">
</dataflow>
<dataflow id="300" from="empty_20" to="specinterface_ln0" fromId="127" toId="39">
</dataflow>
<dataflow id="301" from="StgValue_124" to="specinterface_ln0" fromId="124" toId="39">
</dataflow>
<dataflow id="302" from="StgValue_124" to="specinterface_ln0" fromId="124" toId="39">
</dataflow>
<dataflow id="303" from="empty_20" to="specinterface_ln0" fromId="127" toId="39">
</dataflow>
<dataflow id="304" from="empty_20" to="specinterface_ln0" fromId="127" toId="39">
</dataflow>
<dataflow id="305" from="empty_20" to="specinterface_ln0" fromId="127" toId="39">
</dataflow>
<dataflow id="306" from="StgValue_124" to="specinterface_ln0" fromId="124" toId="39">
</dataflow>
<dataflow id="307" from="StgValue_124" to="specinterface_ln0" fromId="124" toId="39">
</dataflow>
<dataflow id="308" from="StgValue_124" to="specinterface_ln0" fromId="124" toId="39">
</dataflow>
<dataflow id="309" from="StgValue_124" to="specinterface_ln0" fromId="124" toId="39">
</dataflow>
<dataflow id="310" from="empty_20" to="specinterface_ln0" fromId="127" toId="39">
</dataflow>
<dataflow id="311" from="empty_20" to="specinterface_ln0" fromId="127" toId="39">
</dataflow>
<dataflow id="312" from="StgValue_140" to="specinterface_ln0" fromId="140" toId="39">
</dataflow>
<dataflow id="313" from="StgValue_124" to="specinterface_ln0" fromId="124" toId="39">
</dataflow>
<dataflow id="314" from="_ssdm_op_SpecInterface" to="specinterface_ln0" fromId="119" toId="40">
</dataflow>
<dataflow id="315" from="data_result" to="specinterface_ln0" fromId="69" toId="40">
</dataflow>
<dataflow id="316" from="empty_16" to="specinterface_ln0" fromId="122" toId="40">
</dataflow>
<dataflow id="317" from="StgValue_124" to="specinterface_ln0" fromId="124" toId="40">
</dataflow>
<dataflow id="318" from="StgValue_124" to="specinterface_ln0" fromId="124" toId="40">
</dataflow>
<dataflow id="319" from="empty_20" to="specinterface_ln0" fromId="127" toId="40">
</dataflow>
<dataflow id="320" from="StgValue_124" to="specinterface_ln0" fromId="124" toId="40">
</dataflow>
<dataflow id="321" from="StgValue_124" to="specinterface_ln0" fromId="124" toId="40">
</dataflow>
<dataflow id="322" from="empty_20" to="specinterface_ln0" fromId="127" toId="40">
</dataflow>
<dataflow id="323" from="empty_20" to="specinterface_ln0" fromId="127" toId="40">
</dataflow>
<dataflow id="324" from="empty_20" to="specinterface_ln0" fromId="127" toId="40">
</dataflow>
<dataflow id="325" from="StgValue_124" to="specinterface_ln0" fromId="124" toId="40">
</dataflow>
<dataflow id="326" from="StgValue_124" to="specinterface_ln0" fromId="124" toId="40">
</dataflow>
<dataflow id="327" from="StgValue_124" to="specinterface_ln0" fromId="124" toId="40">
</dataflow>
<dataflow id="328" from="StgValue_124" to="specinterface_ln0" fromId="124" toId="40">
</dataflow>
<dataflow id="329" from="empty_20" to="specinterface_ln0" fromId="127" toId="40">
</dataflow>
<dataflow id="330" from="empty_20" to="specinterface_ln0" fromId="127" toId="40">
</dataflow>
<dataflow id="331" from="StgValue_140" to="specinterface_ln0" fromId="140" toId="40">
</dataflow>
<dataflow id="332" from="StgValue_124" to="specinterface_ln0" fromId="124" toId="40">
</dataflow>
<dataflow id="333" from="_ssdm_op_SpecInterface" to="specinterface_ln0" fromId="119" toId="41">
</dataflow>
<dataflow id="334" from="data_result" to="specinterface_ln0" fromId="69" toId="41">
</dataflow>
<dataflow id="335" from="empty_16" to="specinterface_ln0" fromId="122" toId="41">
</dataflow>
<dataflow id="336" from="StgValue_124" to="specinterface_ln0" fromId="124" toId="41">
</dataflow>
<dataflow id="337" from="StgValue_124" to="specinterface_ln0" fromId="124" toId="41">
</dataflow>
<dataflow id="338" from="empty_20" to="specinterface_ln0" fromId="127" toId="41">
</dataflow>
<dataflow id="339" from="StgValue_124" to="specinterface_ln0" fromId="124" toId="41">
</dataflow>
<dataflow id="340" from="StgValue_124" to="specinterface_ln0" fromId="124" toId="41">
</dataflow>
<dataflow id="341" from="empty_20" to="specinterface_ln0" fromId="127" toId="41">
</dataflow>
<dataflow id="342" from="empty_20" to="specinterface_ln0" fromId="127" toId="41">
</dataflow>
<dataflow id="343" from="empty_20" to="specinterface_ln0" fromId="127" toId="41">
</dataflow>
<dataflow id="344" from="StgValue_124" to="specinterface_ln0" fromId="124" toId="41">
</dataflow>
<dataflow id="345" from="StgValue_124" to="specinterface_ln0" fromId="124" toId="41">
</dataflow>
<dataflow id="346" from="StgValue_124" to="specinterface_ln0" fromId="124" toId="41">
</dataflow>
<dataflow id="347" from="StgValue_124" to="specinterface_ln0" fromId="124" toId="41">
</dataflow>
<dataflow id="348" from="empty_20" to="specinterface_ln0" fromId="127" toId="41">
</dataflow>
<dataflow id="349" from="empty_20" to="specinterface_ln0" fromId="127" toId="41">
</dataflow>
<dataflow id="350" from="StgValue_140" to="specinterface_ln0" fromId="140" toId="41">
</dataflow>
<dataflow id="351" from="StgValue_124" to="specinterface_ln0" fromId="124" toId="41">
</dataflow>
<dataflow id="352" from="_ssdm_op_SpecInterface" to="specinterface_ln0" fromId="119" toId="42">
</dataflow>
<dataflow id="353" from="data_b" to="specinterface_ln0" fromId="68" toId="42">
</dataflow>
<dataflow id="354" from="empty_16" to="specinterface_ln0" fromId="122" toId="42">
</dataflow>
<dataflow id="355" from="StgValue_124" to="specinterface_ln0" fromId="124" toId="42">
</dataflow>
<dataflow id="356" from="StgValue_124" to="specinterface_ln0" fromId="124" toId="42">
</dataflow>
<dataflow id="357" from="empty_20" to="specinterface_ln0" fromId="127" toId="42">
</dataflow>
<dataflow id="358" from="StgValue_124" to="specinterface_ln0" fromId="124" toId="42">
</dataflow>
<dataflow id="359" from="StgValue_124" to="specinterface_ln0" fromId="124" toId="42">
</dataflow>
<dataflow id="360" from="empty_20" to="specinterface_ln0" fromId="127" toId="42">
</dataflow>
<dataflow id="361" from="empty_20" to="specinterface_ln0" fromId="127" toId="42">
</dataflow>
<dataflow id="362" from="empty_20" to="specinterface_ln0" fromId="127" toId="42">
</dataflow>
<dataflow id="363" from="StgValue_124" to="specinterface_ln0" fromId="124" toId="42">
</dataflow>
<dataflow id="364" from="StgValue_124" to="specinterface_ln0" fromId="124" toId="42">
</dataflow>
<dataflow id="365" from="StgValue_124" to="specinterface_ln0" fromId="124" toId="42">
</dataflow>
<dataflow id="366" from="StgValue_124" to="specinterface_ln0" fromId="124" toId="42">
</dataflow>
<dataflow id="367" from="empty_20" to="specinterface_ln0" fromId="127" toId="42">
</dataflow>
<dataflow id="368" from="empty_20" to="specinterface_ln0" fromId="127" toId="42">
</dataflow>
<dataflow id="369" from="StgValue_140" to="specinterface_ln0" fromId="140" toId="42">
</dataflow>
<dataflow id="370" from="StgValue_124" to="specinterface_ln0" fromId="124" toId="42">
</dataflow>
<dataflow id="371" from="_ssdm_op_SpecInterface" to="specinterface_ln0" fromId="119" toId="43">
</dataflow>
<dataflow id="372" from="data_a" to="specinterface_ln0" fromId="67" toId="43">
</dataflow>
<dataflow id="373" from="empty_16" to="specinterface_ln0" fromId="122" toId="43">
</dataflow>
<dataflow id="374" from="StgValue_124" to="specinterface_ln0" fromId="124" toId="43">
</dataflow>
<dataflow id="375" from="StgValue_124" to="specinterface_ln0" fromId="124" toId="43">
</dataflow>
<dataflow id="376" from="empty_20" to="specinterface_ln0" fromId="127" toId="43">
</dataflow>
<dataflow id="377" from="StgValue_124" to="specinterface_ln0" fromId="124" toId="43">
</dataflow>
<dataflow id="378" from="StgValue_124" to="specinterface_ln0" fromId="124" toId="43">
</dataflow>
<dataflow id="379" from="empty_20" to="specinterface_ln0" fromId="127" toId="43">
</dataflow>
<dataflow id="380" from="empty_20" to="specinterface_ln0" fromId="127" toId="43">
</dataflow>
<dataflow id="381" from="empty_20" to="specinterface_ln0" fromId="127" toId="43">
</dataflow>
<dataflow id="382" from="StgValue_124" to="specinterface_ln0" fromId="124" toId="43">
</dataflow>
<dataflow id="383" from="StgValue_124" to="specinterface_ln0" fromId="124" toId="43">
</dataflow>
<dataflow id="384" from="StgValue_124" to="specinterface_ln0" fromId="124" toId="43">
</dataflow>
<dataflow id="385" from="StgValue_124" to="specinterface_ln0" fromId="124" toId="43">
</dataflow>
<dataflow id="386" from="empty_20" to="specinterface_ln0" fromId="127" toId="43">
</dataflow>
<dataflow id="387" from="empty_20" to="specinterface_ln0" fromId="127" toId="43">
</dataflow>
<dataflow id="388" from="StgValue_140" to="specinterface_ln0" fromId="140" toId="43">
</dataflow>
<dataflow id="389" from="StgValue_124" to="specinterface_ln0" fromId="124" toId="43">
</dataflow>
<dataflow id="390" from="_ssdm_op_SpecInterface" to="specinterface_ln0" fromId="119" toId="44">
</dataflow>
<dataflow id="391" from="gmem2" to="specinterface_ln0" fromId="64" toId="44">
</dataflow>
<dataflow id="393" from="empty_19" to="specinterface_ln0" fromId="392" toId="44">
</dataflow>
<dataflow id="394" from="StgValue_124" to="specinterface_ln0" fromId="124" toId="44">
</dataflow>
<dataflow id="395" from="StgValue_124" to="specinterface_ln0" fromId="124" toId="44">
</dataflow>
<dataflow id="396" from="empty_20" to="specinterface_ln0" fromId="127" toId="44">
</dataflow>
<dataflow id="397" from="StgValue_124" to="specinterface_ln0" fromId="124" toId="44">
</dataflow>
<dataflow id="399" from="StgValue_398" to="specinterface_ln0" fromId="398" toId="44">
</dataflow>
<dataflow id="401" from="empty_24" to="specinterface_ln0" fromId="400" toId="44">
</dataflow>
<dataflow id="403" from="empty_22" to="specinterface_ln0" fromId="402" toId="44">
</dataflow>
<dataflow id="404" from="empty_20" to="specinterface_ln0" fromId="127" toId="44">
</dataflow>
<dataflow id="406" from="StgValue_405" to="specinterface_ln0" fromId="405" toId="44">
</dataflow>
<dataflow id="407" from="StgValue_405" to="specinterface_ln0" fromId="405" toId="44">
</dataflow>
<dataflow id="408" from="StgValue_405" to="specinterface_ln0" fromId="405" toId="44">
</dataflow>
<dataflow id="409" from="StgValue_405" to="specinterface_ln0" fromId="405" toId="44">
</dataflow>
<dataflow id="410" from="empty_20" to="specinterface_ln0" fromId="127" toId="44">
</dataflow>
<dataflow id="411" from="empty_20" to="specinterface_ln0" fromId="127" toId="44">
</dataflow>
<dataflow id="412" from="StgValue_140" to="specinterface_ln0" fromId="140" toId="44">
</dataflow>
<dataflow id="413" from="StgValue_124" to="specinterface_ln0" fromId="124" toId="44">
</dataflow>
<dataflow id="414" from="_ssdm_op_SpecInterface" to="specinterface_ln0" fromId="119" toId="45">
</dataflow>
<dataflow id="415" from="gmem1" to="specinterface_ln0" fromId="62" toId="45">
</dataflow>
<dataflow id="416" from="empty_19" to="specinterface_ln0" fromId="392" toId="45">
</dataflow>
<dataflow id="417" from="StgValue_124" to="specinterface_ln0" fromId="124" toId="45">
</dataflow>
<dataflow id="418" from="StgValue_124" to="specinterface_ln0" fromId="124" toId="45">
</dataflow>
<dataflow id="419" from="empty_20" to="specinterface_ln0" fromId="127" toId="45">
</dataflow>
<dataflow id="420" from="StgValue_124" to="specinterface_ln0" fromId="124" toId="45">
</dataflow>
<dataflow id="421" from="StgValue_398" to="specinterface_ln0" fromId="398" toId="45">
</dataflow>
<dataflow id="423" from="empty_23" to="specinterface_ln0" fromId="422" toId="45">
</dataflow>
<dataflow id="424" from="empty_22" to="specinterface_ln0" fromId="402" toId="45">
</dataflow>
<dataflow id="425" from="empty_20" to="specinterface_ln0" fromId="127" toId="45">
</dataflow>
<dataflow id="426" from="StgValue_405" to="specinterface_ln0" fromId="405" toId="45">
</dataflow>
<dataflow id="427" from="StgValue_405" to="specinterface_ln0" fromId="405" toId="45">
</dataflow>
<dataflow id="428" from="StgValue_405" to="specinterface_ln0" fromId="405" toId="45">
</dataflow>
<dataflow id="429" from="StgValue_405" to="specinterface_ln0" fromId="405" toId="45">
</dataflow>
<dataflow id="430" from="empty_20" to="specinterface_ln0" fromId="127" toId="45">
</dataflow>
<dataflow id="431" from="empty_20" to="specinterface_ln0" fromId="127" toId="45">
</dataflow>
<dataflow id="432" from="StgValue_140" to="specinterface_ln0" fromId="140" toId="45">
</dataflow>
<dataflow id="433" from="StgValue_124" to="specinterface_ln0" fromId="124" toId="45">
</dataflow>
<dataflow id="434" from="_ssdm_op_SpecInterface" to="specinterface_ln0" fromId="119" toId="46">
</dataflow>
<dataflow id="435" from="gmem0" to="specinterface_ln0" fromId="60" toId="46">
</dataflow>
<dataflow id="436" from="empty_19" to="specinterface_ln0" fromId="392" toId="46">
</dataflow>
<dataflow id="437" from="StgValue_124" to="specinterface_ln0" fromId="124" toId="46">
</dataflow>
<dataflow id="438" from="StgValue_124" to="specinterface_ln0" fromId="124" toId="46">
</dataflow>
<dataflow id="439" from="empty_20" to="specinterface_ln0" fromId="127" toId="46">
</dataflow>
<dataflow id="440" from="StgValue_124" to="specinterface_ln0" fromId="124" toId="46">
</dataflow>
<dataflow id="441" from="StgValue_398" to="specinterface_ln0" fromId="398" toId="46">
</dataflow>
<dataflow id="443" from="empty_21" to="specinterface_ln0" fromId="442" toId="46">
</dataflow>
<dataflow id="444" from="empty_22" to="specinterface_ln0" fromId="402" toId="46">
</dataflow>
<dataflow id="445" from="empty_20" to="specinterface_ln0" fromId="127" toId="46">
</dataflow>
<dataflow id="446" from="StgValue_405" to="specinterface_ln0" fromId="405" toId="46">
</dataflow>
<dataflow id="447" from="StgValue_405" to="specinterface_ln0" fromId="405" toId="46">
</dataflow>
<dataflow id="448" from="StgValue_405" to="specinterface_ln0" fromId="405" toId="46">
</dataflow>
<dataflow id="449" from="StgValue_405" to="specinterface_ln0" fromId="405" toId="46">
</dataflow>
<dataflow id="450" from="empty_20" to="specinterface_ln0" fromId="127" toId="46">
</dataflow>
<dataflow id="451" from="empty_20" to="specinterface_ln0" fromId="127" toId="46">
</dataflow>
<dataflow id="452" from="StgValue_140" to="specinterface_ln0" fromId="140" toId="46">
</dataflow>
<dataflow id="453" from="StgValue_124" to="specinterface_ln0" fromId="124" toId="46">
</dataflow>
<dataflow id="454" from="data_exe_wb_Pipeline_write_back" to="call_ln56" fromId="114" toId="47">
</dataflow>
<dataflow id="455" from="c_read" to="call_ln56" fromId="13" toId="47">
</dataflow>
<dataflow id="456" from="gmem2" to="call_ln56" fromId="64" toId="47">
</dataflow>
<dataflow id="457" from="data_result" to="call_ln56" fromId="69" toId="47">
</dataflow>
</dataflows>


</stg>
