<?xml version="1.0" encoding="utf-8"?>
<BindInfo>
	<BindNode BINDTYPE="op" DISPLAY="bind_op icmp" ID="" IMPL="auto" LATENCY="0" OPTYPE="icmp" PRAGMA="" RTLNAME="icmp_ln81_fu_99_p2" SOURCE="../NECST/NL2/M_AXI_ALU/ALU_sys_HDL/HLS/HLS_project/core.cpp:81" VARIABLE="icmp_ln81" MODULE="op_data_exe_wb_Pipeline_l_operation" LOOP="l_operation" BUNDLEDNAME="" DSP="0" BRAM="0" URAM="0" USAGE="" STORAGESUBTYPE="" STORAGESIZE=""/>
	<BindNode BINDTYPE="op" DISPLAY="bind_op add" ID="" IMPL="fabric" LATENCY="0" OPTYPE="add" PRAGMA="" RTLNAME="add_ln81_fu_105_p2" SOURCE="../NECST/NL2/M_AXI_ALU/ALU_sys_HDL/HLS/HLS_project/core.cpp:81" VARIABLE="add_ln81" MODULE="op_data_exe_wb_Pipeline_l_operation" LOOP="l_operation" BUNDLEDNAME="" DSP="0" BRAM="0" URAM="0" USAGE="" STORAGESUBTYPE="" STORAGESIZE=""/>
	<BindNode BINDTYPE="op" DISPLAY="bind_op add" ID="" IMPL="fabric" LATENCY="0" OPTYPE="add" PRAGMA="" RTLNAME="add_ln85_fu_123_p2" SOURCE="../NECST/NL2/M_AXI_ALU/ALU_sys_HDL/HLS/HLS_project/core.cpp:85" VARIABLE="add_ln85" MODULE="op_data_exe_wb_Pipeline_l_operation" LOOP="l_operation" BUNDLEDNAME="" DSP="0" BRAM="0" URAM="0" USAGE="" STORAGESUBTYPE="" STORAGESIZE=""/>
	<BindNode BINDTYPE="op" DISPLAY="bind_op icmp" ID="" IMPL="auto" LATENCY="0" OPTYPE="icmp" PRAGMA="" RTLNAME="icmp_ln56_fu_99_p2" SOURCE="../NECST/NL2/M_AXI_ALU/ALU_sys_HDL/HLS/HLS_project/core.cpp:56" VARIABLE="icmp_ln56" MODULE="op_data_exe_wb_Pipeline_l_data_a" LOOP="l_data_a" BUNDLEDNAME="" DSP="0" BRAM="0" URAM="0" USAGE="" STORAGESUBTYPE="" STORAGESIZE=""/>
	<BindNode BINDTYPE="op" DISPLAY="bind_op add" ID="" IMPL="fabric" LATENCY="0" OPTYPE="add" PRAGMA="" RTLNAME="add_ln56_fu_105_p2" SOURCE="../NECST/NL2/M_AXI_ALU/ALU_sys_HDL/HLS/HLS_project/core.cpp:56" VARIABLE="add_ln56" MODULE="op_data_exe_wb_Pipeline_l_data_a" LOOP="l_data_a" BUNDLEDNAME="" DSP="0" BRAM="0" URAM="0" USAGE="" STORAGESUBTYPE="" STORAGESIZE=""/>
	<BindNode BINDTYPE="op" DISPLAY="bind_op add" ID="" IMPL="fabric" LATENCY="0" OPTYPE="add" PRAGMA="" RTLNAME="add_ln60_fu_123_p2" SOURCE="../NECST/NL2/M_AXI_ALU/ALU_sys_HDL/HLS/HLS_project/core.cpp:60" VARIABLE="add_ln60" MODULE="op_data_exe_wb_Pipeline_l_data_a" LOOP="l_data_a" BUNDLEDNAME="" DSP="0" BRAM="0" URAM="0" USAGE="" STORAGESUBTYPE="" STORAGESIZE=""/>
	<BindNode BINDTYPE="op" DISPLAY="bind_op icmp" ID="" IMPL="auto" LATENCY="0" OPTYPE="icmp" PRAGMA="" RTLNAME="icmp_ln67_fu_99_p2" SOURCE="../NECST/NL2/M_AXI_ALU/ALU_sys_HDL/HLS/HLS_project/core.cpp:67" VARIABLE="icmp_ln67" MODULE="op_data_exe_wb_Pipeline_l_data_b" LOOP="l_data_b" BUNDLEDNAME="" DSP="0" BRAM="0" URAM="0" USAGE="" STORAGESUBTYPE="" STORAGESIZE=""/>
	<BindNode BINDTYPE="op" DISPLAY="bind_op add" ID="" IMPL="fabric" LATENCY="0" OPTYPE="add" PRAGMA="" RTLNAME="add_ln67_fu_105_p2" SOURCE="../NECST/NL2/M_AXI_ALU/ALU_sys_HDL/HLS/HLS_project/core.cpp:67" VARIABLE="add_ln67" MODULE="op_data_exe_wb_Pipeline_l_data_b" LOOP="l_data_b" BUNDLEDNAME="" DSP="0" BRAM="0" URAM="0" USAGE="" STORAGESUBTYPE="" STORAGESIZE=""/>
	<BindNode BINDTYPE="op" DISPLAY="bind_op add" ID="" IMPL="fabric" LATENCY="0" OPTYPE="add" PRAGMA="" RTLNAME="add_ln71_fu_123_p2" SOURCE="../NECST/NL2/M_AXI_ALU/ALU_sys_HDL/HLS/HLS_project/core.cpp:71" VARIABLE="add_ln71" MODULE="op_data_exe_wb_Pipeline_l_data_b" LOOP="l_data_b" BUNDLEDNAME="" DSP="0" BRAM="0" URAM="0" USAGE="" STORAGESUBTYPE="" STORAGESIZE=""/>
	<BindNode BINDTYPE="op" DISPLAY="bind_op icmp" ID="" IMPL="auto" LATENCY="0" OPTYPE="icmp" PRAGMA="" RTLNAME="icmp_ln94_fu_68_p2" SOURCE="../NECST/NL2/M_AXI_ALU/ALU_sys_HDL/HLS/HLS_project/core.cpp:94" VARIABLE="icmp_ln94" MODULE="op_data_exe_wb_Pipeline_s_operation_data_op" LOOP="s_operation_data_op" BUNDLEDNAME="" DSP="0" BRAM="0" URAM="0" USAGE="" STORAGESUBTYPE="" STORAGESIZE=""/>
	<BindNode BINDTYPE="op" DISPLAY="bind_op add" ID="" IMPL="fabric" LATENCY="0" OPTYPE="add" PRAGMA="" RTLNAME="add_ln94_fu_74_p2" SOURCE="../NECST/NL2/M_AXI_ALU/ALU_sys_HDL/HLS/HLS_project/core.cpp:94" VARIABLE="add_ln94" MODULE="op_data_exe_wb_Pipeline_s_operation_data_op" LOOP="s_operation_data_op" BUNDLEDNAME="" DSP="0" BRAM="0" URAM="0" USAGE="" STORAGESUBTYPE="" STORAGESIZE=""/>
	<BindNode BINDTYPE="op" DISPLAY="bind_op icmp" ID="" IMPL="auto" LATENCY="0" OPTYPE="icmp" PRAGMA="" RTLNAME="icmp_ln127_fu_95_p2" SOURCE="../NECST/NL2/M_AXI_ALU/ALU_sys_HDL/HLS/HLS_project/core.cpp:127" VARIABLE="icmp_ln127" MODULE="op_data_exe_wb_Pipeline_exe" LOOP="exe" BUNDLEDNAME="" DSP="0" BRAM="0" URAM="0" USAGE="" STORAGESUBTYPE="" STORAGESIZE=""/>
	<BindNode BINDTYPE="op" DISPLAY="bind_op add" ID="" IMPL="fabric" LATENCY="0" OPTYPE="add" PRAGMA="" RTLNAME="add_ln127_fu_101_p2" SOURCE="../NECST/NL2/M_AXI_ALU/ALU_sys_HDL/HLS/HLS_project/core.cpp:127" VARIABLE="add_ln127" MODULE="op_data_exe_wb_Pipeline_exe" LOOP="exe" BUNDLEDNAME="" DSP="0" BRAM="0" URAM="0" USAGE="" STORAGESUBTYPE="" STORAGESIZE=""/>
	<BindNode BINDTYPE="op" DISPLAY="bind_op mul" ID="" IMPL="auto" LATENCY="1" OPTYPE="mul" PRAGMA="" RTLNAME="mul_32s_32s_32_2_1_U12" SOURCE="../NECST/NL2/M_AXI_ALU/ALU_sys_HDL/HLS/HLS_project/core.cpp:153" VARIABLE="mul_ln153" MODULE="op_data_exe_wb_Pipeline_exe" LOOP="exe" BUNDLEDNAME="" DSP="3" BRAM="0" URAM="0" USAGE="" STORAGESUBTYPE="" STORAGESIZE=""/>
	<BindNode BINDTYPE="op" DISPLAY="bind_op sdiv" ID="" IMPL="auto" LATENCY="35" OPTYPE="sdiv" PRAGMA="" RTLNAME="sdiv_32s_32s_32_36_1_U13" SOURCE="../NECST/NL2/M_AXI_ALU/ALU_sys_HDL/HLS/HLS_project/core.cpp:148" VARIABLE="sdiv_ln148" MODULE="op_data_exe_wb_Pipeline_exe" LOOP="exe" BUNDLEDNAME="" DSP="0" BRAM="0" URAM="0" USAGE="" STORAGESUBTYPE="" STORAGESIZE=""/>
	<BindNode BINDTYPE="op" DISPLAY="bind_op sub" ID="" IMPL="fabric" LATENCY="0" OPTYPE="sub" PRAGMA="" RTLNAME="sub_ln144_fu_120_p2" SOURCE="../NECST/NL2/M_AXI_ALU/ALU_sys_HDL/HLS/HLS_project/core.cpp:144" VARIABLE="sub_ln144" MODULE="op_data_exe_wb_Pipeline_exe" LOOP="exe" BUNDLEDNAME="" DSP="0" BRAM="0" URAM="0" USAGE="" STORAGESUBTYPE="" STORAGESIZE=""/>
	<BindNode BINDTYPE="op" DISPLAY="bind_op add" ID="" IMPL="fabric" LATENCY="0" OPTYPE="add" PRAGMA="" RTLNAME="add_ln140_fu_125_p2" SOURCE="../NECST/NL2/M_AXI_ALU/ALU_sys_HDL/HLS/HLS_project/core.cpp:140" VARIABLE="add_ln140" MODULE="op_data_exe_wb_Pipeline_exe" LOOP="exe" BUNDLEDNAME="" DSP="0" BRAM="0" URAM="0" USAGE="" STORAGESUBTYPE="" STORAGESIZE=""/>
	<BindNode BINDTYPE="op" DISPLAY="bind_op icmp" ID="" IMPL="auto" LATENCY="0" OPTYPE="icmp" PRAGMA="" RTLNAME="icmp_ln166_fu_106_p2" SOURCE="../NECST/NL2/M_AXI_ALU/ALU_sys_HDL/HLS/HLS_project/core.cpp:166" VARIABLE="icmp_ln166" MODULE="op_data_exe_wb_Pipeline_write_back" LOOP="write_back" BUNDLEDNAME="" DSP="0" BRAM="0" URAM="0" USAGE="" STORAGESUBTYPE="" STORAGESIZE=""/>
	<BindNode BINDTYPE="op" DISPLAY="bind_op add" ID="" IMPL="fabric" LATENCY="0" OPTYPE="add" PRAGMA="" RTLNAME="add_ln166_fu_112_p2" SOURCE="../NECST/NL2/M_AXI_ALU/ALU_sys_HDL/HLS/HLS_project/core.cpp:166" VARIABLE="add_ln166" MODULE="op_data_exe_wb_Pipeline_write_back" LOOP="write_back" BUNDLEDNAME="" DSP="0" BRAM="0" URAM="0" USAGE="" STORAGESUBTYPE="" STORAGESIZE=""/>
	<BindNode BINDTYPE="op" DISPLAY="bind_op add" ID="" IMPL="fabric" LATENCY="0" OPTYPE="add" PRAGMA="" RTLNAME="add_ln169_fu_130_p2" SOURCE="../NECST/NL2/M_AXI_ALU/ALU_sys_HDL/HLS/HLS_project/core.cpp:169" VARIABLE="add_ln169" MODULE="op_data_exe_wb_Pipeline_write_back" LOOP="write_back" BUNDLEDNAME="" DSP="0" BRAM="0" URAM="0" USAGE="" STORAGESUBTYPE="" STORAGESIZE=""/>
	<BindNode BINDTYPE="op" DISPLAY="bind_op icmp" ID="" IMPL="auto" LATENCY="0" OPTYPE="icmp" PRAGMA="" RTLNAME="icmp_ln56_fu_99_p2" SOURCE="../NECST/NL2/M_AXI_ALU/ALU_sys_HDL/HLS/HLS_project/core.cpp:56" VARIABLE="icmp_ln56" MODULE="data_exe_wb_Pipeline_l_data_a" LOOP="l_data_a" BUNDLEDNAME="" DSP="0" BRAM="0" URAM="0" USAGE="" STORAGESUBTYPE="" STORAGESIZE=""/>
	<BindNode BINDTYPE="op" DISPLAY="bind_op add" ID="" IMPL="fabric" LATENCY="0" OPTYPE="add" PRAGMA="" RTLNAME="add_ln56_fu_105_p2" SOURCE="../NECST/NL2/M_AXI_ALU/ALU_sys_HDL/HLS/HLS_project/core.cpp:56" VARIABLE="add_ln56" MODULE="data_exe_wb_Pipeline_l_data_a" LOOP="l_data_a" BUNDLEDNAME="" DSP="0" BRAM="0" URAM="0" USAGE="" STORAGESUBTYPE="" STORAGESIZE=""/>
	<BindNode BINDTYPE="op" DISPLAY="bind_op add" ID="" IMPL="fabric" LATENCY="0" OPTYPE="add" PRAGMA="" RTLNAME="add_ln60_fu_123_p2" SOURCE="../NECST/NL2/M_AXI_ALU/ALU_sys_HDL/HLS/HLS_project/core.cpp:60" VARIABLE="add_ln60" MODULE="data_exe_wb_Pipeline_l_data_a" LOOP="l_data_a" BUNDLEDNAME="" DSP="0" BRAM="0" URAM="0" USAGE="" STORAGESUBTYPE="" STORAGESIZE=""/>
	<BindNode BINDTYPE="op" DISPLAY="bind_op icmp" ID="" IMPL="auto" LATENCY="0" OPTYPE="icmp" PRAGMA="" RTLNAME="icmp_ln67_fu_99_p2" SOURCE="../NECST/NL2/M_AXI_ALU/ALU_sys_HDL/HLS/HLS_project/core.cpp:67" VARIABLE="icmp_ln67" MODULE="data_exe_wb_Pipeline_l_data_b" LOOP="l_data_b" BUNDLEDNAME="" DSP="0" BRAM="0" URAM="0" USAGE="" STORAGESUBTYPE="" STORAGESIZE=""/>
	<BindNode BINDTYPE="op" DISPLAY="bind_op add" ID="" IMPL="fabric" LATENCY="0" OPTYPE="add" PRAGMA="" RTLNAME="add_ln67_fu_105_p2" SOURCE="../NECST/NL2/M_AXI_ALU/ALU_sys_HDL/HLS/HLS_project/core.cpp:67" VARIABLE="add_ln67" MODULE="data_exe_wb_Pipeline_l_data_b" LOOP="l_data_b" BUNDLEDNAME="" DSP="0" BRAM="0" URAM="0" USAGE="" STORAGESUBTYPE="" STORAGESIZE=""/>
	<BindNode BINDTYPE="op" DISPLAY="bind_op add" ID="" IMPL="fabric" LATENCY="0" OPTYPE="add" PRAGMA="" RTLNAME="add_ln71_fu_123_p2" SOURCE="../NECST/NL2/M_AXI_ALU/ALU_sys_HDL/HLS/HLS_project/core.cpp:71" VARIABLE="add_ln71" MODULE="data_exe_wb_Pipeline_l_data_b" LOOP="l_data_b" BUNDLEDNAME="" DSP="0" BRAM="0" URAM="0" USAGE="" STORAGESUBTYPE="" STORAGESIZE=""/>
	<BindNode BINDTYPE="op" DISPLAY="bind_op icmp" ID="" IMPL="auto" LATENCY="0" OPTYPE="icmp" PRAGMA="" RTLNAME="icmp_ln127_fu_95_p2" SOURCE="../NECST/NL2/M_AXI_ALU/ALU_sys_HDL/HLS/HLS_project/core.cpp:127" VARIABLE="icmp_ln127" MODULE="data_exe_wb_Pipeline_exe" LOOP="exe" BUNDLEDNAME="" DSP="0" BRAM="0" URAM="0" USAGE="" STORAGESUBTYPE="" STORAGESIZE=""/>
	<BindNode BINDTYPE="op" DISPLAY="bind_op add" ID="" IMPL="fabric" LATENCY="0" OPTYPE="add" PRAGMA="" RTLNAME="add_ln127_fu_101_p2" SOURCE="../NECST/NL2/M_AXI_ALU/ALU_sys_HDL/HLS/HLS_project/core.cpp:127" VARIABLE="add_ln127" MODULE="data_exe_wb_Pipeline_exe" LOOP="exe" BUNDLEDNAME="" DSP="0" BRAM="0" URAM="0" USAGE="" STORAGESUBTYPE="" STORAGESIZE=""/>
	<BindNode BINDTYPE="op" DISPLAY="bind_op mul" ID="" IMPL="auto" LATENCY="1" OPTYPE="mul" PRAGMA="" RTLNAME="mul_32s_32s_32_2_1_U42" SOURCE="../NECST/NL2/M_AXI_ALU/ALU_sys_HDL/HLS/HLS_project/core.cpp:153" VARIABLE="mul_ln153" MODULE="data_exe_wb_Pipeline_exe" LOOP="exe" BUNDLEDNAME="" DSP="3" BRAM="0" URAM="0" USAGE="" STORAGESUBTYPE="" STORAGESIZE=""/>
	<BindNode BINDTYPE="op" DISPLAY="bind_op sdiv" ID="" IMPL="auto" LATENCY="35" OPTYPE="sdiv" PRAGMA="" RTLNAME="sdiv_32s_32s_32_36_1_U43" SOURCE="../NECST/NL2/M_AXI_ALU/ALU_sys_HDL/HLS/HLS_project/core.cpp:148" VARIABLE="sdiv_ln148" MODULE="data_exe_wb_Pipeline_exe" LOOP="exe" BUNDLEDNAME="" DSP="0" BRAM="0" URAM="0" USAGE="" STORAGESUBTYPE="" STORAGESIZE=""/>
	<BindNode BINDTYPE="op" DISPLAY="bind_op sub" ID="" IMPL="fabric" LATENCY="0" OPTYPE="sub" PRAGMA="" RTLNAME="sub_ln144_fu_120_p2" SOURCE="../NECST/NL2/M_AXI_ALU/ALU_sys_HDL/HLS/HLS_project/core.cpp:144" VARIABLE="sub_ln144" MODULE="data_exe_wb_Pipeline_exe" LOOP="exe" BUNDLEDNAME="" DSP="0" BRAM="0" URAM="0" USAGE="" STORAGESUBTYPE="" STORAGESIZE=""/>
	<BindNode BINDTYPE="op" DISPLAY="bind_op add" ID="" IMPL="fabric" LATENCY="0" OPTYPE="add" PRAGMA="" RTLNAME="add_ln140_fu_125_p2" SOURCE="../NECST/NL2/M_AXI_ALU/ALU_sys_HDL/HLS/HLS_project/core.cpp:140" VARIABLE="add_ln140" MODULE="data_exe_wb_Pipeline_exe" LOOP="exe" BUNDLEDNAME="" DSP="0" BRAM="0" URAM="0" USAGE="" STORAGESUBTYPE="" STORAGESIZE=""/>
	<BindNode BINDTYPE="op" DISPLAY="bind_op icmp" ID="" IMPL="auto" LATENCY="0" OPTYPE="icmp" PRAGMA="" RTLNAME="icmp_ln166_fu_106_p2" SOURCE="../NECST/NL2/M_AXI_ALU/ALU_sys_HDL/HLS/HLS_project/core.cpp:166" VARIABLE="icmp_ln166" MODULE="data_exe_wb_Pipeline_write_back" LOOP="write_back" BUNDLEDNAME="" DSP="0" BRAM="0" URAM="0" USAGE="" STORAGESUBTYPE="" STORAGESIZE=""/>
	<BindNode BINDTYPE="op" DISPLAY="bind_op add" ID="" IMPL="fabric" LATENCY="0" OPTYPE="add" PRAGMA="" RTLNAME="add_ln166_fu_112_p2" SOURCE="../NECST/NL2/M_AXI_ALU/ALU_sys_HDL/HLS/HLS_project/core.cpp:166" VARIABLE="add_ln166" MODULE="data_exe_wb_Pipeline_write_back" LOOP="write_back" BUNDLEDNAME="" DSP="0" BRAM="0" URAM="0" USAGE="" STORAGESUBTYPE="" STORAGESIZE=""/>
	<BindNode BINDTYPE="op" DISPLAY="bind_op add" ID="" IMPL="fabric" LATENCY="0" OPTYPE="add" PRAGMA="" RTLNAME="add_ln169_fu_130_p2" SOURCE="../NECST/NL2/M_AXI_ALU/ALU_sys_HDL/HLS/HLS_project/core.cpp:169" VARIABLE="add_ln169" MODULE="data_exe_wb_Pipeline_write_back" LOOP="write_back" BUNDLEDNAME="" DSP="0" BRAM="0" URAM="0" USAGE="" STORAGESUBTYPE="" STORAGESIZE=""/>
	<BindNode BINDTYPE="op" DISPLAY="bind_op icmp" ID="" IMPL="auto" LATENCY="0" OPTYPE="icmp" PRAGMA="" RTLNAME="icmp_ln81_fu_99_p2" SOURCE="../NECST/NL2/M_AXI_ALU/ALU_sys_HDL/HLS/HLS_project/core.cpp:81" VARIABLE="icmp_ln81" MODULE="operation_Pipeline_l_operation" LOOP="l_operation" BUNDLEDNAME="" DSP="0" BRAM="0" URAM="0" USAGE="" STORAGESUBTYPE="" STORAGESIZE=""/>
	<BindNode BINDTYPE="op" DISPLAY="bind_op add" ID="" IMPL="fabric" LATENCY="0" OPTYPE="add" PRAGMA="" RTLNAME="add_ln81_fu_105_p2" SOURCE="../NECST/NL2/M_AXI_ALU/ALU_sys_HDL/HLS/HLS_project/core.cpp:81" VARIABLE="add_ln81" MODULE="operation_Pipeline_l_operation" LOOP="l_operation" BUNDLEDNAME="" DSP="0" BRAM="0" URAM="0" USAGE="" STORAGESUBTYPE="" STORAGESIZE=""/>
	<BindNode BINDTYPE="op" DISPLAY="bind_op add" ID="" IMPL="fabric" LATENCY="0" OPTYPE="add" PRAGMA="" RTLNAME="add_ln85_fu_123_p2" SOURCE="../NECST/NL2/M_AXI_ALU/ALU_sys_HDL/HLS/HLS_project/core.cpp:85" VARIABLE="add_ln85" MODULE="operation_Pipeline_l_operation" LOOP="l_operation" BUNDLEDNAME="" DSP="0" BRAM="0" URAM="0" USAGE="" STORAGESUBTYPE="" STORAGESIZE=""/>
	<BindNode BINDTYPE="op" DISPLAY="bind_op icmp" ID="" IMPL="auto" LATENCY="0" OPTYPE="icmp" PRAGMA="" RTLNAME="icmp_ln94_fu_68_p2" SOURCE="../NECST/NL2/M_AXI_ALU/ALU_sys_HDL/HLS/HLS_project/core.cpp:94" VARIABLE="icmp_ln94" MODULE="operation_Pipeline_s_operation_data_op" LOOP="s_operation_data_op" BUNDLEDNAME="" DSP="0" BRAM="0" URAM="0" USAGE="" STORAGESUBTYPE="" STORAGESIZE=""/>
	<BindNode BINDTYPE="op" DISPLAY="bind_op add" ID="" IMPL="fabric" LATENCY="0" OPTYPE="add" PRAGMA="" RTLNAME="add_ln94_fu_74_p2" SOURCE="../NECST/NL2/M_AXI_ALU/ALU_sys_HDL/HLS/HLS_project/core.cpp:94" VARIABLE="add_ln94" MODULE="operation_Pipeline_s_operation_data_op" LOOP="s_operation_data_op" BUNDLEDNAME="" DSP="0" BRAM="0" URAM="0" USAGE="" STORAGESUBTYPE="" STORAGESIZE=""/>
	<BindNode BINDTYPE="op" DISPLAY="bind_op icmp" ID="" IMPL="auto" LATENCY="0" OPTYPE="icmp" PRAGMA="" RTLNAME="icmp_ln37_fu_54_p2" SOURCE="../NECST/NL2/M_AXI_ALU/ALU_sys_HDL/HLS/HLS_project/core.cpp:37" VARIABLE="icmp_ln37" MODULE="reset_Pipeline_clear_RAM_op" LOOP="clear_RAM_op" BUNDLEDNAME="" DSP="0" BRAM="0" URAM="0" USAGE="" STORAGESUBTYPE="" STORAGESIZE=""/>
	<BindNode BINDTYPE="op" DISPLAY="bind_op add" ID="" IMPL="fabric" LATENCY="0" OPTYPE="add" PRAGMA="" RTLNAME="add_ln37_fu_60_p2" SOURCE="../NECST/NL2/M_AXI_ALU/ALU_sys_HDL/HLS/HLS_project/core.cpp:37" VARIABLE="add_ln37" MODULE="reset_Pipeline_clear_RAM_op" LOOP="clear_RAM_op" BUNDLEDNAME="" DSP="0" BRAM="0" URAM="0" USAGE="" STORAGESUBTYPE="" STORAGESIZE=""/>
	<BindNode BINDTYPE="storage" DISPLAY="bind_storage ram_1p" ID="" IMPL="auto" LATENCY="1" OPTYPE="ram_1p" PRAGMA="" RTLNAME="ALU_operation_MEM_U" SOURCE="" VARIABLE="ALU_operation_MEM" MODULE="Block_entry1_proc" LOOP="" BUNDLEDNAME="" DSP="0" BRAM="1" URAM="0" USAGE="" STORAGESUBTYPE="" STORAGESIZE="32 400 1"/>
	<BindNode BINDTYPE="storage" DISPLAY="bind_storage fifo" ID="" IMPL="memory" LATENCY="0" OPTYPE="fifo" PRAGMA="" RTLNAME="ALU_operation_fifo_U" SOURCE="" VARIABLE="ALU_operation" MODULE="Block_entry1_proc" LOOP="" BUNDLEDNAME="" DSP="0" BRAM="2" URAM="0" USAGE="" STORAGESUBTYPE="" STORAGESIZE="32 400 1"/>
	<BindNode BINDTYPE="storage" DISPLAY="bind_storage fifo" ID="" IMPL="memory" LATENCY="0" OPTYPE="fifo" PRAGMA="" RTLNAME="data_a_fifo_U" SOURCE="" VARIABLE="data_a" MODULE="Block_entry1_proc" LOOP="" BUNDLEDNAME="" DSP="0" BRAM="2" URAM="0" USAGE="" STORAGESUBTYPE="" STORAGESIZE="32 400 1"/>
	<BindNode BINDTYPE="storage" DISPLAY="bind_storage fifo" ID="" IMPL="memory" LATENCY="0" OPTYPE="fifo" PRAGMA="" RTLNAME="data_b_fifo_U" SOURCE="" VARIABLE="data_b" MODULE="Block_entry1_proc" LOOP="" BUNDLEDNAME="" DSP="0" BRAM="2" URAM="0" USAGE="" STORAGESUBTYPE="" STORAGESIZE="32 400 1"/>
	<BindNode BINDTYPE="storage" DISPLAY="bind_storage fifo" ID="" IMPL="memory" LATENCY="0" OPTYPE="fifo" PRAGMA="" RTLNAME="data_result_fifo_U" SOURCE="" VARIABLE="data_result" MODULE="Block_entry1_proc" LOOP="" BUNDLEDNAME="" DSP="0" BRAM="2" URAM="0" USAGE="" STORAGESUBTYPE="" STORAGESIZE="32 400 1"/>
	<BindNode BINDTYPE="adapter" DISPLAY="bind_adapter axilite" ID="" IMPL="" LATENCY="" OPTYPE="" PRAGMA="" RTLNAME="control_s_axi_U" SOURCE="" VARIABLE="" MODULE="ALU_sys_HDL" LOOP="" BUNDLEDNAME="control" DSP="0" BRAM="0" URAM="0" USAGE="interface" STORAGESUBTYPE="s_axilite" STORAGESIZE=""/>
	<BindNode BINDTYPE="adapter" DISPLAY="bind_adapter axi_master" ID="" IMPL="" LATENCY="" OPTYPE="" PRAGMA="" RTLNAME="gmem0_m_axi_U" SOURCE="" VARIABLE="" MODULE="ALU_sys_HDL" LOOP="" BUNDLEDNAME="gmem0" DSP="0" BRAM="4" URAM="0" USAGE="interface" STORAGESUBTYPE="m_axi" STORAGESIZE=""/>
	<BindNode BINDTYPE="adapter" DISPLAY="bind_adapter axi_master" ID="" IMPL="" LATENCY="" OPTYPE="" PRAGMA="" RTLNAME="gmem1_m_axi_U" SOURCE="" VARIABLE="" MODULE="ALU_sys_HDL" LOOP="" BUNDLEDNAME="gmem1" DSP="0" BRAM="4" URAM="0" USAGE="interface" STORAGESUBTYPE="m_axi" STORAGESIZE=""/>
	<BindNode BINDTYPE="adapter" DISPLAY="bind_adapter axi_master" ID="" IMPL="" LATENCY="" OPTYPE="" PRAGMA="" RTLNAME="gmem2_m_axi_U" SOURCE="" VARIABLE="" MODULE="ALU_sys_HDL" LOOP="" BUNDLEDNAME="gmem2" DSP="0" BRAM="4" URAM="0" USAGE="interface" STORAGESUBTYPE="m_axi" STORAGESIZE=""/>
	<BindNode BINDTYPE="adapter" DISPLAY="bind_adapter axi_master" ID="" IMPL="" LATENCY="" OPTYPE="" PRAGMA="" RTLNAME="gmem3_m_axi_U" SOURCE="" VARIABLE="" MODULE="ALU_sys_HDL" LOOP="" BUNDLEDNAME="gmem3" DSP="0" BRAM="4" URAM="0" USAGE="interface" STORAGESUBTYPE="m_axi" STORAGESIZE=""/>
	<BindNode BINDTYPE="interface" DISPLAY="bind_storage bram" ID="" IMPL="" LATENCY="" OPTYPE="" PRAGMA="no" RTLNAME="" SOURCE="" VARIABLE="gmem0" MODULE="ALU_sys_HDL" LOOP="" BUNDLEDNAME="" DSP="0" BRAM="0" URAM="0" USAGE="interface" STORAGESUBTYPE="bram" STORAGESIZE="32 0 1"/>
	<BindNode BINDTYPE="interface" DISPLAY="bind_storage bram" ID="" IMPL="" LATENCY="" OPTYPE="" PRAGMA="no" RTLNAME="" SOURCE="" VARIABLE="gmem1" MODULE="ALU_sys_HDL" LOOP="" BUNDLEDNAME="" DSP="0" BRAM="0" URAM="0" USAGE="interface" STORAGESUBTYPE="bram" STORAGESIZE="32 0 1"/>
	<BindNode BINDTYPE="interface" DISPLAY="bind_storage bram" ID="" IMPL="" LATENCY="" OPTYPE="" PRAGMA="no" RTLNAME="" SOURCE="" VARIABLE="gmem2" MODULE="ALU_sys_HDL" LOOP="" BUNDLEDNAME="" DSP="0" BRAM="0" URAM="0" USAGE="interface" STORAGESUBTYPE="bram" STORAGESIZE="32 0 1"/>
	<BindNode BINDTYPE="interface" DISPLAY="bind_storage bram" ID="" IMPL="" LATENCY="" OPTYPE="" PRAGMA="no" RTLNAME="" SOURCE="" VARIABLE="gmem3" MODULE="ALU_sys_HDL" LOOP="" BUNDLEDNAME="" DSP="0" BRAM="0" URAM="0" USAGE="interface" STORAGESUBTYPE="bram" STORAGESIZE="32 0 1"/>
</BindInfo>
