<xilinx:hls_fe_msgs>
    <msg msg_groups="PRAGMA_DATAFLOW" msg_id="214-111" msg_severity="WARNING" msg_loc="../NECST/NL2/M_AXI_ALU/ALU_sys_HDL/HLS/HLS_project/core.cpp:222:13" msg_body="Static scalars and arrays declared inside a dataflow region will be treated like local variables"/>
    <msg msg_groups="PRAGMA_DATAFLOW" msg_id="214-114" msg_severity="WARNING" msg_loc="../NECST/NL2/M_AXI_ALU/ALU_sys_HDL/HLS/HLS_project/core.cpp:225:9" msg_body="Since the only kind of statements allowed in a canonical dataflow region are variable declarations and function calls, the compiler may not be able to correctly handle the region"/>
    <msg msg_groups="PRAGMA_VERBOSE_DUMP" msg_id="207-5471" msg_severity="WARNING" msg_loc="../NECST/NL2/M_AXI_ALU/ALU_sys_HDL/HLS/HLS_project/core.cpp:58:9" msg_body="HLS pragma dump">
        <args ARG_PragmaFunction="load_data_a" ARG_PragmaIsValid="1" ARG_PragmaOptions="II=1" ARG_PragmaType="pipeline" ClangWarningOption="dump-hls-pragmas"/>
    </msg>
    <msg msg_groups="PRAGMA_VERBOSE_DUMP" msg_id="207-5471" msg_severity="WARNING" msg_loc="../NECST/NL2/M_AXI_ALU/ALU_sys_HDL/HLS/HLS_project/core.cpp:69:9" msg_body="HLS pragma dump">
        <args ARG_PragmaFunction="load_data_b" ARG_PragmaIsValid="1" ARG_PragmaOptions="II=1" ARG_PragmaType="pipeline" ClangWarningOption="dump-hls-pragmas"/>
    </msg>
    <msg msg_groups="PRAGMA_VERBOSE_DUMP" msg_id="207-5471" msg_severity="WARNING" msg_loc="../NECST/NL2/M_AXI_ALU/ALU_sys_HDL/HLS/HLS_project/core.cpp:83:9" msg_body="HLS pragma dump">
        <args ARG_PragmaFunction="load_op" ARG_PragmaIsValid="1" ARG_PragmaOptions="II=1" ARG_PragmaType="pipeline" ClangWarningOption="dump-hls-pragmas"/>
    </msg>
    <msg msg_groups="PRAGMA_VERBOSE_DUMP" msg_id="207-5471" msg_severity="WARNING" msg_loc="../NECST/NL2/M_AXI_ALU/ALU_sys_HDL/HLS/HLS_project/core.cpp:96:9" msg_body="HLS pragma dump">
        <args ARG_PragmaFunction="store_op" ARG_PragmaIsValid="1" ARG_PragmaOptions="II=1" ARG_PragmaType="pipeline" ClangWarningOption="dump-hls-pragmas"/>
    </msg>
    <msg msg_groups="PRAGMA_VERBOSE_DUMP" msg_id="207-5471" msg_severity="WARNING" msg_loc="../NECST/NL2/M_AXI_ALU/ALU_sys_HDL/HLS/HLS_project/core.cpp:116:9" msg_body="HLS pragma dump">
        <args ARG_PragmaFunction="load_data_and_op" ARG_PragmaIsValid="1" ARG_PragmaType="inline" ClangWarningOption="dump-hls-pragmas"/>
    </msg>
    <msg msg_groups="PRAGMA_VERBOSE_DUMP" msg_id="207-5471" msg_severity="WARNING" msg_loc="../NECST/NL2/M_AXI_ALU/ALU_sys_HDL/HLS/HLS_project/core.cpp:129:9" msg_body="HLS pragma dump">
        <args ARG_PragmaFunction="execute" ARG_PragmaIsValid="1" ARG_PragmaOptions="II=1" ARG_PragmaType="pipeline" ClangWarningOption="dump-hls-pragmas"/>
    </msg>
    <msg msg_groups="PRAGMA_VERBOSE_DUMP" msg_id="207-5471" msg_severity="WARNING" msg_loc="../NECST/NL2/M_AXI_ALU/ALU_sys_HDL/HLS/HLS_project/core.cpp:168:9" msg_body="HLS pragma dump">
        <args ARG_PragmaFunction="write_back" ARG_PragmaIsValid="1" ARG_PragmaOptions="II=1" ARG_PragmaType="pipeline" ClangWarningOption="dump-hls-pragmas"/>
    </msg>
    <msg msg_groups="PRAGMA_VERBOSE_DUMP" msg_id="207-5471" msg_severity="WARNING" msg_loc="C:/Users/marco/Desktop/hhllss/ALU_sys_HDL/solution1/csynth.tcl:15:9" msg_body="HLS pragma dump">
        <args ARG_PragmaContext="directive" ARG_PragmaFunction="ALU_sys_HDL" ARG_PragmaIsValid="1" ARG_PragmaOptions="name=ALU_sys_HDL" ARG_PragmaType="top" ClangWarningOption="dump-hls-pragmas"/>
    </msg>
    <msg msg_groups="PRAGMA_VERBOSE_DUMP" msg_id="207-5471" msg_severity="WARNING" msg_loc="../NECST/NL2/M_AXI_ALU/ALU_sys_HDL/HLS/HLS_project/core.cpp:193:9" msg_body="HLS pragma dump">
        <args ARG_PragmaFunction="ALU_sys_HDL" ARG_PragmaIsValid="1" ARG_PragmaOptions="mode=s_axilite bundle=control port=a" ARG_PragmaType="interface" ClangWarningOption="dump-hls-pragmas"/>
    </msg>
    <msg msg_groups="PRAGMA_VERBOSE_DUMP" msg_id="207-5471" msg_severity="WARNING" msg_loc="../NECST/NL2/M_AXI_ALU/ALU_sys_HDL/HLS/HLS_project/core.cpp:194:9" msg_body="HLS pragma dump">
        <args ARG_PragmaFunction="ALU_sys_HDL" ARG_PragmaIsValid="1" ARG_PragmaOptions="mode=s_axilite bundle=control port=b" ARG_PragmaType="interface" ClangWarningOption="dump-hls-pragmas"/>
    </msg>
    <msg msg_groups="PRAGMA_VERBOSE_DUMP" msg_id="207-5471" msg_severity="WARNING" msg_loc="../NECST/NL2/M_AXI_ALU/ALU_sys_HDL/HLS/HLS_project/core.cpp:195:9" msg_body="HLS pragma dump">
        <args ARG_PragmaFunction="ALU_sys_HDL" ARG_PragmaIsValid="1" ARG_PragmaOptions="mode=s_axilite bundle=control port=c" ARG_PragmaType="interface" ClangWarningOption="dump-hls-pragmas"/>
    </msg>
    <msg msg_groups="PRAGMA_VERBOSE_DUMP" msg_id="207-5471" msg_severity="WARNING" msg_loc="../NECST/NL2/M_AXI_ALU/ALU_sys_HDL/HLS/HLS_project/core.cpp:196:9" msg_body="HLS pragma dump">
        <args ARG_PragmaFunction="ALU_sys_HDL" ARG_PragmaIsValid="1" ARG_PragmaOptions="mode=s_axilite bundle=control port=op" ARG_PragmaType="interface" ClangWarningOption="dump-hls-pragmas"/>
    </msg>
    <msg msg_groups="PRAGMA_VERBOSE_DUMP" msg_id="207-5471" msg_severity="WARNING" msg_loc="../NECST/NL2/M_AXI_ALU/ALU_sys_HDL/HLS/HLS_project/core.cpp:197:9" msg_body="HLS pragma dump">
        <args ARG_PragmaFunction="ALU_sys_HDL" ARG_PragmaIsValid="1" ARG_PragmaOptions="mode=s_axilite bundle=control port=selec" ARG_PragmaType="interface" ClangWarningOption="dump-hls-pragmas"/>
    </msg>
    <msg msg_groups="PRAGMA_VERBOSE_DUMP" msg_id="207-5471" msg_severity="WARNING" msg_loc="../NECST/NL2/M_AXI_ALU/ALU_sys_HDL/HLS/HLS_project/core.cpp:199:9" msg_body="HLS pragma dump">
        <args ARG_PragmaFunction="ALU_sys_HDL" ARG_PragmaIsValid="1" ARG_PragmaOptions="mode=s_axilite bundle=control port=return" ARG_PragmaType="interface" ClangWarningOption="dump-hls-pragmas"/>
    </msg>
    <msg msg_groups="PRAGMA_VERBOSE_DUMP" msg_id="207-5471" msg_severity="WARNING" msg_loc="../NECST/NL2/M_AXI_ALU/ALU_sys_HDL/HLS/HLS_project/core.cpp:201:9" msg_body="HLS pragma dump">
        <args ARG_PragmaFunction="ALU_sys_HDL" ARG_PragmaIsValid="1" ARG_PragmaOptions="mode=m_axi port=a bundle=gmem0 depth=400 offset=slave" ARG_PragmaType="interface" ClangWarningOption="dump-hls-pragmas"/>
    </msg>
    <msg msg_groups="PRAGMA_VERBOSE_DUMP" msg_id="207-5471" msg_severity="WARNING" msg_loc="../NECST/NL2/M_AXI_ALU/ALU_sys_HDL/HLS/HLS_project/core.cpp:202:9" msg_body="HLS pragma dump">
        <args ARG_PragmaFunction="ALU_sys_HDL" ARG_PragmaIsValid="1" ARG_PragmaOptions="mode=m_axi port=b bundle=gmem1 depth=400 offset=slave" ARG_PragmaType="interface" ClangWarningOption="dump-hls-pragmas"/>
    </msg>
    <msg msg_groups="PRAGMA_VERBOSE_DUMP" msg_id="207-5471" msg_severity="WARNING" msg_loc="../NECST/NL2/M_AXI_ALU/ALU_sys_HDL/HLS/HLS_project/core.cpp:203:9" msg_body="HLS pragma dump">
        <args ARG_PragmaFunction="ALU_sys_HDL" ARG_PragmaIsValid="1" ARG_PragmaOptions="mode=m_axi port=c bundle=gmem2 depth=400 offset=slave" ARG_PragmaType="interface" ClangWarningOption="dump-hls-pragmas"/>
    </msg>
    <msg msg_groups="PRAGMA_VERBOSE_DUMP" msg_id="207-5471" msg_severity="WARNING" msg_loc="../NECST/NL2/M_AXI_ALU/ALU_sys_HDL/HLS/HLS_project/core.cpp:204:9" msg_body="HLS pragma dump">
        <args ARG_PragmaFunction="ALU_sys_HDL" ARG_PragmaIsValid="1" ARG_PragmaOptions="mode=m_axi port=op bundle=gmem3 depth=400 offset=slave" ARG_PragmaType="interface" ClangWarningOption="dump-hls-pragmas"/>
    </msg>
    <msg msg_groups="PRAGMA_VERBOSE_DUMP" msg_id="207-5471" msg_severity="WARNING" msg_loc="../NECST/NL2/M_AXI_ALU/ALU_sys_HDL/HLS/HLS_project/core.cpp:207:9" msg_body="HLS pragma dump">
        <args ARG_PragmaFunction="ALU_sys_HDL" ARG_PragmaIsValid="1" ARG_PragmaOptions="variable=data_a depth=400" ARG_PragmaType="stream" ClangWarningOption="dump-hls-pragmas"/>
    </msg>
    <msg msg_groups="PRAGMA_VERBOSE_DUMP" msg_id="207-5471" msg_severity="WARNING" msg_loc="../NECST/NL2/M_AXI_ALU/ALU_sys_HDL/HLS/HLS_project/core.cpp:211:9" msg_body="HLS pragma dump">
        <args ARG_PragmaFunction="ALU_sys_HDL" ARG_PragmaIsValid="1" ARG_PragmaOptions="variable=data_b depth=400" ARG_PragmaType="stream" ClangWarningOption="dump-hls-pragmas"/>
    </msg>
    <msg msg_groups="PRAGMA_VERBOSE_DUMP" msg_id="207-5471" msg_severity="WARNING" msg_loc="../NECST/NL2/M_AXI_ALU/ALU_sys_HDL/HLS/HLS_project/core.cpp:215:9" msg_body="HLS pragma dump">
        <args ARG_PragmaFunction="ALU_sys_HDL" ARG_PragmaIsValid="1" ARG_PragmaOptions="variable=data_result depth=400" ARG_PragmaType="stream" ClangWarningOption="dump-hls-pragmas"/>
    </msg>
    <msg msg_groups="PRAGMA_VERBOSE_DUMP" msg_id="207-5471" msg_severity="WARNING" msg_loc="../NECST/NL2/M_AXI_ALU/ALU_sys_HDL/HLS/HLS_project/core.cpp:219:9" msg_body="HLS pragma dump">
        <args ARG_PragmaFunction="ALU_sys_HDL" ARG_PragmaIsValid="1" ARG_PragmaOptions="variable=ALU_operation depth=400" ARG_PragmaType="stream" ClangWarningOption="dump-hls-pragmas"/>
    </msg>
    <msg msg_groups="PRAGMA_VERBOSE_DUMP" msg_id="207-5471" msg_severity="WARNING" msg_loc="../NECST/NL2/M_AXI_ALU/ALU_sys_HDL/HLS/HLS_project/core.cpp:225:9" msg_body="HLS pragma dump">
        <args ARG_PragmaFunction="ALU_sys_HDL" ARG_PragmaIsValid="1" ARG_PragmaType="dataflow" ClangWarningOption="dump-hls-pragmas"/>
    </msg>
    <msg msg_groups="CODE_UNSUPPORTED" msg_id="214-131" msg_severity="INFO" msg_loc="../NECST/NL2/M_AXI_ALU/ALU_sys_HDL/HLS/HLS_project/core.cpp:185:3" msg_body="Inlining function 'load_data_and_op(int volatile*, int volatile*, int volatile*, hls::stream&lt;int, 0&gt;&amp;, hls::stream&lt;int, 0&gt;&amp;, hls::stream&lt;int, 0&gt;&amp;)' into 'op_data_exe_wb(int volatile*, int volatile*, int volatile*, hls::stream&lt;int, 0&gt;&amp;, hls::stream&lt;int, 0&gt;&amp;, hls::stream&lt;int, 0&gt;&amp;, int*, hls::stream&lt;int, 0&gt;&amp;, int volatile*)'">
        <args Callee="load_data_and_op(int volatile*, int volatile*, int volatile*, hls::stream&lt;int, 0&gt;&amp;, hls::stream&lt;int, 0&gt;&amp;, hls::stream&lt;int, 0&gt;&amp;)" Callee-DebugLoc="File ../NECST/NL2/M_AXI_ALU/ALU_sys_HDL/HLS/HLS_project/core.cpp Line 114 Column 0" Caller="op_data_exe_wb(int volatile*, int volatile*, int volatile*, hls::stream&lt;int, 0&gt;&amp;, hls::stream&lt;int, 0&gt;&amp;, hls::stream&lt;int, 0&gt;&amp;, int*, hls::stream&lt;int, 0&gt;&amp;, int volatile*)" Caller-DebugLoc="File ../NECST/NL2/M_AXI_ALU/ALU_sys_HDL/HLS/HLS_project/core.cpp Line 184 Column 0"/>
    </msg>
    <msg msg_groups="PRAGMA_INLINE" msg_id="214-178" msg_severity="INFO" msg_loc="../NECST/NL2/M_AXI_ALU/ALU_sys_HDL/HLS/HLS_project/core.cpp:105:0" msg_body="Inlining function 'load_op(int volatile*, hls::stream&lt;int, 0&gt;&amp;)' into 'operation(int volatile*, hls::stream&lt;int, 0&gt;&amp;, int*)'">
        <args Callee="load_op(int volatile*, hls::stream&lt;int, 0&gt;&amp;)" Callee-DebugLoc="File ../NECST/NL2/M_AXI_ALU/ALU_sys_HDL/HLS/HLS_project/core.cpp Line 79 Column 0" Caller="operation(int volatile*, hls::stream&lt;int, 0&gt;&amp;, int*)" Caller-DebugLoc="File ../NECST/NL2/M_AXI_ALU/ALU_sys_HDL/HLS/HLS_project/core.cpp Line 105 Column 0"/>
    </msg>
    <msg msg_groups="PRAGMA_INLINE" msg_id="214-178" msg_severity="INFO" msg_loc="../NECST/NL2/M_AXI_ALU/ALU_sys_HDL/HLS/HLS_project/core.cpp:105:0" msg_body="Inlining function 'store_op(hls::stream&lt;int, 0&gt;&amp;, int*)' into 'operation(int volatile*, hls::stream&lt;int, 0&gt;&amp;, int*)'">
        <args Callee="store_op(hls::stream&lt;int, 0&gt;&amp;, int*)" Callee-DebugLoc="File ../NECST/NL2/M_AXI_ALU/ALU_sys_HDL/HLS/HLS_project/core.cpp Line 92 Column 0" Caller="operation(int volatile*, hls::stream&lt;int, 0&gt;&amp;, int*)" Caller-DebugLoc="File ../NECST/NL2/M_AXI_ALU/ALU_sys_HDL/HLS/HLS_project/core.cpp Line 105 Column 0"/>
    </msg>
    <msg msg_groups="PRAGMA_INLINE" msg_id="214-178" msg_severity="INFO" msg_loc="../NECST/NL2/M_AXI_ALU/ALU_sys_HDL/HLS/HLS_project/core.cpp:176:0" msg_body="Inlining function 'load_data_a(int volatile*, hls::stream&lt;int, 0&gt;&amp;)' into 'data_exe_wb(int volatile*, int volatile*, hls::stream&lt;int, 0&gt;&amp;, hls::stream&lt;int, 0&gt;&amp;, int*, hls::stream&lt;int, 0&gt;&amp;, int volatile*)'">
        <args Callee="load_data_a(int volatile*, hls::stream&lt;int, 0&gt;&amp;)" Callee-DebugLoc="File ../NECST/NL2/M_AXI_ALU/ALU_sys_HDL/HLS/HLS_project/core.cpp Line 55 Column 0" Caller="data_exe_wb(int volatile*, int volatile*, hls::stream&lt;int, 0&gt;&amp;, hls::stream&lt;int, 0&gt;&amp;, int*, hls::stream&lt;int, 0&gt;&amp;, int volatile*)" Caller-DebugLoc="File ../NECST/NL2/M_AXI_ALU/ALU_sys_HDL/HLS/HLS_project/core.cpp Line 176 Column 0"/>
    </msg>
    <msg msg_groups="PRAGMA_INLINE" msg_id="214-178" msg_severity="INFO" msg_loc="../NECST/NL2/M_AXI_ALU/ALU_sys_HDL/HLS/HLS_project/core.cpp:176:0" msg_body="Inlining function 'load_data_b(int volatile*, hls::stream&lt;int, 0&gt;&amp;)' into 'data_exe_wb(int volatile*, int volatile*, hls::stream&lt;int, 0&gt;&amp;, hls::stream&lt;int, 0&gt;&amp;, int*, hls::stream&lt;int, 0&gt;&amp;, int volatile*)'">
        <args Callee="load_data_b(int volatile*, hls::stream&lt;int, 0&gt;&amp;)" Callee-DebugLoc="File ../NECST/NL2/M_AXI_ALU/ALU_sys_HDL/HLS/HLS_project/core.cpp Line 66 Column 0" Caller="data_exe_wb(int volatile*, int volatile*, hls::stream&lt;int, 0&gt;&amp;, hls::stream&lt;int, 0&gt;&amp;, int*, hls::stream&lt;int, 0&gt;&amp;, int volatile*)" Caller-DebugLoc="File ../NECST/NL2/M_AXI_ALU/ALU_sys_HDL/HLS/HLS_project/core.cpp Line 176 Column 0"/>
    </msg>
    <msg msg_groups="PRAGMA_INLINE" msg_id="214-178" msg_severity="INFO" msg_loc="../NECST/NL2/M_AXI_ALU/ALU_sys_HDL/HLS/HLS_project/core.cpp:176:0" msg_body="Inlining function 'execute(hls::stream&lt;int, 0&gt;&amp;, hls::stream&lt;int, 0&gt;&amp;, int*, hls::stream&lt;int, 0&gt;&amp;)' into 'data_exe_wb(int volatile*, int volatile*, hls::stream&lt;int, 0&gt;&amp;, hls::stream&lt;int, 0&gt;&amp;, int*, hls::stream&lt;int, 0&gt;&amp;, int volatile*)'">
        <args Callee="execute(hls::stream&lt;int, 0&gt;&amp;, hls::stream&lt;int, 0&gt;&amp;, int*, hls::stream&lt;int, 0&gt;&amp;)" Callee-DebugLoc="File ../NECST/NL2/M_AXI_ALU/ALU_sys_HDL/HLS/HLS_project/core.cpp Line 125 Column 0" Caller="data_exe_wb(int volatile*, int volatile*, hls::stream&lt;int, 0&gt;&amp;, hls::stream&lt;int, 0&gt;&amp;, int*, hls::stream&lt;int, 0&gt;&amp;, int volatile*)" Caller-DebugLoc="File ../NECST/NL2/M_AXI_ALU/ALU_sys_HDL/HLS/HLS_project/core.cpp Line 176 Column 0"/>
    </msg>
    <msg msg_groups="PRAGMA_INLINE" msg_id="214-178" msg_severity="INFO" msg_loc="../NECST/NL2/M_AXI_ALU/ALU_sys_HDL/HLS/HLS_project/core.cpp:176:0" msg_body="Inlining function 'write_back(hls::stream&lt;int, 0&gt;&amp;, int volatile*)' into 'data_exe_wb(int volatile*, int volatile*, hls::stream&lt;int, 0&gt;&amp;, hls::stream&lt;int, 0&gt;&amp;, int*, hls::stream&lt;int, 0&gt;&amp;, int volatile*)'">
        <args Callee="write_back(hls::stream&lt;int, 0&gt;&amp;, int volatile*)" Callee-DebugLoc="File ../NECST/NL2/M_AXI_ALU/ALU_sys_HDL/HLS/HLS_project/core.cpp Line 165 Column 0" Caller="data_exe_wb(int volatile*, int volatile*, hls::stream&lt;int, 0&gt;&amp;, hls::stream&lt;int, 0&gt;&amp;, int*, hls::stream&lt;int, 0&gt;&amp;, int volatile*)" Caller-DebugLoc="File ../NECST/NL2/M_AXI_ALU/ALU_sys_HDL/HLS/HLS_project/core.cpp Line 176 Column 0"/>
    </msg>
    <msg msg_groups="PRAGMA_INLINE" msg_id="214-178" msg_severity="INFO" msg_loc="../NECST/NL2/M_AXI_ALU/ALU_sys_HDL/HLS/HLS_project/core.cpp:184:0" msg_body="Inlining function 'load_op(int volatile*, hls::stream&lt;int, 0&gt;&amp;)' into 'op_data_exe_wb(int volatile*, int volatile*, int volatile*, hls::stream&lt;int, 0&gt;&amp;, hls::stream&lt;int, 0&gt;&amp;, hls::stream&lt;int, 0&gt;&amp;, int*, hls::stream&lt;int, 0&gt;&amp;, int volatile*)'">
        <args Callee="load_op(int volatile*, hls::stream&lt;int, 0&gt;&amp;)" Callee-DebugLoc="File ../NECST/NL2/M_AXI_ALU/ALU_sys_HDL/HLS/HLS_project/core.cpp Line 79 Column 0" Caller="op_data_exe_wb(int volatile*, int volatile*, int volatile*, hls::stream&lt;int, 0&gt;&amp;, hls::stream&lt;int, 0&gt;&amp;, hls::stream&lt;int, 0&gt;&amp;, int*, hls::stream&lt;int, 0&gt;&amp;, int volatile*)" Caller-DebugLoc="File ../NECST/NL2/M_AXI_ALU/ALU_sys_HDL/HLS/HLS_project/core.cpp Line 184 Column 0"/>
    </msg>
    <msg msg_groups="PRAGMA_INLINE" msg_id="214-178" msg_severity="INFO" msg_loc="../NECST/NL2/M_AXI_ALU/ALU_sys_HDL/HLS/HLS_project/core.cpp:184:0" msg_body="Inlining function 'load_data_a(int volatile*, hls::stream&lt;int, 0&gt;&amp;)' into 'op_data_exe_wb(int volatile*, int volatile*, int volatile*, hls::stream&lt;int, 0&gt;&amp;, hls::stream&lt;int, 0&gt;&amp;, hls::stream&lt;int, 0&gt;&amp;, int*, hls::stream&lt;int, 0&gt;&amp;, int volatile*)'">
        <args Callee="load_data_a(int volatile*, hls::stream&lt;int, 0&gt;&amp;)" Callee-DebugLoc="File ../NECST/NL2/M_AXI_ALU/ALU_sys_HDL/HLS/HLS_project/core.cpp Line 55 Column 0" Caller="op_data_exe_wb(int volatile*, int volatile*, int volatile*, hls::stream&lt;int, 0&gt;&amp;, hls::stream&lt;int, 0&gt;&amp;, hls::stream&lt;int, 0&gt;&amp;, int*, hls::stream&lt;int, 0&gt;&amp;, int volatile*)" Caller-DebugLoc="File ../NECST/NL2/M_AXI_ALU/ALU_sys_HDL/HLS/HLS_project/core.cpp Line 184 Column 0"/>
    </msg>
    <msg msg_groups="PRAGMA_INLINE" msg_id="214-178" msg_severity="INFO" msg_loc="../NECST/NL2/M_AXI_ALU/ALU_sys_HDL/HLS/HLS_project/core.cpp:184:0" msg_body="Inlining function 'load_data_b(int volatile*, hls::stream&lt;int, 0&gt;&amp;)' into 'op_data_exe_wb(int volatile*, int volatile*, int volatile*, hls::stream&lt;int, 0&gt;&amp;, hls::stream&lt;int, 0&gt;&amp;, hls::stream&lt;int, 0&gt;&amp;, int*, hls::stream&lt;int, 0&gt;&amp;, int volatile*)'">
        <args Callee="load_data_b(int volatile*, hls::stream&lt;int, 0&gt;&amp;)" Callee-DebugLoc="File ../NECST/NL2/M_AXI_ALU/ALU_sys_HDL/HLS/HLS_project/core.cpp Line 66 Column 0" Caller="op_data_exe_wb(int volatile*, int volatile*, int volatile*, hls::stream&lt;int, 0&gt;&amp;, hls::stream&lt;int, 0&gt;&amp;, hls::stream&lt;int, 0&gt;&amp;, int*, hls::stream&lt;int, 0&gt;&amp;, int volatile*)" Caller-DebugLoc="File ../NECST/NL2/M_AXI_ALU/ALU_sys_HDL/HLS/HLS_project/core.cpp Line 184 Column 0"/>
    </msg>
    <msg msg_groups="PRAGMA_INLINE" msg_id="214-178" msg_severity="INFO" msg_loc="../NECST/NL2/M_AXI_ALU/ALU_sys_HDL/HLS/HLS_project/core.cpp:184:0" msg_body="Inlining function 'store_op(hls::stream&lt;int, 0&gt;&amp;, int*)' into 'op_data_exe_wb(int volatile*, int volatile*, int volatile*, hls::stream&lt;int, 0&gt;&amp;, hls::stream&lt;int, 0&gt;&amp;, hls::stream&lt;int, 0&gt;&amp;, int*, hls::stream&lt;int, 0&gt;&amp;, int volatile*)'">
        <args Callee="store_op(hls::stream&lt;int, 0&gt;&amp;, int*)" Callee-DebugLoc="File ../NECST/NL2/M_AXI_ALU/ALU_sys_HDL/HLS/HLS_project/core.cpp Line 92 Column 0" Caller="op_data_exe_wb(int volatile*, int volatile*, int volatile*, hls::stream&lt;int, 0&gt;&amp;, hls::stream&lt;int, 0&gt;&amp;, hls::stream&lt;int, 0&gt;&amp;, int*, hls::stream&lt;int, 0&gt;&amp;, int volatile*)" Caller-DebugLoc="File ../NECST/NL2/M_AXI_ALU/ALU_sys_HDL/HLS/HLS_project/core.cpp Line 184 Column 0"/>
    </msg>
    <msg msg_groups="PRAGMA_INLINE" msg_id="214-178" msg_severity="INFO" msg_loc="../NECST/NL2/M_AXI_ALU/ALU_sys_HDL/HLS/HLS_project/core.cpp:184:0" msg_body="Inlining function 'execute(hls::stream&lt;int, 0&gt;&amp;, hls::stream&lt;int, 0&gt;&amp;, int*, hls::stream&lt;int, 0&gt;&amp;)' into 'op_data_exe_wb(int volatile*, int volatile*, int volatile*, hls::stream&lt;int, 0&gt;&amp;, hls::stream&lt;int, 0&gt;&amp;, hls::stream&lt;int, 0&gt;&amp;, int*, hls::stream&lt;int, 0&gt;&amp;, int volatile*)'">
        <args Callee="execute(hls::stream&lt;int, 0&gt;&amp;, hls::stream&lt;int, 0&gt;&amp;, int*, hls::stream&lt;int, 0&gt;&amp;)" Callee-DebugLoc="File ../NECST/NL2/M_AXI_ALU/ALU_sys_HDL/HLS/HLS_project/core.cpp Line 125 Column 0" Caller="op_data_exe_wb(int volatile*, int volatile*, int volatile*, hls::stream&lt;int, 0&gt;&amp;, hls::stream&lt;int, 0&gt;&amp;, hls::stream&lt;int, 0&gt;&amp;, int*, hls::stream&lt;int, 0&gt;&amp;, int volatile*)" Caller-DebugLoc="File ../NECST/NL2/M_AXI_ALU/ALU_sys_HDL/HLS/HLS_project/core.cpp Line 184 Column 0"/>
    </msg>
    <msg msg_groups="PRAGMA_INLINE" msg_id="214-178" msg_severity="INFO" msg_loc="../NECST/NL2/M_AXI_ALU/ALU_sys_HDL/HLS/HLS_project/core.cpp:184:0" msg_body="Inlining function 'write_back(hls::stream&lt;int, 0&gt;&amp;, int volatile*)' into 'op_data_exe_wb(int volatile*, int volatile*, int volatile*, hls::stream&lt;int, 0&gt;&amp;, hls::stream&lt;int, 0&gt;&amp;, hls::stream&lt;int, 0&gt;&amp;, int*, hls::stream&lt;int, 0&gt;&amp;, int volatile*)'">
        <args Callee="write_back(hls::stream&lt;int, 0&gt;&amp;, int volatile*)" Callee-DebugLoc="File ../NECST/NL2/M_AXI_ALU/ALU_sys_HDL/HLS/HLS_project/core.cpp Line 165 Column 0" Caller="op_data_exe_wb(int volatile*, int volatile*, int volatile*, hls::stream&lt;int, 0&gt;&amp;, hls::stream&lt;int, 0&gt;&amp;, hls::stream&lt;int, 0&gt;&amp;, int*, hls::stream&lt;int, 0&gt;&amp;, int volatile*)" Caller-DebugLoc="File ../NECST/NL2/M_AXI_ALU/ALU_sys_HDL/HLS/HLS_project/core.cpp Line 184 Column 0"/>
    </msg>
    <msg msg_groups="PRAGMA_INLINE" msg_id="214-178" msg_severity="INFO" msg_loc="../NECST/NL2/M_AXI_ALU/ALU_sys_HDL/HLS/HLS_project/core.cpp:44:0" msg_body="Inlining function 'reset_FIFO_a(hls::stream&lt;int, 0&gt;&amp;)' into 'reset(hls::stream&lt;int, 0&gt;&amp;, hls::stream&lt;int, 0&gt;&amp;, hls::stream&lt;int, 0&gt;&amp;, int*)'">
        <args Callee="reset_FIFO_a(hls::stream&lt;int, 0&gt;&amp;)" Callee-DebugLoc="File ../NECST/NL2/M_AXI_ALU/ALU_sys_HDL/HLS/HLS_project/core.cpp Line 9 Column 0" Caller="reset(hls::stream&lt;int, 0&gt;&amp;, hls::stream&lt;int, 0&gt;&amp;, hls::stream&lt;int, 0&gt;&amp;, int*)" Caller-DebugLoc="File ../NECST/NL2/M_AXI_ALU/ALU_sys_HDL/HLS/HLS_project/core.cpp Line 44 Column 0"/>
    </msg>
    <msg msg_groups="PRAGMA_INLINE" msg_id="214-178" msg_severity="INFO" msg_loc="../NECST/NL2/M_AXI_ALU/ALU_sys_HDL/HLS/HLS_project/core.cpp:44:0" msg_body="Inlining function 'reset_FIFO_b(hls::stream&lt;int, 0&gt;&amp;)' into 'reset(hls::stream&lt;int, 0&gt;&amp;, hls::stream&lt;int, 0&gt;&amp;, hls::stream&lt;int, 0&gt;&amp;, int*)'">
        <args Callee="reset_FIFO_b(hls::stream&lt;int, 0&gt;&amp;)" Callee-DebugLoc="File ../NECST/NL2/M_AXI_ALU/ALU_sys_HDL/HLS/HLS_project/core.cpp Line 18 Column 0" Caller="reset(hls::stream&lt;int, 0&gt;&amp;, hls::stream&lt;int, 0&gt;&amp;, hls::stream&lt;int, 0&gt;&amp;, int*)" Caller-DebugLoc="File ../NECST/NL2/M_AXI_ALU/ALU_sys_HDL/HLS/HLS_project/core.cpp Line 44 Column 0"/>
    </msg>
    <msg msg_groups="PRAGMA_INLINE" msg_id="214-178" msg_severity="INFO" msg_loc="../NECST/NL2/M_AXI_ALU/ALU_sys_HDL/HLS/HLS_project/core.cpp:44:0" msg_body="Inlining function 'reset_ALU_operation(hls::stream&lt;int, 0&gt;&amp;)' into 'reset(hls::stream&lt;int, 0&gt;&amp;, hls::stream&lt;int, 0&gt;&amp;, hls::stream&lt;int, 0&gt;&amp;, int*)'">
        <args Callee="reset_ALU_operation(hls::stream&lt;int, 0&gt;&amp;)" Callee-DebugLoc="File ../NECST/NL2/M_AXI_ALU/ALU_sys_HDL/HLS/HLS_project/core.cpp Line 27 Column 0" Caller="reset(hls::stream&lt;int, 0&gt;&amp;, hls::stream&lt;int, 0&gt;&amp;, hls::stream&lt;int, 0&gt;&amp;, int*)" Caller-DebugLoc="File ../NECST/NL2/M_AXI_ALU/ALU_sys_HDL/HLS/HLS_project/core.cpp Line 44 Column 0"/>
    </msg>
    <msg msg_groups="PRAGMA_INLINE" msg_id="214-178" msg_severity="INFO" msg_loc="../NECST/NL2/M_AXI_ALU/ALU_sys_HDL/HLS/HLS_project/core.cpp:44:0" msg_body="Inlining function 'clear_RAM_op(int*)' into 'reset(hls::stream&lt;int, 0&gt;&amp;, hls::stream&lt;int, 0&gt;&amp;, hls::stream&lt;int, 0&gt;&amp;, int*)'">
        <args Callee="clear_RAM_op(int*)" Callee-DebugLoc="File ../NECST/NL2/M_AXI_ALU/ALU_sys_HDL/HLS/HLS_project/core.cpp Line 36 Column 0" Caller="reset(hls::stream&lt;int, 0&gt;&amp;, hls::stream&lt;int, 0&gt;&amp;, hls::stream&lt;int, 0&gt;&amp;, int*)" Caller-DebugLoc="File ../NECST/NL2/M_AXI_ALU/ALU_sys_HDL/HLS/HLS_project/core.cpp Line 44 Column 0"/>
    </msg>
</xilinx:hls_fe_msgs>

