<stg><name>op_data_exe_wb</name>


<trans_list>

<trans id="70" from="1" to="2">
<condition id="-1">
<or_exp><and_exp></and_exp></or_exp>
</condition>
</trans>

<trans id="71" from="2" to="3">
<condition id="-1">
<or_exp><and_exp></and_exp></or_exp>
</condition>
</trans>

<trans id="72" from="3" to="4">
<condition id="-1">
<or_exp><and_exp></and_exp></or_exp>
</condition>
</trans>

<trans id="73" from="4" to="5">
<condition id="-1">
<or_exp><and_exp></and_exp></or_exp>
</condition>
</trans>

<trans id="74" from="5" to="6">
<condition id="-1">
<or_exp><and_exp></and_exp></or_exp>
</condition>
</trans>

<trans id="75" from="6" to="7">
<condition id="-1">
<or_exp><and_exp></and_exp></or_exp>
</condition>
</trans>

<trans id="76" from="7" to="8">
<condition id="-1">
<or_exp><and_exp></and_exp></or_exp>
</condition>
</trans>

<trans id="77" from="8" to="9">
<condition id="-1">
<or_exp><and_exp></and_exp></or_exp>
</condition>
</trans>

<trans id="78" from="9" to="10">
<condition id="-1">
<or_exp><and_exp></and_exp></or_exp>
</condition>
</trans>

<trans id="79" from="10" to="11">
<condition id="-1">
<or_exp><and_exp></and_exp></or_exp>
</condition>
</trans>

<trans id="80" from="11" to="12">
<condition id="-1">
<or_exp><and_exp></and_exp></or_exp>
</condition>
</trans>

<trans id="81" from="12" to="13">
<condition id="-1">
<or_exp><and_exp></and_exp></or_exp>
</condition>
</trans>

<trans id="82" from="13" to="14">
<condition id="-1">
<or_exp><and_exp></and_exp></or_exp>
</condition>
</trans>

<trans id="83" from="14" to="15">
<condition id="-1">
<or_exp><and_exp></and_exp></or_exp>
</condition>
</trans>

<trans id="84" from="15" to="16">
<condition id="-1">
<or_exp><and_exp></and_exp></or_exp>
</condition>
</trans>

<trans id="85" from="16" to="17">
<condition id="-1">
<or_exp><and_exp></and_exp></or_exp>
</condition>
</trans>

<trans id="86" from="17" to="18">
<condition id="-1">
<or_exp><and_exp></and_exp></or_exp>
</condition>
</trans>
</trans_list>



<state_list>

<state id="1" st_id="1">

<operation id="19" st_id="1" stage="1" lat="1">
<core>NULL</core>
<MemPortIdVec></MemPortIdVec>
<condition id="-1">
<or_exp><and_exp></and_exp></or_exp>
</condition>

<Node id="37" bw="64" op_0_bw="64" op_1_bw="64">
<![CDATA[
entry:23 %c_read = read i64 @_ssdm_op_Read.ap_auto.i64, i64 %c

]]></Node>
<StgValue><ssdm name="c_read"/></StgValue>
</operation>

<operation id="20" st_id="1" stage="1" lat="1">
<core>NULL</core>
<MemPortIdVec></MemPortIdVec>
<condition id="-1">
<or_exp><and_exp></and_exp></or_exp>
</condition>

<Node id="38" bw="64" op_0_bw="64" op_1_bw="64">
<![CDATA[
entry:24 %op_read = read i64 @_ssdm_op_Read.ap_auto.i64, i64 %op

]]></Node>
<StgValue><ssdm name="op_read"/></StgValue>
</operation>

<operation id="21" st_id="1" stage="1" lat="1">
<core>NULL</core>
<MemPortIdVec></MemPortIdVec>
<condition id="-1">
<or_exp><and_exp></and_exp></or_exp>
</condition>

<Node id="39" bw="64" op_0_bw="64" op_1_bw="64">
<![CDATA[
entry:25 %b_read = read i64 @_ssdm_op_Read.ap_auto.i64, i64 %b

]]></Node>
<StgValue><ssdm name="b_read"/></StgValue>
</operation>

<operation id="22" st_id="1" stage="1" lat="1">
<core>NULL</core>
<MemPortIdVec></MemPortIdVec>
<condition id="-1">
<or_exp><and_exp></and_exp></or_exp>
</condition>

<Node id="40" bw="64" op_0_bw="64" op_1_bw="64">
<![CDATA[
entry:26 %a_read = read i64 @_ssdm_op_Read.ap_auto.i64, i64 %a

]]></Node>
<StgValue><ssdm name="a_read"/></StgValue>
</operation>
</state>

<state id="2" st_id="2">

<operation id="23" st_id="2" stage="1" lat="1">
<core>NULL</core>
<MemPortIdVec></MemPortIdVec>
<condition id="-1">
<or_exp><and_exp></and_exp></or_exp>
</condition>

<Node id="41" bw="32" op_0_bw="32" op_1_bw="0" op_2_bw="0" op_3_bw="0" op_4_bw="0">
<![CDATA[
entry:27 %empty = wait i32 @_ssdm_op_Wait

]]></Node>
<StgValue><ssdm name="empty"/></StgValue>
</operation>

<operation id="24" st_id="2" stage="2" lat="2">
<core></core>
<MemPortIdVec></MemPortIdVec>
<condition id="-1">
<or_exp><and_exp></and_exp></or_exp>
</condition>

<Node id="42" bw="0" op_0_bw="0" op_1_bw="64" op_2_bw="32" op_3_bw="32" op_4_bw="0">
<![CDATA[
entry:28 %call_ln81 = call void @op_data_exe_wb_Pipeline_l_operation, i64 %op_read, i32 %gmem3, i32 %ALU_operation

]]></Node>
<StgValue><ssdm name="call_ln81"/></StgValue>
</operation>
</state>

<state id="3" st_id="3">

<operation id="25" st_id="3" stage="1" lat="2">
<core></core>
<MemPortIdVec></MemPortIdVec>
<condition id="-1">
<or_exp><and_exp></and_exp></or_exp>
</condition>

<Node id="42" bw="0" op_0_bw="0" op_1_bw="64" op_2_bw="32" op_3_bw="32" op_4_bw="0">
<![CDATA[
entry:28 %call_ln81 = call void @op_data_exe_wb_Pipeline_l_operation, i64 %op_read, i32 %gmem3, i32 %ALU_operation

]]></Node>
<StgValue><ssdm name="call_ln81"/></StgValue>
</operation>
</state>

<state id="4" st_id="4">

<operation id="26" st_id="4" stage="1" lat="1">
<core>NULL</core>
<MemPortIdVec></MemPortIdVec>
<condition id="-1">
<or_exp><and_exp></and_exp></or_exp>
</condition>

<Node id="43" bw="32" op_0_bw="32" op_1_bw="0" op_2_bw="0">
<![CDATA[
entry:29 %empty_39 = wait i32 @_ssdm_op_Wait

]]></Node>
<StgValue><ssdm name="empty_39"/></StgValue>
</operation>
</state>

<state id="5" st_id="5">

<operation id="27" st_id="5" stage="1" lat="1">
<core>NULL</core>
<MemPortIdVec></MemPortIdVec>
<condition id="-1">
<or_exp><and_exp></and_exp></or_exp>
</condition>

<Node id="44" bw="32" op_0_bw="32" op_1_bw="0">
<![CDATA[
entry:30 %empty_40 = wait i32 @_ssdm_op_Wait

]]></Node>
<StgValue><ssdm name="empty_40"/></StgValue>
</operation>

<operation id="28" st_id="5" stage="2" lat="2">
<core></core>
<MemPortIdVec></MemPortIdVec>
<condition id="-1">
<or_exp><and_exp></and_exp></or_exp>
</condition>

<Node id="45" bw="0" op_0_bw="0" op_1_bw="64" op_2_bw="32" op_3_bw="32" op_4_bw="0">
<![CDATA[
entry:31 %call_ln81 = call void @op_data_exe_wb_Pipeline_l_data_a, i64 %a_read, i32 %gmem0, i32 %data_a

]]></Node>
<StgValue><ssdm name="call_ln81"/></StgValue>
</operation>
</state>

<state id="6" st_id="6">

<operation id="29" st_id="6" stage="1" lat="2">
<core></core>
<MemPortIdVec></MemPortIdVec>
<condition id="-1">
<or_exp><and_exp></and_exp></or_exp>
</condition>

<Node id="45" bw="0" op_0_bw="0" op_1_bw="64" op_2_bw="32" op_3_bw="32" op_4_bw="0">
<![CDATA[
entry:31 %call_ln81 = call void @op_data_exe_wb_Pipeline_l_data_a, i64 %a_read, i32 %gmem0, i32 %data_a

]]></Node>
<StgValue><ssdm name="call_ln81"/></StgValue>
</operation>
</state>

<state id="7" st_id="7">

<operation id="30" st_id="7" stage="1" lat="1">
<core>NULL</core>
<MemPortIdVec></MemPortIdVec>
<condition id="-1">
<or_exp><and_exp></and_exp></or_exp>
</condition>

<Node id="46" bw="32" op_0_bw="32" op_1_bw="0" op_2_bw="0">
<![CDATA[
entry:32 %empty_41 = wait i32 @_ssdm_op_Wait

]]></Node>
<StgValue><ssdm name="empty_41"/></StgValue>
</operation>
</state>

<state id="8" st_id="8">

<operation id="31" st_id="8" stage="1" lat="1">
<core>NULL</core>
<MemPortIdVec></MemPortIdVec>
<condition id="-1">
<or_exp><and_exp></and_exp></or_exp>
</condition>

<Node id="47" bw="32" op_0_bw="32" op_1_bw="0">
<![CDATA[
entry:33 %empty_42 = wait i32 @_ssdm_op_Wait

]]></Node>
<StgValue><ssdm name="empty_42"/></StgValue>
</operation>

<operation id="32" st_id="8" stage="2" lat="2">
<core></core>
<MemPortIdVec></MemPortIdVec>
<condition id="-1">
<or_exp><and_exp></and_exp></or_exp>
</condition>

<Node id="48" bw="0" op_0_bw="0" op_1_bw="64" op_2_bw="32" op_3_bw="32" op_4_bw="0">
<![CDATA[
entry:34 %call_ln81 = call void @op_data_exe_wb_Pipeline_l_data_b, i64 %b_read, i32 %gmem1, i32 %data_b

]]></Node>
<StgValue><ssdm name="call_ln81"/></StgValue>
</operation>
</state>

<state id="9" st_id="9">

<operation id="33" st_id="9" stage="1" lat="2">
<core></core>
<MemPortIdVec></MemPortIdVec>
<condition id="-1">
<or_exp><and_exp></and_exp></or_exp>
</condition>

<Node id="48" bw="0" op_0_bw="0" op_1_bw="64" op_2_bw="32" op_3_bw="32" op_4_bw="0">
<![CDATA[
entry:34 %call_ln81 = call void @op_data_exe_wb_Pipeline_l_data_b, i64 %b_read, i32 %gmem1, i32 %data_b

]]></Node>
<StgValue><ssdm name="call_ln81"/></StgValue>
</operation>
</state>

<state id="10" st_id="10">

<operation id="34" st_id="10" stage="1" lat="1">
<core>NULL</core>
<MemPortIdVec></MemPortIdVec>
<condition id="-1">
<or_exp><and_exp></and_exp></or_exp>
</condition>

<Node id="49" bw="32" op_0_bw="32" op_1_bw="0" op_2_bw="0">
<![CDATA[
entry:35 %empty_43 = wait i32 @_ssdm_op_Wait

]]></Node>
<StgValue><ssdm name="empty_43"/></StgValue>
</operation>
</state>

<state id="11" st_id="11">

<operation id="35" st_id="11" stage="1" lat="1">
<core>NULL</core>
<MemPortIdVec></MemPortIdVec>
<condition id="-1">
<or_exp><and_exp></and_exp></or_exp>
</condition>

<Node id="50" bw="32" op_0_bw="32" op_1_bw="0">
<![CDATA[
entry:36 %empty_44 = wait i32 @_ssdm_op_Wait

]]></Node>
<StgValue><ssdm name="empty_44"/></StgValue>
</operation>

<operation id="36" st_id="11" stage="2" lat="2">
<core></core>
<MemPortIdVec></MemPortIdVec>
<condition id="-1">
<or_exp><and_exp></and_exp></or_exp>
</condition>

<Node id="51" bw="0" op_0_bw="0" op_1_bw="32" op_2_bw="32" op_3_bw="0" op_4_bw="0" op_5_bw="0">
<![CDATA[
entry:37 %call_ln0 = call void @op_data_exe_wb_Pipeline_s_operation_data_op, i32 %ALU_operation_MEM, i32 %ALU_operation

]]></Node>
<StgValue><ssdm name="call_ln0"/></StgValue>
</operation>
</state>

<state id="12" st_id="12">

<operation id="37" st_id="12" stage="1" lat="2">
<core></core>
<MemPortIdVec></MemPortIdVec>
<condition id="-1">
<or_exp><and_exp></and_exp></or_exp>
</condition>

<Node id="51" bw="0" op_0_bw="0" op_1_bw="32" op_2_bw="32" op_3_bw="0" op_4_bw="0" op_5_bw="0">
<![CDATA[
entry:37 %call_ln0 = call void @op_data_exe_wb_Pipeline_s_operation_data_op, i32 %ALU_operation_MEM, i32 %ALU_operation

]]></Node>
<StgValue><ssdm name="call_ln0"/></StgValue>
</operation>
</state>

<state id="13" st_id="13">

<operation id="38" st_id="13" stage="1" lat="1">
<core>NULL</core>
<MemPortIdVec></MemPortIdVec>
<condition id="-1">
<or_exp><and_exp></and_exp></or_exp>
</condition>

<Node id="52" bw="32" op_0_bw="32" op_1_bw="0" op_2_bw="0">
<![CDATA[
entry:38 %empty_45 = wait i32 @_ssdm_op_Wait

]]></Node>
<StgValue><ssdm name="empty_45"/></StgValue>
</operation>
</state>

<state id="14" st_id="14">

<operation id="39" st_id="14" stage="1" lat="1">
<core>NULL</core>
<MemPortIdVec></MemPortIdVec>
<condition id="-1">
<or_exp><and_exp></and_exp></or_exp>
</condition>

<Node id="53" bw="32" op_0_bw="32" op_1_bw="0">
<![CDATA[
entry:39 %empty_46 = wait i32 @_ssdm_op_Wait

]]></Node>
<StgValue><ssdm name="empty_46"/></StgValue>
</operation>

<operation id="40" st_id="14" stage="2" lat="2">
<core></core>
<MemPortIdVec></MemPortIdVec>
<condition id="-1">
<or_exp><and_exp></and_exp></or_exp>
</condition>

<Node id="54" bw="0" op_0_bw="0" op_1_bw="32" op_2_bw="32" op_3_bw="32" op_4_bw="32" op_5_bw="0" op_6_bw="0" op_7_bw="0" op_8_bw="0" op_9_bw="0">
<![CDATA[
entry:40 %call_ln0 = call void @op_data_exe_wb_Pipeline_exe, i32 %ALU_operation_MEM, i32 %data_result, i32 %data_a, i32 %data_b

]]></Node>
<StgValue><ssdm name="call_ln0"/></StgValue>
</operation>
</state>

<state id="15" st_id="15">

<operation id="41" st_id="15" stage="1" lat="2">
<core></core>
<MemPortIdVec></MemPortIdVec>
<condition id="-1">
<or_exp><and_exp></and_exp></or_exp>
</condition>

<Node id="54" bw="0" op_0_bw="0" op_1_bw="32" op_2_bw="32" op_3_bw="32" op_4_bw="32" op_5_bw="0" op_6_bw="0" op_7_bw="0" op_8_bw="0" op_9_bw="0">
<![CDATA[
entry:40 %call_ln0 = call void @op_data_exe_wb_Pipeline_exe, i32 %ALU_operation_MEM, i32 %data_result, i32 %data_a, i32 %data_b

]]></Node>
<StgValue><ssdm name="call_ln0"/></StgValue>
</operation>
</state>

<state id="16" st_id="16">

<operation id="42" st_id="16" stage="1" lat="1">
<core>NULL</core>
<MemPortIdVec></MemPortIdVec>
<condition id="-1">
<or_exp><and_exp></and_exp></or_exp>
</condition>

<Node id="55" bw="32" op_0_bw="32" op_1_bw="0" op_2_bw="0">
<![CDATA[
entry:41 %empty_47 = wait i32 @_ssdm_op_Wait

]]></Node>
<StgValue><ssdm name="empty_47"/></StgValue>
</operation>
</state>

<state id="17" st_id="17">

<operation id="43" st_id="17" stage="1" lat="1">
<core>NULL</core>
<MemPortIdVec></MemPortIdVec>
<condition id="-1">
<or_exp><and_exp></and_exp></or_exp>
</condition>

<Node id="56" bw="32" op_0_bw="32" op_1_bw="0">
<![CDATA[
entry:42 %empty_48 = wait i32 @_ssdm_op_Wait

]]></Node>
<StgValue><ssdm name="empty_48"/></StgValue>
</operation>

<operation id="44" st_id="17" stage="2" lat="2">
<core></core>
<MemPortIdVec></MemPortIdVec>
<condition id="-1">
<or_exp><and_exp></and_exp></or_exp>
</condition>

<Node id="57" bw="0" op_0_bw="0" op_1_bw="64" op_2_bw="32" op_3_bw="32" op_4_bw="0" op_5_bw="0" op_6_bw="0">
<![CDATA[
entry:43 %call_ln81 = call void @op_data_exe_wb_Pipeline_write_back, i64 %c_read, i32 %gmem2, i32 %data_result

]]></Node>
<StgValue><ssdm name="call_ln81"/></StgValue>
</operation>
</state>

<state id="18" st_id="18">

<operation id="45" st_id="18" stage="1" lat="1">
<core>NULL</core>
<MemPortIdVec></MemPortIdVec>
<condition id="-1">
<or_exp><and_exp></and_exp></or_exp>
</condition>

<Node id="14" bw="0" op_0_bw="0" op_1_bw="32" op_2_bw="0" op_3_bw="32" op_4_bw="32" op_5_bw="0" op_6_bw="32" op_7_bw="32" op_8_bw="0" op_9_bw="0" op_10_bw="0" op_11_bw="32" op_12_bw="32" op_13_bw="32" op_14_bw="32" op_15_bw="0" op_16_bw="0" op_17_bw="32" op_18_bw="32">
<![CDATA[
entry:0 %specinterface_ln0 = specinterface void @_ssdm_op_SpecInterface, i32 %ALU_operation, void @empty_16, i32 0, i32 0, void @empty_20, i32 0, i32 0, void @empty_20, void @empty_20, void @empty_20, i32 0, i32 0, i32 0, i32 0, void @empty_20, void @empty_20, i32 4294967295, i32 0

]]></Node>
<StgValue><ssdm name="specinterface_ln0"/></StgValue>
</operation>

<operation id="46" st_id="18" stage="1" lat="1">
<core>NULL</core>
<MemPortIdVec></MemPortIdVec>
<condition id="-1">
<or_exp><and_exp></and_exp></or_exp>
</condition>

<Node id="15" bw="0" op_0_bw="0" op_1_bw="32" op_2_bw="0" op_3_bw="32" op_4_bw="32" op_5_bw="0" op_6_bw="32" op_7_bw="32" op_8_bw="0" op_9_bw="0" op_10_bw="0" op_11_bw="32" op_12_bw="32" op_13_bw="32" op_14_bw="32" op_15_bw="0" op_16_bw="0" op_17_bw="32" op_18_bw="32">
<![CDATA[
entry:1 %specinterface_ln0 = specinterface void @_ssdm_op_SpecInterface, i32 %ALU_operation, void @empty_16, i32 0, i32 0, void @empty_20, i32 0, i32 0, void @empty_20, void @empty_20, void @empty_20, i32 0, i32 0, i32 0, i32 0, void @empty_20, void @empty_20, i32 4294967295, i32 0

]]></Node>
<StgValue><ssdm name="specinterface_ln0"/></StgValue>
</operation>

<operation id="47" st_id="18" stage="1" lat="1">
<core>NULL</core>
<MemPortIdVec></MemPortIdVec>
<condition id="-1">
<or_exp><and_exp></and_exp></or_exp>
</condition>

<Node id="16" bw="0" op_0_bw="0" op_1_bw="32" op_2_bw="0" op_3_bw="32" op_4_bw="32" op_5_bw="0" op_6_bw="32" op_7_bw="32" op_8_bw="0" op_9_bw="0" op_10_bw="0" op_11_bw="32" op_12_bw="32" op_13_bw="32" op_14_bw="32" op_15_bw="0" op_16_bw="0" op_17_bw="32" op_18_bw="32">
<![CDATA[
entry:2 %specinterface_ln0 = specinterface void @_ssdm_op_SpecInterface, i32 %ALU_operation, void @empty_16, i32 0, i32 0, void @empty_20, i32 0, i32 0, void @empty_20, void @empty_20, void @empty_20, i32 0, i32 0, i32 0, i32 0, void @empty_20, void @empty_20, i32 4294967295, i32 0

]]></Node>
<StgValue><ssdm name="specinterface_ln0"/></StgValue>
</operation>

<operation id="48" st_id="18" stage="1" lat="1">
<core>NULL</core>
<MemPortIdVec></MemPortIdVec>
<condition id="-1">
<or_exp><and_exp></and_exp></or_exp>
</condition>

<Node id="17" bw="0" op_0_bw="0" op_1_bw="32" op_2_bw="0" op_3_bw="32" op_4_bw="32" op_5_bw="0" op_6_bw="32" op_7_bw="32" op_8_bw="0" op_9_bw="0" op_10_bw="0" op_11_bw="32" op_12_bw="32" op_13_bw="32" op_14_bw="32" op_15_bw="0" op_16_bw="0" op_17_bw="32" op_18_bw="32">
<![CDATA[
entry:3 %specinterface_ln0 = specinterface void @_ssdm_op_SpecInterface, i32 %ALU_operation, void @empty_16, i32 0, i32 0, void @empty_20, i32 0, i32 0, void @empty_20, void @empty_20, void @empty_20, i32 0, i32 0, i32 0, i32 0, void @empty_20, void @empty_20, i32 4294967295, i32 0

]]></Node>
<StgValue><ssdm name="specinterface_ln0"/></StgValue>
</operation>

<operation id="49" st_id="18" stage="1" lat="1">
<core>NULL</core>
<MemPortIdVec></MemPortIdVec>
<condition id="-1">
<or_exp><and_exp></and_exp></or_exp>
</condition>

<Node id="18" bw="0" op_0_bw="0" op_1_bw="32" op_2_bw="0" op_3_bw="32" op_4_bw="32" op_5_bw="0" op_6_bw="32" op_7_bw="32" op_8_bw="0" op_9_bw="0" op_10_bw="0" op_11_bw="32" op_12_bw="32" op_13_bw="32" op_14_bw="32" op_15_bw="0" op_16_bw="0" op_17_bw="32" op_18_bw="32">
<![CDATA[
entry:4 %specinterface_ln0 = specinterface void @_ssdm_op_SpecInterface, i32 %data_a, void @empty_16, i32 0, i32 0, void @empty_20, i32 0, i32 0, void @empty_20, void @empty_20, void @empty_20, i32 0, i32 0, i32 0, i32 0, void @empty_20, void @empty_20, i32 4294967295, i32 0

]]></Node>
<StgValue><ssdm name="specinterface_ln0"/></StgValue>
</operation>

<operation id="50" st_id="18" stage="1" lat="1">
<core>NULL</core>
<MemPortIdVec></MemPortIdVec>
<condition id="-1">
<or_exp><and_exp></and_exp></or_exp>
</condition>

<Node id="19" bw="0" op_0_bw="0" op_1_bw="32" op_2_bw="0" op_3_bw="32" op_4_bw="32" op_5_bw="0" op_6_bw="32" op_7_bw="32" op_8_bw="0" op_9_bw="0" op_10_bw="0" op_11_bw="32" op_12_bw="32" op_13_bw="32" op_14_bw="32" op_15_bw="0" op_16_bw="0" op_17_bw="32" op_18_bw="32">
<![CDATA[
entry:5 %specinterface_ln0 = specinterface void @_ssdm_op_SpecInterface, i32 %data_a, void @empty_16, i32 0, i32 0, void @empty_20, i32 0, i32 0, void @empty_20, void @empty_20, void @empty_20, i32 0, i32 0, i32 0, i32 0, void @empty_20, void @empty_20, i32 4294967295, i32 0

]]></Node>
<StgValue><ssdm name="specinterface_ln0"/></StgValue>
</operation>

<operation id="51" st_id="18" stage="1" lat="1">
<core>NULL</core>
<MemPortIdVec></MemPortIdVec>
<condition id="-1">
<or_exp><and_exp></and_exp></or_exp>
</condition>

<Node id="20" bw="0" op_0_bw="0" op_1_bw="32" op_2_bw="0" op_3_bw="32" op_4_bw="32" op_5_bw="0" op_6_bw="32" op_7_bw="32" op_8_bw="0" op_9_bw="0" op_10_bw="0" op_11_bw="32" op_12_bw="32" op_13_bw="32" op_14_bw="32" op_15_bw="0" op_16_bw="0" op_17_bw="32" op_18_bw="32">
<![CDATA[
entry:6 %specinterface_ln0 = specinterface void @_ssdm_op_SpecInterface, i32 %data_a, void @empty_16, i32 0, i32 0, void @empty_20, i32 0, i32 0, void @empty_20, void @empty_20, void @empty_20, i32 0, i32 0, i32 0, i32 0, void @empty_20, void @empty_20, i32 4294967295, i32 0

]]></Node>
<StgValue><ssdm name="specinterface_ln0"/></StgValue>
</operation>

<operation id="52" st_id="18" stage="1" lat="1">
<core>NULL</core>
<MemPortIdVec></MemPortIdVec>
<condition id="-1">
<or_exp><and_exp></and_exp></or_exp>
</condition>

<Node id="21" bw="0" op_0_bw="0" op_1_bw="32" op_2_bw="0" op_3_bw="32" op_4_bw="32" op_5_bw="0" op_6_bw="32" op_7_bw="32" op_8_bw="0" op_9_bw="0" op_10_bw="0" op_11_bw="32" op_12_bw="32" op_13_bw="32" op_14_bw="32" op_15_bw="0" op_16_bw="0" op_17_bw="32" op_18_bw="32">
<![CDATA[
entry:7 %specinterface_ln0 = specinterface void @_ssdm_op_SpecInterface, i32 %data_a, void @empty_16, i32 0, i32 0, void @empty_20, i32 0, i32 0, void @empty_20, void @empty_20, void @empty_20, i32 0, i32 0, i32 0, i32 0, void @empty_20, void @empty_20, i32 4294967295, i32 0

]]></Node>
<StgValue><ssdm name="specinterface_ln0"/></StgValue>
</operation>

<operation id="53" st_id="18" stage="1" lat="1">
<core>NULL</core>
<MemPortIdVec></MemPortIdVec>
<condition id="-1">
<or_exp><and_exp></and_exp></or_exp>
</condition>

<Node id="22" bw="0" op_0_bw="0" op_1_bw="32" op_2_bw="0" op_3_bw="32" op_4_bw="32" op_5_bw="0" op_6_bw="32" op_7_bw="32" op_8_bw="0" op_9_bw="0" op_10_bw="0" op_11_bw="32" op_12_bw="32" op_13_bw="32" op_14_bw="32" op_15_bw="0" op_16_bw="0" op_17_bw="32" op_18_bw="32">
<![CDATA[
entry:8 %specinterface_ln0 = specinterface void @_ssdm_op_SpecInterface, i32 %data_b, void @empty_16, i32 0, i32 0, void @empty_20, i32 0, i32 0, void @empty_20, void @empty_20, void @empty_20, i32 0, i32 0, i32 0, i32 0, void @empty_20, void @empty_20, i32 4294967295, i32 0

]]></Node>
<StgValue><ssdm name="specinterface_ln0"/></StgValue>
</operation>

<operation id="54" st_id="18" stage="1" lat="1">
<core>NULL</core>
<MemPortIdVec></MemPortIdVec>
<condition id="-1">
<or_exp><and_exp></and_exp></or_exp>
</condition>

<Node id="23" bw="0" op_0_bw="0" op_1_bw="32" op_2_bw="0" op_3_bw="32" op_4_bw="32" op_5_bw="0" op_6_bw="32" op_7_bw="32" op_8_bw="0" op_9_bw="0" op_10_bw="0" op_11_bw="32" op_12_bw="32" op_13_bw="32" op_14_bw="32" op_15_bw="0" op_16_bw="0" op_17_bw="32" op_18_bw="32">
<![CDATA[
entry:9 %specinterface_ln0 = specinterface void @_ssdm_op_SpecInterface, i32 %data_b, void @empty_16, i32 0, i32 0, void @empty_20, i32 0, i32 0, void @empty_20, void @empty_20, void @empty_20, i32 0, i32 0, i32 0, i32 0, void @empty_20, void @empty_20, i32 4294967295, i32 0

]]></Node>
<StgValue><ssdm name="specinterface_ln0"/></StgValue>
</operation>

<operation id="55" st_id="18" stage="1" lat="1">
<core>NULL</core>
<MemPortIdVec></MemPortIdVec>
<condition id="-1">
<or_exp><and_exp></and_exp></or_exp>
</condition>

<Node id="24" bw="0" op_0_bw="0" op_1_bw="32" op_2_bw="0" op_3_bw="32" op_4_bw="32" op_5_bw="0" op_6_bw="32" op_7_bw="32" op_8_bw="0" op_9_bw="0" op_10_bw="0" op_11_bw="32" op_12_bw="32" op_13_bw="32" op_14_bw="32" op_15_bw="0" op_16_bw="0" op_17_bw="32" op_18_bw="32">
<![CDATA[
entry:10 %specinterface_ln0 = specinterface void @_ssdm_op_SpecInterface, i32 %data_b, void @empty_16, i32 0, i32 0, void @empty_20, i32 0, i32 0, void @empty_20, void @empty_20, void @empty_20, i32 0, i32 0, i32 0, i32 0, void @empty_20, void @empty_20, i32 4294967295, i32 0

]]></Node>
<StgValue><ssdm name="specinterface_ln0"/></StgValue>
</operation>

<operation id="56" st_id="18" stage="1" lat="1">
<core>NULL</core>
<MemPortIdVec></MemPortIdVec>
<condition id="-1">
<or_exp><and_exp></and_exp></or_exp>
</condition>

<Node id="25" bw="0" op_0_bw="0" op_1_bw="32" op_2_bw="0" op_3_bw="32" op_4_bw="32" op_5_bw="0" op_6_bw="32" op_7_bw="32" op_8_bw="0" op_9_bw="0" op_10_bw="0" op_11_bw="32" op_12_bw="32" op_13_bw="32" op_14_bw="32" op_15_bw="0" op_16_bw="0" op_17_bw="32" op_18_bw="32">
<![CDATA[
entry:11 %specinterface_ln0 = specinterface void @_ssdm_op_SpecInterface, i32 %data_b, void @empty_16, i32 0, i32 0, void @empty_20, i32 0, i32 0, void @empty_20, void @empty_20, void @empty_20, i32 0, i32 0, i32 0, i32 0, void @empty_20, void @empty_20, i32 4294967295, i32 0

]]></Node>
<StgValue><ssdm name="specinterface_ln0"/></StgValue>
</operation>

<operation id="57" st_id="18" stage="1" lat="1">
<core>NULL</core>
<MemPortIdVec></MemPortIdVec>
<condition id="-1">
<or_exp><and_exp></and_exp></or_exp>
</condition>

<Node id="26" bw="0" op_0_bw="0" op_1_bw="32" op_2_bw="0" op_3_bw="32" op_4_bw="32" op_5_bw="0" op_6_bw="32" op_7_bw="32" op_8_bw="0" op_9_bw="0" op_10_bw="0" op_11_bw="32" op_12_bw="32" op_13_bw="32" op_14_bw="32" op_15_bw="0" op_16_bw="0" op_17_bw="32" op_18_bw="32">
<![CDATA[
entry:12 %specinterface_ln0 = specinterface void @_ssdm_op_SpecInterface, i32 %data_result, void @empty_16, i32 0, i32 0, void @empty_20, i32 0, i32 0, void @empty_20, void @empty_20, void @empty_20, i32 0, i32 0, i32 0, i32 0, void @empty_20, void @empty_20, i32 4294967295, i32 0

]]></Node>
<StgValue><ssdm name="specinterface_ln0"/></StgValue>
</operation>

<operation id="58" st_id="18" stage="1" lat="1">
<core>NULL</core>
<MemPortIdVec></MemPortIdVec>
<condition id="-1">
<or_exp><and_exp></and_exp></or_exp>
</condition>

<Node id="27" bw="0" op_0_bw="0" op_1_bw="32" op_2_bw="0" op_3_bw="32" op_4_bw="32" op_5_bw="0" op_6_bw="32" op_7_bw="32" op_8_bw="0" op_9_bw="0" op_10_bw="0" op_11_bw="32" op_12_bw="32" op_13_bw="32" op_14_bw="32" op_15_bw="0" op_16_bw="0" op_17_bw="32" op_18_bw="32">
<![CDATA[
entry:13 %specinterface_ln0 = specinterface void @_ssdm_op_SpecInterface, i32 %data_result, void @empty_16, i32 0, i32 0, void @empty_20, i32 0, i32 0, void @empty_20, void @empty_20, void @empty_20, i32 0, i32 0, i32 0, i32 0, void @empty_20, void @empty_20, i32 4294967295, i32 0

]]></Node>
<StgValue><ssdm name="specinterface_ln0"/></StgValue>
</operation>

<operation id="59" st_id="18" stage="1" lat="1">
<core>NULL</core>
<MemPortIdVec></MemPortIdVec>
<condition id="-1">
<or_exp><and_exp></and_exp></or_exp>
</condition>

<Node id="28" bw="0" op_0_bw="0" op_1_bw="32" op_2_bw="0" op_3_bw="32" op_4_bw="32" op_5_bw="0" op_6_bw="32" op_7_bw="32" op_8_bw="0" op_9_bw="0" op_10_bw="0" op_11_bw="32" op_12_bw="32" op_13_bw="32" op_14_bw="32" op_15_bw="0" op_16_bw="0" op_17_bw="32" op_18_bw="32">
<![CDATA[
entry:14 %specinterface_ln0 = specinterface void @_ssdm_op_SpecInterface, i32 %data_result, void @empty_16, i32 0, i32 0, void @empty_20, i32 0, i32 0, void @empty_20, void @empty_20, void @empty_20, i32 0, i32 0, i32 0, i32 0, void @empty_20, void @empty_20, i32 4294967295, i32 0

]]></Node>
<StgValue><ssdm name="specinterface_ln0"/></StgValue>
</operation>

<operation id="60" st_id="18" stage="1" lat="1">
<core>NULL</core>
<MemPortIdVec></MemPortIdVec>
<condition id="-1">
<or_exp><and_exp></and_exp></or_exp>
</condition>

<Node id="29" bw="0" op_0_bw="0" op_1_bw="32" op_2_bw="0" op_3_bw="32" op_4_bw="32" op_5_bw="0" op_6_bw="32" op_7_bw="32" op_8_bw="0" op_9_bw="0" op_10_bw="0" op_11_bw="32" op_12_bw="32" op_13_bw="32" op_14_bw="32" op_15_bw="0" op_16_bw="0" op_17_bw="32" op_18_bw="32">
<![CDATA[
entry:15 %specinterface_ln0 = specinterface void @_ssdm_op_SpecInterface, i32 %data_result, void @empty_16, i32 0, i32 0, void @empty_20, i32 0, i32 0, void @empty_20, void @empty_20, void @empty_20, i32 0, i32 0, i32 0, i32 0, void @empty_20, void @empty_20, i32 4294967295, i32 0

]]></Node>
<StgValue><ssdm name="specinterface_ln0"/></StgValue>
</operation>

<operation id="61" st_id="18" stage="1" lat="1">
<core>NULL</core>
<MemPortIdVec></MemPortIdVec>
<condition id="-1">
<or_exp><and_exp></and_exp></or_exp>
</condition>

<Node id="30" bw="0" op_0_bw="0" op_1_bw="32" op_2_bw="0" op_3_bw="32" op_4_bw="32" op_5_bw="0" op_6_bw="32" op_7_bw="32" op_8_bw="0" op_9_bw="0" op_10_bw="0" op_11_bw="32" op_12_bw="32" op_13_bw="32" op_14_bw="32" op_15_bw="0" op_16_bw="0" op_17_bw="32" op_18_bw="32">
<![CDATA[
entry:16 %specinterface_ln0 = specinterface void @_ssdm_op_SpecInterface, i32 %data_b, void @empty_16, i32 0, i32 0, void @empty_20, i32 0, i32 0, void @empty_20, void @empty_20, void @empty_20, i32 0, i32 0, i32 0, i32 0, void @empty_20, void @empty_20, i32 4294967295, i32 0

]]></Node>
<StgValue><ssdm name="specinterface_ln0"/></StgValue>
</operation>

<operation id="62" st_id="18" stage="1" lat="1">
<core>NULL</core>
<MemPortIdVec></MemPortIdVec>
<condition id="-1">
<or_exp><and_exp></and_exp></or_exp>
</condition>

<Node id="31" bw="0" op_0_bw="0" op_1_bw="32" op_2_bw="0" op_3_bw="32" op_4_bw="32" op_5_bw="0" op_6_bw="32" op_7_bw="32" op_8_bw="0" op_9_bw="0" op_10_bw="0" op_11_bw="32" op_12_bw="32" op_13_bw="32" op_14_bw="32" op_15_bw="0" op_16_bw="0" op_17_bw="32" op_18_bw="32">
<![CDATA[
entry:17 %specinterface_ln0 = specinterface void @_ssdm_op_SpecInterface, i32 %data_a, void @empty_16, i32 0, i32 0, void @empty_20, i32 0, i32 0, void @empty_20, void @empty_20, void @empty_20, i32 0, i32 0, i32 0, i32 0, void @empty_20, void @empty_20, i32 4294967295, i32 0

]]></Node>
<StgValue><ssdm name="specinterface_ln0"/></StgValue>
</operation>

<operation id="63" st_id="18" stage="1" lat="1">
<core>NULL</core>
<MemPortIdVec></MemPortIdVec>
<condition id="-1">
<or_exp><and_exp></and_exp></or_exp>
</condition>

<Node id="32" bw="0" op_0_bw="0" op_1_bw="32" op_2_bw="0" op_3_bw="32" op_4_bw="32" op_5_bw="0" op_6_bw="32" op_7_bw="32" op_8_bw="0" op_9_bw="0" op_10_bw="0" op_11_bw="32" op_12_bw="32" op_13_bw="32" op_14_bw="32" op_15_bw="0" op_16_bw="0" op_17_bw="32" op_18_bw="32">
<![CDATA[
entry:18 %specinterface_ln0 = specinterface void @_ssdm_op_SpecInterface, i32 %ALU_operation, void @empty_16, i32 0, i32 0, void @empty_20, i32 0, i32 0, void @empty_20, void @empty_20, void @empty_20, i32 0, i32 0, i32 0, i32 0, void @empty_20, void @empty_20, i32 4294967295, i32 0

]]></Node>
<StgValue><ssdm name="specinterface_ln0"/></StgValue>
</operation>

<operation id="64" st_id="18" stage="1" lat="1">
<core>NULL</core>
<MemPortIdVec></MemPortIdVec>
<condition id="-1">
<or_exp><and_exp></and_exp></or_exp>
</condition>

<Node id="33" bw="0" op_0_bw="0" op_1_bw="32" op_2_bw="0" op_3_bw="32" op_4_bw="32" op_5_bw="0" op_6_bw="32" op_7_bw="32" op_8_bw="0" op_9_bw="0" op_10_bw="0" op_11_bw="32" op_12_bw="32" op_13_bw="32" op_14_bw="32" op_15_bw="0" op_16_bw="0" op_17_bw="32" op_18_bw="32">
<![CDATA[
entry:19 %specinterface_ln0 = specinterface void @_ssdm_op_SpecInterface, i32 %gmem3, void @empty_19, i32 0, i32 0, void @empty_20, i32 0, i32 400, void @empty_25, void @empty_22, void @empty_20, i32 16, i32 16, i32 16, i32 16, void @empty_20, void @empty_20, i32 4294967295, i32 0

]]></Node>
<StgValue><ssdm name="specinterface_ln0"/></StgValue>
</operation>

<operation id="65" st_id="18" stage="1" lat="1">
<core>NULL</core>
<MemPortIdVec></MemPortIdVec>
<condition id="-1">
<or_exp><and_exp></and_exp></or_exp>
</condition>

<Node id="34" bw="0" op_0_bw="0" op_1_bw="32" op_2_bw="0" op_3_bw="32" op_4_bw="32" op_5_bw="0" op_6_bw="32" op_7_bw="32" op_8_bw="0" op_9_bw="0" op_10_bw="0" op_11_bw="32" op_12_bw="32" op_13_bw="32" op_14_bw="32" op_15_bw="0" op_16_bw="0" op_17_bw="32" op_18_bw="32">
<![CDATA[
entry:20 %specinterface_ln0 = specinterface void @_ssdm_op_SpecInterface, i32 %gmem2, void @empty_19, i32 0, i32 0, void @empty_20, i32 0, i32 400, void @empty_24, void @empty_22, void @empty_20, i32 16, i32 16, i32 16, i32 16, void @empty_20, void @empty_20, i32 4294967295, i32 0

]]></Node>
<StgValue><ssdm name="specinterface_ln0"/></StgValue>
</operation>

<operation id="66" st_id="18" stage="1" lat="1">
<core>NULL</core>
<MemPortIdVec></MemPortIdVec>
<condition id="-1">
<or_exp><and_exp></and_exp></or_exp>
</condition>

<Node id="35" bw="0" op_0_bw="0" op_1_bw="32" op_2_bw="0" op_3_bw="32" op_4_bw="32" op_5_bw="0" op_6_bw="32" op_7_bw="32" op_8_bw="0" op_9_bw="0" op_10_bw="0" op_11_bw="32" op_12_bw="32" op_13_bw="32" op_14_bw="32" op_15_bw="0" op_16_bw="0" op_17_bw="32" op_18_bw="32">
<![CDATA[
entry:21 %specinterface_ln0 = specinterface void @_ssdm_op_SpecInterface, i32 %gmem1, void @empty_19, i32 0, i32 0, void @empty_20, i32 0, i32 400, void @empty_23, void @empty_22, void @empty_20, i32 16, i32 16, i32 16, i32 16, void @empty_20, void @empty_20, i32 4294967295, i32 0

]]></Node>
<StgValue><ssdm name="specinterface_ln0"/></StgValue>
</operation>

<operation id="67" st_id="18" stage="1" lat="1">
<core>NULL</core>
<MemPortIdVec></MemPortIdVec>
<condition id="-1">
<or_exp><and_exp></and_exp></or_exp>
</condition>

<Node id="36" bw="0" op_0_bw="0" op_1_bw="32" op_2_bw="0" op_3_bw="32" op_4_bw="32" op_5_bw="0" op_6_bw="32" op_7_bw="32" op_8_bw="0" op_9_bw="0" op_10_bw="0" op_11_bw="32" op_12_bw="32" op_13_bw="32" op_14_bw="32" op_15_bw="0" op_16_bw="0" op_17_bw="32" op_18_bw="32">
<![CDATA[
entry:22 %specinterface_ln0 = specinterface void @_ssdm_op_SpecInterface, i32 %gmem0, void @empty_19, i32 0, i32 0, void @empty_20, i32 0, i32 400, void @empty_21, void @empty_22, void @empty_20, i32 16, i32 16, i32 16, i32 16, void @empty_20, void @empty_20, i32 4294967295, i32 0

]]></Node>
<StgValue><ssdm name="specinterface_ln0"/></StgValue>
</operation>

<operation id="68" st_id="18" stage="1" lat="2">
<core></core>
<MemPortIdVec></MemPortIdVec>
<condition id="-1">
<or_exp><and_exp></and_exp></or_exp>
</condition>

<Node id="57" bw="0" op_0_bw="0" op_1_bw="64" op_2_bw="32" op_3_bw="32" op_4_bw="0" op_5_bw="0" op_6_bw="0">
<![CDATA[
entry:43 %call_ln81 = call void @op_data_exe_wb_Pipeline_write_back, i64 %c_read, i32 %gmem2, i32 %data_result

]]></Node>
<StgValue><ssdm name="call_ln81"/></StgValue>
</operation>

<operation id="69" st_id="18" stage="1" lat="1">
<core>NULL</core>
<MemPortIdVec></MemPortIdVec>
<condition id="-1">
<or_exp><and_exp></and_exp></or_exp>
</condition>

<Node id="58" bw="0">
<![CDATA[
entry:44 %ret_ln0 = ret

]]></Node>
<StgValue><ssdm name="ret_ln0"/></StgValue>
</operation>
</state>
</state_list>


<ports>
<port id="87" name="gmem0" dir="0" iftype="4">
<core>NULL</core><StgValue><ssdm name="gmem0"/></StgValue>
</port>
<port id="88" name="a" dir="0" iftype="0">
<core>NULL</core><StgValue><ssdm name="a"/></StgValue>
</port>
<port id="89" name="gmem1" dir="0" iftype="4">
<core>NULL</core><StgValue><ssdm name="gmem1"/></StgValue>
</port>
<port id="90" name="b" dir="0" iftype="0">
<core>NULL</core><StgValue><ssdm name="b"/></StgValue>
</port>
<port id="91" name="gmem3" dir="0" iftype="4">
<core>NULL</core><StgValue><ssdm name="gmem3"/></StgValue>
</port>
<port id="92" name="op" dir="0" iftype="0">
<core>NULL</core><StgValue><ssdm name="op"/></StgValue>
</port>
<port id="93" name="gmem2" dir="1" iftype="4">
<core>NULL</core><StgValue><ssdm name="gmem2"/></StgValue>
</port>
<port id="94" name="c" dir="0" iftype="0">
<core>NULL</core><StgValue><ssdm name="c"/></StgValue>
</port>
<port id="95" name="ALU_operation_MEM" dir="2" iftype="1">
<core>RAM</core><StgValue><ssdm name="ALU_operation_MEM"/><MemPortTyVec>2 3 </MemPortTyVec>
</StgValue>
</port>
<port id="96" name="ALU_operation" dir="2" iftype="3">
<core>NULL</core><StgValue><ssdm name="ALU_operation"/></StgValue>
</port>
<port id="97" name="data_a" dir="2" iftype="3">
<core>NULL</core><StgValue><ssdm name="data_a"/></StgValue>
</port>
<port id="98" name="data_b" dir="2" iftype="3">
<core>NULL</core><StgValue><ssdm name="data_b"/></StgValue>
</port>
<port id="99" name="data_result" dir="2" iftype="3">
<core>NULL</core><StgValue><ssdm name="data_result"/></StgValue>
</port>
</ports>


<dataflows>
<dataflow id="101" from="_ssdm_op_Read.ap_auto.i64" to="c_read" fromId="100" toId="19">
</dataflow>
<dataflow id="102" from="c" to="c_read" fromId="94" toId="19">
</dataflow>
<dataflow id="103" from="_ssdm_op_Read.ap_auto.i64" to="op_read" fromId="100" toId="20">
</dataflow>
<dataflow id="104" from="op" to="op_read" fromId="92" toId="20">
</dataflow>
<dataflow id="105" from="_ssdm_op_Read.ap_auto.i64" to="b_read" fromId="100" toId="21">
</dataflow>
<dataflow id="106" from="b" to="b_read" fromId="90" toId="21">
</dataflow>
<dataflow id="107" from="_ssdm_op_Read.ap_auto.i64" to="a_read" fromId="100" toId="22">
</dataflow>
<dataflow id="108" from="a" to="a_read" fromId="88" toId="22">
</dataflow>
<dataflow id="110" from="_ssdm_op_Wait" to="empty" fromId="109" toId="23">
</dataflow>
<dataflow id="112" from="op_data_exe_wb_Pipeline_l_operation" to="call_ln81" fromId="111" toId="24">
</dataflow>
<dataflow id="113" from="op_read" to="call_ln81" fromId="20" toId="24">
</dataflow>
<dataflow id="114" from="gmem3" to="call_ln81" fromId="91" toId="24">
</dataflow>
<dataflow id="115" from="ALU_operation" to="call_ln81" fromId="96" toId="24">
</dataflow>
<dataflow id="116" from="op_data_exe_wb_Pipeline_l_operation" to="call_ln81" fromId="111" toId="25">
</dataflow>
<dataflow id="117" from="op_read" to="call_ln81" fromId="20" toId="25">
</dataflow>
<dataflow id="118" from="gmem3" to="call_ln81" fromId="91" toId="25">
</dataflow>
<dataflow id="119" from="ALU_operation" to="call_ln81" fromId="96" toId="25">
</dataflow>
<dataflow id="120" from="_ssdm_op_Wait" to="empty_39" fromId="109" toId="26">
</dataflow>
<dataflow id="121" from="_ssdm_op_Wait" to="empty_40" fromId="109" toId="27">
</dataflow>
<dataflow id="123" from="op_data_exe_wb_Pipeline_l_data_a" to="call_ln81" fromId="122" toId="28">
</dataflow>
<dataflow id="124" from="a_read" to="call_ln81" fromId="22" toId="28">
</dataflow>
<dataflow id="125" from="gmem0" to="call_ln81" fromId="87" toId="28">
</dataflow>
<dataflow id="126" from="data_a" to="call_ln81" fromId="97" toId="28">
</dataflow>
<dataflow id="127" from="op_data_exe_wb_Pipeline_l_data_a" to="call_ln81" fromId="122" toId="29">
</dataflow>
<dataflow id="128" from="a_read" to="call_ln81" fromId="22" toId="29">
</dataflow>
<dataflow id="129" from="gmem0" to="call_ln81" fromId="87" toId="29">
</dataflow>
<dataflow id="130" from="data_a" to="call_ln81" fromId="97" toId="29">
</dataflow>
<dataflow id="131" from="_ssdm_op_Wait" to="empty_41" fromId="109" toId="30">
</dataflow>
<dataflow id="132" from="_ssdm_op_Wait" to="empty_42" fromId="109" toId="31">
</dataflow>
<dataflow id="134" from="op_data_exe_wb_Pipeline_l_data_b" to="call_ln81" fromId="133" toId="32">
</dataflow>
<dataflow id="135" from="b_read" to="call_ln81" fromId="21" toId="32">
</dataflow>
<dataflow id="136" from="gmem1" to="call_ln81" fromId="89" toId="32">
</dataflow>
<dataflow id="137" from="data_b" to="call_ln81" fromId="98" toId="32">
</dataflow>
<dataflow id="138" from="op_data_exe_wb_Pipeline_l_data_b" to="call_ln81" fromId="133" toId="33">
</dataflow>
<dataflow id="139" from="b_read" to="call_ln81" fromId="21" toId="33">
</dataflow>
<dataflow id="140" from="gmem1" to="call_ln81" fromId="89" toId="33">
</dataflow>
<dataflow id="141" from="data_b" to="call_ln81" fromId="98" toId="33">
</dataflow>
<dataflow id="142" from="_ssdm_op_Wait" to="empty_43" fromId="109" toId="34">
</dataflow>
<dataflow id="143" from="_ssdm_op_Wait" to="empty_44" fromId="109" toId="35">
</dataflow>
<dataflow id="145" from="op_data_exe_wb_Pipeline_s_operation_data_op" to="call_ln0" fromId="144" toId="36">
</dataflow>
<dataflow id="146" from="ALU_operation_MEM" to="call_ln0" fromId="95" toId="36">
</dataflow>
<dataflow id="147" from="ALU_operation" to="call_ln0" fromId="96" toId="36">
</dataflow>
<dataflow id="148" from="op_data_exe_wb_Pipeline_s_operation_data_op" to="call_ln0" fromId="144" toId="37">
</dataflow>
<dataflow id="149" from="ALU_operation_MEM" to="call_ln0" fromId="95" toId="37">
</dataflow>
<dataflow id="150" from="ALU_operation" to="call_ln0" fromId="96" toId="37">
</dataflow>
<dataflow id="151" from="_ssdm_op_Wait" to="empty_45" fromId="109" toId="38">
</dataflow>
<dataflow id="152" from="_ssdm_op_Wait" to="empty_46" fromId="109" toId="39">
</dataflow>
<dataflow id="154" from="op_data_exe_wb_Pipeline_exe" to="call_ln0" fromId="153" toId="40">
</dataflow>
<dataflow id="155" from="ALU_operation_MEM" to="call_ln0" fromId="95" toId="40">
</dataflow>
<dataflow id="156" from="data_result" to="call_ln0" fromId="99" toId="40">
</dataflow>
<dataflow id="157" from="data_a" to="call_ln0" fromId="97" toId="40">
</dataflow>
<dataflow id="158" from="data_b" to="call_ln0" fromId="98" toId="40">
</dataflow>
<dataflow id="159" from="op_data_exe_wb_Pipeline_exe" to="call_ln0" fromId="153" toId="41">
</dataflow>
<dataflow id="160" from="ALU_operation_MEM" to="call_ln0" fromId="95" toId="41">
</dataflow>
<dataflow id="161" from="data_result" to="call_ln0" fromId="99" toId="41">
</dataflow>
<dataflow id="162" from="data_a" to="call_ln0" fromId="97" toId="41">
</dataflow>
<dataflow id="163" from="data_b" to="call_ln0" fromId="98" toId="41">
</dataflow>
<dataflow id="164" from="_ssdm_op_Wait" to="empty_47" fromId="109" toId="42">
</dataflow>
<dataflow id="165" from="_ssdm_op_Wait" to="empty_48" fromId="109" toId="43">
</dataflow>
<dataflow id="167" from="op_data_exe_wb_Pipeline_write_back" to="call_ln81" fromId="166" toId="44">
</dataflow>
<dataflow id="168" from="c_read" to="call_ln81" fromId="19" toId="44">
</dataflow>
<dataflow id="169" from="gmem2" to="call_ln81" fromId="93" toId="44">
</dataflow>
<dataflow id="170" from="data_result" to="call_ln81" fromId="99" toId="44">
</dataflow>
<dataflow id="172" from="_ssdm_op_SpecInterface" to="specinterface_ln0" fromId="171" toId="45">
</dataflow>
<dataflow id="173" from="ALU_operation" to="specinterface_ln0" fromId="96" toId="45">
</dataflow>
<dataflow id="175" from="empty_16" to="specinterface_ln0" fromId="174" toId="45">
</dataflow>
<dataflow id="177" from="StgValue_176" to="specinterface_ln0" fromId="176" toId="45">
</dataflow>
<dataflow id="178" from="StgValue_176" to="specinterface_ln0" fromId="176" toId="45">
</dataflow>
<dataflow id="180" from="empty_20" to="specinterface_ln0" fromId="179" toId="45">
</dataflow>
<dataflow id="181" from="StgValue_176" to="specinterface_ln0" fromId="176" toId="45">
</dataflow>
<dataflow id="182" from="StgValue_176" to="specinterface_ln0" fromId="176" toId="45">
</dataflow>
<dataflow id="183" from="empty_20" to="specinterface_ln0" fromId="179" toId="45">
</dataflow>
<dataflow id="184" from="empty_20" to="specinterface_ln0" fromId="179" toId="45">
</dataflow>
<dataflow id="185" from="empty_20" to="specinterface_ln0" fromId="179" toId="45">
</dataflow>
<dataflow id="186" from="StgValue_176" to="specinterface_ln0" fromId="176" toId="45">
</dataflow>
<dataflow id="187" from="StgValue_176" to="specinterface_ln0" fromId="176" toId="45">
</dataflow>
<dataflow id="188" from="StgValue_176" to="specinterface_ln0" fromId="176" toId="45">
</dataflow>
<dataflow id="189" from="StgValue_176" to="specinterface_ln0" fromId="176" toId="45">
</dataflow>
<dataflow id="190" from="empty_20" to="specinterface_ln0" fromId="179" toId="45">
</dataflow>
<dataflow id="191" from="empty_20" to="specinterface_ln0" fromId="179" toId="45">
</dataflow>
<dataflow id="193" from="StgValue_192" to="specinterface_ln0" fromId="192" toId="45">
</dataflow>
<dataflow id="194" from="StgValue_176" to="specinterface_ln0" fromId="176" toId="45">
</dataflow>
<dataflow id="195" from="_ssdm_op_SpecInterface" to="specinterface_ln0" fromId="171" toId="46">
</dataflow>
<dataflow id="196" from="ALU_operation" to="specinterface_ln0" fromId="96" toId="46">
</dataflow>
<dataflow id="197" from="empty_16" to="specinterface_ln0" fromId="174" toId="46">
</dataflow>
<dataflow id="198" from="StgValue_176" to="specinterface_ln0" fromId="176" toId="46">
</dataflow>
<dataflow id="199" from="StgValue_176" to="specinterface_ln0" fromId="176" toId="46">
</dataflow>
<dataflow id="200" from="empty_20" to="specinterface_ln0" fromId="179" toId="46">
</dataflow>
<dataflow id="201" from="StgValue_176" to="specinterface_ln0" fromId="176" toId="46">
</dataflow>
<dataflow id="202" from="StgValue_176" to="specinterface_ln0" fromId="176" toId="46">
</dataflow>
<dataflow id="203" from="empty_20" to="specinterface_ln0" fromId="179" toId="46">
</dataflow>
<dataflow id="204" from="empty_20" to="specinterface_ln0" fromId="179" toId="46">
</dataflow>
<dataflow id="205" from="empty_20" to="specinterface_ln0" fromId="179" toId="46">
</dataflow>
<dataflow id="206" from="StgValue_176" to="specinterface_ln0" fromId="176" toId="46">
</dataflow>
<dataflow id="207" from="StgValue_176" to="specinterface_ln0" fromId="176" toId="46">
</dataflow>
<dataflow id="208" from="StgValue_176" to="specinterface_ln0" fromId="176" toId="46">
</dataflow>
<dataflow id="209" from="StgValue_176" to="specinterface_ln0" fromId="176" toId="46">
</dataflow>
<dataflow id="210" from="empty_20" to="specinterface_ln0" fromId="179" toId="46">
</dataflow>
<dataflow id="211" from="empty_20" to="specinterface_ln0" fromId="179" toId="46">
</dataflow>
<dataflow id="212" from="StgValue_192" to="specinterface_ln0" fromId="192" toId="46">
</dataflow>
<dataflow id="213" from="StgValue_176" to="specinterface_ln0" fromId="176" toId="46">
</dataflow>
<dataflow id="214" from="_ssdm_op_SpecInterface" to="specinterface_ln0" fromId="171" toId="47">
</dataflow>
<dataflow id="215" from="ALU_operation" to="specinterface_ln0" fromId="96" toId="47">
</dataflow>
<dataflow id="216" from="empty_16" to="specinterface_ln0" fromId="174" toId="47">
</dataflow>
<dataflow id="217" from="StgValue_176" to="specinterface_ln0" fromId="176" toId="47">
</dataflow>
<dataflow id="218" from="StgValue_176" to="specinterface_ln0" fromId="176" toId="47">
</dataflow>
<dataflow id="219" from="empty_20" to="specinterface_ln0" fromId="179" toId="47">
</dataflow>
<dataflow id="220" from="StgValue_176" to="specinterface_ln0" fromId="176" toId="47">
</dataflow>
<dataflow id="221" from="StgValue_176" to="specinterface_ln0" fromId="176" toId="47">
</dataflow>
<dataflow id="222" from="empty_20" to="specinterface_ln0" fromId="179" toId="47">
</dataflow>
<dataflow id="223" from="empty_20" to="specinterface_ln0" fromId="179" toId="47">
</dataflow>
<dataflow id="224" from="empty_20" to="specinterface_ln0" fromId="179" toId="47">
</dataflow>
<dataflow id="225" from="StgValue_176" to="specinterface_ln0" fromId="176" toId="47">
</dataflow>
<dataflow id="226" from="StgValue_176" to="specinterface_ln0" fromId="176" toId="47">
</dataflow>
<dataflow id="227" from="StgValue_176" to="specinterface_ln0" fromId="176" toId="47">
</dataflow>
<dataflow id="228" from="StgValue_176" to="specinterface_ln0" fromId="176" toId="47">
</dataflow>
<dataflow id="229" from="empty_20" to="specinterface_ln0" fromId="179" toId="47">
</dataflow>
<dataflow id="230" from="empty_20" to="specinterface_ln0" fromId="179" toId="47">
</dataflow>
<dataflow id="231" from="StgValue_192" to="specinterface_ln0" fromId="192" toId="47">
</dataflow>
<dataflow id="232" from="StgValue_176" to="specinterface_ln0" fromId="176" toId="47">
</dataflow>
<dataflow id="233" from="_ssdm_op_SpecInterface" to="specinterface_ln0" fromId="171" toId="48">
</dataflow>
<dataflow id="234" from="ALU_operation" to="specinterface_ln0" fromId="96" toId="48">
</dataflow>
<dataflow id="235" from="empty_16" to="specinterface_ln0" fromId="174" toId="48">
</dataflow>
<dataflow id="236" from="StgValue_176" to="specinterface_ln0" fromId="176" toId="48">
</dataflow>
<dataflow id="237" from="StgValue_176" to="specinterface_ln0" fromId="176" toId="48">
</dataflow>
<dataflow id="238" from="empty_20" to="specinterface_ln0" fromId="179" toId="48">
</dataflow>
<dataflow id="239" from="StgValue_176" to="specinterface_ln0" fromId="176" toId="48">
</dataflow>
<dataflow id="240" from="StgValue_176" to="specinterface_ln0" fromId="176" toId="48">
</dataflow>
<dataflow id="241" from="empty_20" to="specinterface_ln0" fromId="179" toId="48">
</dataflow>
<dataflow id="242" from="empty_20" to="specinterface_ln0" fromId="179" toId="48">
</dataflow>
<dataflow id="243" from="empty_20" to="specinterface_ln0" fromId="179" toId="48">
</dataflow>
<dataflow id="244" from="StgValue_176" to="specinterface_ln0" fromId="176" toId="48">
</dataflow>
<dataflow id="245" from="StgValue_176" to="specinterface_ln0" fromId="176" toId="48">
</dataflow>
<dataflow id="246" from="StgValue_176" to="specinterface_ln0" fromId="176" toId="48">
</dataflow>
<dataflow id="247" from="StgValue_176" to="specinterface_ln0" fromId="176" toId="48">
</dataflow>
<dataflow id="248" from="empty_20" to="specinterface_ln0" fromId="179" toId="48">
</dataflow>
<dataflow id="249" from="empty_20" to="specinterface_ln0" fromId="179" toId="48">
</dataflow>
<dataflow id="250" from="StgValue_192" to="specinterface_ln0" fromId="192" toId="48">
</dataflow>
<dataflow id="251" from="StgValue_176" to="specinterface_ln0" fromId="176" toId="48">
</dataflow>
<dataflow id="252" from="_ssdm_op_SpecInterface" to="specinterface_ln0" fromId="171" toId="49">
</dataflow>
<dataflow id="253" from="data_a" to="specinterface_ln0" fromId="97" toId="49">
</dataflow>
<dataflow id="254" from="empty_16" to="specinterface_ln0" fromId="174" toId="49">
</dataflow>
<dataflow id="255" from="StgValue_176" to="specinterface_ln0" fromId="176" toId="49">
</dataflow>
<dataflow id="256" from="StgValue_176" to="specinterface_ln0" fromId="176" toId="49">
</dataflow>
<dataflow id="257" from="empty_20" to="specinterface_ln0" fromId="179" toId="49">
</dataflow>
<dataflow id="258" from="StgValue_176" to="specinterface_ln0" fromId="176" toId="49">
</dataflow>
<dataflow id="259" from="StgValue_176" to="specinterface_ln0" fromId="176" toId="49">
</dataflow>
<dataflow id="260" from="empty_20" to="specinterface_ln0" fromId="179" toId="49">
</dataflow>
<dataflow id="261" from="empty_20" to="specinterface_ln0" fromId="179" toId="49">
</dataflow>
<dataflow id="262" from="empty_20" to="specinterface_ln0" fromId="179" toId="49">
</dataflow>
<dataflow id="263" from="StgValue_176" to="specinterface_ln0" fromId="176" toId="49">
</dataflow>
<dataflow id="264" from="StgValue_176" to="specinterface_ln0" fromId="176" toId="49">
</dataflow>
<dataflow id="265" from="StgValue_176" to="specinterface_ln0" fromId="176" toId="49">
</dataflow>
<dataflow id="266" from="StgValue_176" to="specinterface_ln0" fromId="176" toId="49">
</dataflow>
<dataflow id="267" from="empty_20" to="specinterface_ln0" fromId="179" toId="49">
</dataflow>
<dataflow id="268" from="empty_20" to="specinterface_ln0" fromId="179" toId="49">
</dataflow>
<dataflow id="269" from="StgValue_192" to="specinterface_ln0" fromId="192" toId="49">
</dataflow>
<dataflow id="270" from="StgValue_176" to="specinterface_ln0" fromId="176" toId="49">
</dataflow>
<dataflow id="271" from="_ssdm_op_SpecInterface" to="specinterface_ln0" fromId="171" toId="50">
</dataflow>
<dataflow id="272" from="data_a" to="specinterface_ln0" fromId="97" toId="50">
</dataflow>
<dataflow id="273" from="empty_16" to="specinterface_ln0" fromId="174" toId="50">
</dataflow>
<dataflow id="274" from="StgValue_176" to="specinterface_ln0" fromId="176" toId="50">
</dataflow>
<dataflow id="275" from="StgValue_176" to="specinterface_ln0" fromId="176" toId="50">
</dataflow>
<dataflow id="276" from="empty_20" to="specinterface_ln0" fromId="179" toId="50">
</dataflow>
<dataflow id="277" from="StgValue_176" to="specinterface_ln0" fromId="176" toId="50">
</dataflow>
<dataflow id="278" from="StgValue_176" to="specinterface_ln0" fromId="176" toId="50">
</dataflow>
<dataflow id="279" from="empty_20" to="specinterface_ln0" fromId="179" toId="50">
</dataflow>
<dataflow id="280" from="empty_20" to="specinterface_ln0" fromId="179" toId="50">
</dataflow>
<dataflow id="281" from="empty_20" to="specinterface_ln0" fromId="179" toId="50">
</dataflow>
<dataflow id="282" from="StgValue_176" to="specinterface_ln0" fromId="176" toId="50">
</dataflow>
<dataflow id="283" from="StgValue_176" to="specinterface_ln0" fromId="176" toId="50">
</dataflow>
<dataflow id="284" from="StgValue_176" to="specinterface_ln0" fromId="176" toId="50">
</dataflow>
<dataflow id="285" from="StgValue_176" to="specinterface_ln0" fromId="176" toId="50">
</dataflow>
<dataflow id="286" from="empty_20" to="specinterface_ln0" fromId="179" toId="50">
</dataflow>
<dataflow id="287" from="empty_20" to="specinterface_ln0" fromId="179" toId="50">
</dataflow>
<dataflow id="288" from="StgValue_192" to="specinterface_ln0" fromId="192" toId="50">
</dataflow>
<dataflow id="289" from="StgValue_176" to="specinterface_ln0" fromId="176" toId="50">
</dataflow>
<dataflow id="290" from="_ssdm_op_SpecInterface" to="specinterface_ln0" fromId="171" toId="51">
</dataflow>
<dataflow id="291" from="data_a" to="specinterface_ln0" fromId="97" toId="51">
</dataflow>
<dataflow id="292" from="empty_16" to="specinterface_ln0" fromId="174" toId="51">
</dataflow>
<dataflow id="293" from="StgValue_176" to="specinterface_ln0" fromId="176" toId="51">
</dataflow>
<dataflow id="294" from="StgValue_176" to="specinterface_ln0" fromId="176" toId="51">
</dataflow>
<dataflow id="295" from="empty_20" to="specinterface_ln0" fromId="179" toId="51">
</dataflow>
<dataflow id="296" from="StgValue_176" to="specinterface_ln0" fromId="176" toId="51">
</dataflow>
<dataflow id="297" from="StgValue_176" to="specinterface_ln0" fromId="176" toId="51">
</dataflow>
<dataflow id="298" from="empty_20" to="specinterface_ln0" fromId="179" toId="51">
</dataflow>
<dataflow id="299" from="empty_20" to="specinterface_ln0" fromId="179" toId="51">
</dataflow>
<dataflow id="300" from="empty_20" to="specinterface_ln0" fromId="179" toId="51">
</dataflow>
<dataflow id="301" from="StgValue_176" to="specinterface_ln0" fromId="176" toId="51">
</dataflow>
<dataflow id="302" from="StgValue_176" to="specinterface_ln0" fromId="176" toId="51">
</dataflow>
<dataflow id="303" from="StgValue_176" to="specinterface_ln0" fromId="176" toId="51">
</dataflow>
<dataflow id="304" from="StgValue_176" to="specinterface_ln0" fromId="176" toId="51">
</dataflow>
<dataflow id="305" from="empty_20" to="specinterface_ln0" fromId="179" toId="51">
</dataflow>
<dataflow id="306" from="empty_20" to="specinterface_ln0" fromId="179" toId="51">
</dataflow>
<dataflow id="307" from="StgValue_192" to="specinterface_ln0" fromId="192" toId="51">
</dataflow>
<dataflow id="308" from="StgValue_176" to="specinterface_ln0" fromId="176" toId="51">
</dataflow>
<dataflow id="309" from="_ssdm_op_SpecInterface" to="specinterface_ln0" fromId="171" toId="52">
</dataflow>
<dataflow id="310" from="data_a" to="specinterface_ln0" fromId="97" toId="52">
</dataflow>
<dataflow id="311" from="empty_16" to="specinterface_ln0" fromId="174" toId="52">
</dataflow>
<dataflow id="312" from="StgValue_176" to="specinterface_ln0" fromId="176" toId="52">
</dataflow>
<dataflow id="313" from="StgValue_176" to="specinterface_ln0" fromId="176" toId="52">
</dataflow>
<dataflow id="314" from="empty_20" to="specinterface_ln0" fromId="179" toId="52">
</dataflow>
<dataflow id="315" from="StgValue_176" to="specinterface_ln0" fromId="176" toId="52">
</dataflow>
<dataflow id="316" from="StgValue_176" to="specinterface_ln0" fromId="176" toId="52">
</dataflow>
<dataflow id="317" from="empty_20" to="specinterface_ln0" fromId="179" toId="52">
</dataflow>
<dataflow id="318" from="empty_20" to="specinterface_ln0" fromId="179" toId="52">
</dataflow>
<dataflow id="319" from="empty_20" to="specinterface_ln0" fromId="179" toId="52">
</dataflow>
<dataflow id="320" from="StgValue_176" to="specinterface_ln0" fromId="176" toId="52">
</dataflow>
<dataflow id="321" from="StgValue_176" to="specinterface_ln0" fromId="176" toId="52">
</dataflow>
<dataflow id="322" from="StgValue_176" to="specinterface_ln0" fromId="176" toId="52">
</dataflow>
<dataflow id="323" from="StgValue_176" to="specinterface_ln0" fromId="176" toId="52">
</dataflow>
<dataflow id="324" from="empty_20" to="specinterface_ln0" fromId="179" toId="52">
</dataflow>
<dataflow id="325" from="empty_20" to="specinterface_ln0" fromId="179" toId="52">
</dataflow>
<dataflow id="326" from="StgValue_192" to="specinterface_ln0" fromId="192" toId="52">
</dataflow>
<dataflow id="327" from="StgValue_176" to="specinterface_ln0" fromId="176" toId="52">
</dataflow>
<dataflow id="328" from="_ssdm_op_SpecInterface" to="specinterface_ln0" fromId="171" toId="53">
</dataflow>
<dataflow id="329" from="data_b" to="specinterface_ln0" fromId="98" toId="53">
</dataflow>
<dataflow id="330" from="empty_16" to="specinterface_ln0" fromId="174" toId="53">
</dataflow>
<dataflow id="331" from="StgValue_176" to="specinterface_ln0" fromId="176" toId="53">
</dataflow>
<dataflow id="332" from="StgValue_176" to="specinterface_ln0" fromId="176" toId="53">
</dataflow>
<dataflow id="333" from="empty_20" to="specinterface_ln0" fromId="179" toId="53">
</dataflow>
<dataflow id="334" from="StgValue_176" to="specinterface_ln0" fromId="176" toId="53">
</dataflow>
<dataflow id="335" from="StgValue_176" to="specinterface_ln0" fromId="176" toId="53">
</dataflow>
<dataflow id="336" from="empty_20" to="specinterface_ln0" fromId="179" toId="53">
</dataflow>
<dataflow id="337" from="empty_20" to="specinterface_ln0" fromId="179" toId="53">
</dataflow>
<dataflow id="338" from="empty_20" to="specinterface_ln0" fromId="179" toId="53">
</dataflow>
<dataflow id="339" from="StgValue_176" to="specinterface_ln0" fromId="176" toId="53">
</dataflow>
<dataflow id="340" from="StgValue_176" to="specinterface_ln0" fromId="176" toId="53">
</dataflow>
<dataflow id="341" from="StgValue_176" to="specinterface_ln0" fromId="176" toId="53">
</dataflow>
<dataflow id="342" from="StgValue_176" to="specinterface_ln0" fromId="176" toId="53">
</dataflow>
<dataflow id="343" from="empty_20" to="specinterface_ln0" fromId="179" toId="53">
</dataflow>
<dataflow id="344" from="empty_20" to="specinterface_ln0" fromId="179" toId="53">
</dataflow>
<dataflow id="345" from="StgValue_192" to="specinterface_ln0" fromId="192" toId="53">
</dataflow>
<dataflow id="346" from="StgValue_176" to="specinterface_ln0" fromId="176" toId="53">
</dataflow>
<dataflow id="347" from="_ssdm_op_SpecInterface" to="specinterface_ln0" fromId="171" toId="54">
</dataflow>
<dataflow id="348" from="data_b" to="specinterface_ln0" fromId="98" toId="54">
</dataflow>
<dataflow id="349" from="empty_16" to="specinterface_ln0" fromId="174" toId="54">
</dataflow>
<dataflow id="350" from="StgValue_176" to="specinterface_ln0" fromId="176" toId="54">
</dataflow>
<dataflow id="351" from="StgValue_176" to="specinterface_ln0" fromId="176" toId="54">
</dataflow>
<dataflow id="352" from="empty_20" to="specinterface_ln0" fromId="179" toId="54">
</dataflow>
<dataflow id="353" from="StgValue_176" to="specinterface_ln0" fromId="176" toId="54">
</dataflow>
<dataflow id="354" from="StgValue_176" to="specinterface_ln0" fromId="176" toId="54">
</dataflow>
<dataflow id="355" from="empty_20" to="specinterface_ln0" fromId="179" toId="54">
</dataflow>
<dataflow id="356" from="empty_20" to="specinterface_ln0" fromId="179" toId="54">
</dataflow>
<dataflow id="357" from="empty_20" to="specinterface_ln0" fromId="179" toId="54">
</dataflow>
<dataflow id="358" from="StgValue_176" to="specinterface_ln0" fromId="176" toId="54">
</dataflow>
<dataflow id="359" from="StgValue_176" to="specinterface_ln0" fromId="176" toId="54">
</dataflow>
<dataflow id="360" from="StgValue_176" to="specinterface_ln0" fromId="176" toId="54">
</dataflow>
<dataflow id="361" from="StgValue_176" to="specinterface_ln0" fromId="176" toId="54">
</dataflow>
<dataflow id="362" from="empty_20" to="specinterface_ln0" fromId="179" toId="54">
</dataflow>
<dataflow id="363" from="empty_20" to="specinterface_ln0" fromId="179" toId="54">
</dataflow>
<dataflow id="364" from="StgValue_192" to="specinterface_ln0" fromId="192" toId="54">
</dataflow>
<dataflow id="365" from="StgValue_176" to="specinterface_ln0" fromId="176" toId="54">
</dataflow>
<dataflow id="366" from="_ssdm_op_SpecInterface" to="specinterface_ln0" fromId="171" toId="55">
</dataflow>
<dataflow id="367" from="data_b" to="specinterface_ln0" fromId="98" toId="55">
</dataflow>
<dataflow id="368" from="empty_16" to="specinterface_ln0" fromId="174" toId="55">
</dataflow>
<dataflow id="369" from="StgValue_176" to="specinterface_ln0" fromId="176" toId="55">
</dataflow>
<dataflow id="370" from="StgValue_176" to="specinterface_ln0" fromId="176" toId="55">
</dataflow>
<dataflow id="371" from="empty_20" to="specinterface_ln0" fromId="179" toId="55">
</dataflow>
<dataflow id="372" from="StgValue_176" to="specinterface_ln0" fromId="176" toId="55">
</dataflow>
<dataflow id="373" from="StgValue_176" to="specinterface_ln0" fromId="176" toId="55">
</dataflow>
<dataflow id="374" from="empty_20" to="specinterface_ln0" fromId="179" toId="55">
</dataflow>
<dataflow id="375" from="empty_20" to="specinterface_ln0" fromId="179" toId="55">
</dataflow>
<dataflow id="376" from="empty_20" to="specinterface_ln0" fromId="179" toId="55">
</dataflow>
<dataflow id="377" from="StgValue_176" to="specinterface_ln0" fromId="176" toId="55">
</dataflow>
<dataflow id="378" from="StgValue_176" to="specinterface_ln0" fromId="176" toId="55">
</dataflow>
<dataflow id="379" from="StgValue_176" to="specinterface_ln0" fromId="176" toId="55">
</dataflow>
<dataflow id="380" from="StgValue_176" to="specinterface_ln0" fromId="176" toId="55">
</dataflow>
<dataflow id="381" from="empty_20" to="specinterface_ln0" fromId="179" toId="55">
</dataflow>
<dataflow id="382" from="empty_20" to="specinterface_ln0" fromId="179" toId="55">
</dataflow>
<dataflow id="383" from="StgValue_192" to="specinterface_ln0" fromId="192" toId="55">
</dataflow>
<dataflow id="384" from="StgValue_176" to="specinterface_ln0" fromId="176" toId="55">
</dataflow>
<dataflow id="385" from="_ssdm_op_SpecInterface" to="specinterface_ln0" fromId="171" toId="56">
</dataflow>
<dataflow id="386" from="data_b" to="specinterface_ln0" fromId="98" toId="56">
</dataflow>
<dataflow id="387" from="empty_16" to="specinterface_ln0" fromId="174" toId="56">
</dataflow>
<dataflow id="388" from="StgValue_176" to="specinterface_ln0" fromId="176" toId="56">
</dataflow>
<dataflow id="389" from="StgValue_176" to="specinterface_ln0" fromId="176" toId="56">
</dataflow>
<dataflow id="390" from="empty_20" to="specinterface_ln0" fromId="179" toId="56">
</dataflow>
<dataflow id="391" from="StgValue_176" to="specinterface_ln0" fromId="176" toId="56">
</dataflow>
<dataflow id="392" from="StgValue_176" to="specinterface_ln0" fromId="176" toId="56">
</dataflow>
<dataflow id="393" from="empty_20" to="specinterface_ln0" fromId="179" toId="56">
</dataflow>
<dataflow id="394" from="empty_20" to="specinterface_ln0" fromId="179" toId="56">
</dataflow>
<dataflow id="395" from="empty_20" to="specinterface_ln0" fromId="179" toId="56">
</dataflow>
<dataflow id="396" from="StgValue_176" to="specinterface_ln0" fromId="176" toId="56">
</dataflow>
<dataflow id="397" from="StgValue_176" to="specinterface_ln0" fromId="176" toId="56">
</dataflow>
<dataflow id="398" from="StgValue_176" to="specinterface_ln0" fromId="176" toId="56">
</dataflow>
<dataflow id="399" from="StgValue_176" to="specinterface_ln0" fromId="176" toId="56">
</dataflow>
<dataflow id="400" from="empty_20" to="specinterface_ln0" fromId="179" toId="56">
</dataflow>
<dataflow id="401" from="empty_20" to="specinterface_ln0" fromId="179" toId="56">
</dataflow>
<dataflow id="402" from="StgValue_192" to="specinterface_ln0" fromId="192" toId="56">
</dataflow>
<dataflow id="403" from="StgValue_176" to="specinterface_ln0" fromId="176" toId="56">
</dataflow>
<dataflow id="404" from="_ssdm_op_SpecInterface" to="specinterface_ln0" fromId="171" toId="57">
</dataflow>
<dataflow id="405" from="data_result" to="specinterface_ln0" fromId="99" toId="57">
</dataflow>
<dataflow id="406" from="empty_16" to="specinterface_ln0" fromId="174" toId="57">
</dataflow>
<dataflow id="407" from="StgValue_176" to="specinterface_ln0" fromId="176" toId="57">
</dataflow>
<dataflow id="408" from="StgValue_176" to="specinterface_ln0" fromId="176" toId="57">
</dataflow>
<dataflow id="409" from="empty_20" to="specinterface_ln0" fromId="179" toId="57">
</dataflow>
<dataflow id="410" from="StgValue_176" to="specinterface_ln0" fromId="176" toId="57">
</dataflow>
<dataflow id="411" from="StgValue_176" to="specinterface_ln0" fromId="176" toId="57">
</dataflow>
<dataflow id="412" from="empty_20" to="specinterface_ln0" fromId="179" toId="57">
</dataflow>
<dataflow id="413" from="empty_20" to="specinterface_ln0" fromId="179" toId="57">
</dataflow>
<dataflow id="414" from="empty_20" to="specinterface_ln0" fromId="179" toId="57">
</dataflow>
<dataflow id="415" from="StgValue_176" to="specinterface_ln0" fromId="176" toId="57">
</dataflow>
<dataflow id="416" from="StgValue_176" to="specinterface_ln0" fromId="176" toId="57">
</dataflow>
<dataflow id="417" from="StgValue_176" to="specinterface_ln0" fromId="176" toId="57">
</dataflow>
<dataflow id="418" from="StgValue_176" to="specinterface_ln0" fromId="176" toId="57">
</dataflow>
<dataflow id="419" from="empty_20" to="specinterface_ln0" fromId="179" toId="57">
</dataflow>
<dataflow id="420" from="empty_20" to="specinterface_ln0" fromId="179" toId="57">
</dataflow>
<dataflow id="421" from="StgValue_192" to="specinterface_ln0" fromId="192" toId="57">
</dataflow>
<dataflow id="422" from="StgValue_176" to="specinterface_ln0" fromId="176" toId="57">
</dataflow>
<dataflow id="423" from="_ssdm_op_SpecInterface" to="specinterface_ln0" fromId="171" toId="58">
</dataflow>
<dataflow id="424" from="data_result" to="specinterface_ln0" fromId="99" toId="58">
</dataflow>
<dataflow id="425" from="empty_16" to="specinterface_ln0" fromId="174" toId="58">
</dataflow>
<dataflow id="426" from="StgValue_176" to="specinterface_ln0" fromId="176" toId="58">
</dataflow>
<dataflow id="427" from="StgValue_176" to="specinterface_ln0" fromId="176" toId="58">
</dataflow>
<dataflow id="428" from="empty_20" to="specinterface_ln0" fromId="179" toId="58">
</dataflow>
<dataflow id="429" from="StgValue_176" to="specinterface_ln0" fromId="176" toId="58">
</dataflow>
<dataflow id="430" from="StgValue_176" to="specinterface_ln0" fromId="176" toId="58">
</dataflow>
<dataflow id="431" from="empty_20" to="specinterface_ln0" fromId="179" toId="58">
</dataflow>
<dataflow id="432" from="empty_20" to="specinterface_ln0" fromId="179" toId="58">
</dataflow>
<dataflow id="433" from="empty_20" to="specinterface_ln0" fromId="179" toId="58">
</dataflow>
<dataflow id="434" from="StgValue_176" to="specinterface_ln0" fromId="176" toId="58">
</dataflow>
<dataflow id="435" from="StgValue_176" to="specinterface_ln0" fromId="176" toId="58">
</dataflow>
<dataflow id="436" from="StgValue_176" to="specinterface_ln0" fromId="176" toId="58">
</dataflow>
<dataflow id="437" from="StgValue_176" to="specinterface_ln0" fromId="176" toId="58">
</dataflow>
<dataflow id="438" from="empty_20" to="specinterface_ln0" fromId="179" toId="58">
</dataflow>
<dataflow id="439" from="empty_20" to="specinterface_ln0" fromId="179" toId="58">
</dataflow>
<dataflow id="440" from="StgValue_192" to="specinterface_ln0" fromId="192" toId="58">
</dataflow>
<dataflow id="441" from="StgValue_176" to="specinterface_ln0" fromId="176" toId="58">
</dataflow>
<dataflow id="442" from="_ssdm_op_SpecInterface" to="specinterface_ln0" fromId="171" toId="59">
</dataflow>
<dataflow id="443" from="data_result" to="specinterface_ln0" fromId="99" toId="59">
</dataflow>
<dataflow id="444" from="empty_16" to="specinterface_ln0" fromId="174" toId="59">
</dataflow>
<dataflow id="445" from="StgValue_176" to="specinterface_ln0" fromId="176" toId="59">
</dataflow>
<dataflow id="446" from="StgValue_176" to="specinterface_ln0" fromId="176" toId="59">
</dataflow>
<dataflow id="447" from="empty_20" to="specinterface_ln0" fromId="179" toId="59">
</dataflow>
<dataflow id="448" from="StgValue_176" to="specinterface_ln0" fromId="176" toId="59">
</dataflow>
<dataflow id="449" from="StgValue_176" to="specinterface_ln0" fromId="176" toId="59">
</dataflow>
<dataflow id="450" from="empty_20" to="specinterface_ln0" fromId="179" toId="59">
</dataflow>
<dataflow id="451" from="empty_20" to="specinterface_ln0" fromId="179" toId="59">
</dataflow>
<dataflow id="452" from="empty_20" to="specinterface_ln0" fromId="179" toId="59">
</dataflow>
<dataflow id="453" from="StgValue_176" to="specinterface_ln0" fromId="176" toId="59">
</dataflow>
<dataflow id="454" from="StgValue_176" to="specinterface_ln0" fromId="176" toId="59">
</dataflow>
<dataflow id="455" from="StgValue_176" to="specinterface_ln0" fromId="176" toId="59">
</dataflow>
<dataflow id="456" from="StgValue_176" to="specinterface_ln0" fromId="176" toId="59">
</dataflow>
<dataflow id="457" from="empty_20" to="specinterface_ln0" fromId="179" toId="59">
</dataflow>
<dataflow id="458" from="empty_20" to="specinterface_ln0" fromId="179" toId="59">
</dataflow>
<dataflow id="459" from="StgValue_192" to="specinterface_ln0" fromId="192" toId="59">
</dataflow>
<dataflow id="460" from="StgValue_176" to="specinterface_ln0" fromId="176" toId="59">
</dataflow>
<dataflow id="461" from="_ssdm_op_SpecInterface" to="specinterface_ln0" fromId="171" toId="60">
</dataflow>
<dataflow id="462" from="data_result" to="specinterface_ln0" fromId="99" toId="60">
</dataflow>
<dataflow id="463" from="empty_16" to="specinterface_ln0" fromId="174" toId="60">
</dataflow>
<dataflow id="464" from="StgValue_176" to="specinterface_ln0" fromId="176" toId="60">
</dataflow>
<dataflow id="465" from="StgValue_176" to="specinterface_ln0" fromId="176" toId="60">
</dataflow>
<dataflow id="466" from="empty_20" to="specinterface_ln0" fromId="179" toId="60">
</dataflow>
<dataflow id="467" from="StgValue_176" to="specinterface_ln0" fromId="176" toId="60">
</dataflow>
<dataflow id="468" from="StgValue_176" to="specinterface_ln0" fromId="176" toId="60">
</dataflow>
<dataflow id="469" from="empty_20" to="specinterface_ln0" fromId="179" toId="60">
</dataflow>
<dataflow id="470" from="empty_20" to="specinterface_ln0" fromId="179" toId="60">
</dataflow>
<dataflow id="471" from="empty_20" to="specinterface_ln0" fromId="179" toId="60">
</dataflow>
<dataflow id="472" from="StgValue_176" to="specinterface_ln0" fromId="176" toId="60">
</dataflow>
<dataflow id="473" from="StgValue_176" to="specinterface_ln0" fromId="176" toId="60">
</dataflow>
<dataflow id="474" from="StgValue_176" to="specinterface_ln0" fromId="176" toId="60">
</dataflow>
<dataflow id="475" from="StgValue_176" to="specinterface_ln0" fromId="176" toId="60">
</dataflow>
<dataflow id="476" from="empty_20" to="specinterface_ln0" fromId="179" toId="60">
</dataflow>
<dataflow id="477" from="empty_20" to="specinterface_ln0" fromId="179" toId="60">
</dataflow>
<dataflow id="478" from="StgValue_192" to="specinterface_ln0" fromId="192" toId="60">
</dataflow>
<dataflow id="479" from="StgValue_176" to="specinterface_ln0" fromId="176" toId="60">
</dataflow>
<dataflow id="480" from="_ssdm_op_SpecInterface" to="specinterface_ln0" fromId="171" toId="61">
</dataflow>
<dataflow id="481" from="data_b" to="specinterface_ln0" fromId="98" toId="61">
</dataflow>
<dataflow id="482" from="empty_16" to="specinterface_ln0" fromId="174" toId="61">
</dataflow>
<dataflow id="483" from="StgValue_176" to="specinterface_ln0" fromId="176" toId="61">
</dataflow>
<dataflow id="484" from="StgValue_176" to="specinterface_ln0" fromId="176" toId="61">
</dataflow>
<dataflow id="485" from="empty_20" to="specinterface_ln0" fromId="179" toId="61">
</dataflow>
<dataflow id="486" from="StgValue_176" to="specinterface_ln0" fromId="176" toId="61">
</dataflow>
<dataflow id="487" from="StgValue_176" to="specinterface_ln0" fromId="176" toId="61">
</dataflow>
<dataflow id="488" from="empty_20" to="specinterface_ln0" fromId="179" toId="61">
</dataflow>
<dataflow id="489" from="empty_20" to="specinterface_ln0" fromId="179" toId="61">
</dataflow>
<dataflow id="490" from="empty_20" to="specinterface_ln0" fromId="179" toId="61">
</dataflow>
<dataflow id="491" from="StgValue_176" to="specinterface_ln0" fromId="176" toId="61">
</dataflow>
<dataflow id="492" from="StgValue_176" to="specinterface_ln0" fromId="176" toId="61">
</dataflow>
<dataflow id="493" from="StgValue_176" to="specinterface_ln0" fromId="176" toId="61">
</dataflow>
<dataflow id="494" from="StgValue_176" to="specinterface_ln0" fromId="176" toId="61">
</dataflow>
<dataflow id="495" from="empty_20" to="specinterface_ln0" fromId="179" toId="61">
</dataflow>
<dataflow id="496" from="empty_20" to="specinterface_ln0" fromId="179" toId="61">
</dataflow>
<dataflow id="497" from="StgValue_192" to="specinterface_ln0" fromId="192" toId="61">
</dataflow>
<dataflow id="498" from="StgValue_176" to="specinterface_ln0" fromId="176" toId="61">
</dataflow>
<dataflow id="499" from="_ssdm_op_SpecInterface" to="specinterface_ln0" fromId="171" toId="62">
</dataflow>
<dataflow id="500" from="data_a" to="specinterface_ln0" fromId="97" toId="62">
</dataflow>
<dataflow id="501" from="empty_16" to="specinterface_ln0" fromId="174" toId="62">
</dataflow>
<dataflow id="502" from="StgValue_176" to="specinterface_ln0" fromId="176" toId="62">
</dataflow>
<dataflow id="503" from="StgValue_176" to="specinterface_ln0" fromId="176" toId="62">
</dataflow>
<dataflow id="504" from="empty_20" to="specinterface_ln0" fromId="179" toId="62">
</dataflow>
<dataflow id="505" from="StgValue_176" to="specinterface_ln0" fromId="176" toId="62">
</dataflow>
<dataflow id="506" from="StgValue_176" to="specinterface_ln0" fromId="176" toId="62">
</dataflow>
<dataflow id="507" from="empty_20" to="specinterface_ln0" fromId="179" toId="62">
</dataflow>
<dataflow id="508" from="empty_20" to="specinterface_ln0" fromId="179" toId="62">
</dataflow>
<dataflow id="509" from="empty_20" to="specinterface_ln0" fromId="179" toId="62">
</dataflow>
<dataflow id="510" from="StgValue_176" to="specinterface_ln0" fromId="176" toId="62">
</dataflow>
<dataflow id="511" from="StgValue_176" to="specinterface_ln0" fromId="176" toId="62">
</dataflow>
<dataflow id="512" from="StgValue_176" to="specinterface_ln0" fromId="176" toId="62">
</dataflow>
<dataflow id="513" from="StgValue_176" to="specinterface_ln0" fromId="176" toId="62">
</dataflow>
<dataflow id="514" from="empty_20" to="specinterface_ln0" fromId="179" toId="62">
</dataflow>
<dataflow id="515" from="empty_20" to="specinterface_ln0" fromId="179" toId="62">
</dataflow>
<dataflow id="516" from="StgValue_192" to="specinterface_ln0" fromId="192" toId="62">
</dataflow>
<dataflow id="517" from="StgValue_176" to="specinterface_ln0" fromId="176" toId="62">
</dataflow>
<dataflow id="518" from="_ssdm_op_SpecInterface" to="specinterface_ln0" fromId="171" toId="63">
</dataflow>
<dataflow id="519" from="ALU_operation" to="specinterface_ln0" fromId="96" toId="63">
</dataflow>
<dataflow id="520" from="empty_16" to="specinterface_ln0" fromId="174" toId="63">
</dataflow>
<dataflow id="521" from="StgValue_176" to="specinterface_ln0" fromId="176" toId="63">
</dataflow>
<dataflow id="522" from="StgValue_176" to="specinterface_ln0" fromId="176" toId="63">
</dataflow>
<dataflow id="523" from="empty_20" to="specinterface_ln0" fromId="179" toId="63">
</dataflow>
<dataflow id="524" from="StgValue_176" to="specinterface_ln0" fromId="176" toId="63">
</dataflow>
<dataflow id="525" from="StgValue_176" to="specinterface_ln0" fromId="176" toId="63">
</dataflow>
<dataflow id="526" from="empty_20" to="specinterface_ln0" fromId="179" toId="63">
</dataflow>
<dataflow id="527" from="empty_20" to="specinterface_ln0" fromId="179" toId="63">
</dataflow>
<dataflow id="528" from="empty_20" to="specinterface_ln0" fromId="179" toId="63">
</dataflow>
<dataflow id="529" from="StgValue_176" to="specinterface_ln0" fromId="176" toId="63">
</dataflow>
<dataflow id="530" from="StgValue_176" to="specinterface_ln0" fromId="176" toId="63">
</dataflow>
<dataflow id="531" from="StgValue_176" to="specinterface_ln0" fromId="176" toId="63">
</dataflow>
<dataflow id="532" from="StgValue_176" to="specinterface_ln0" fromId="176" toId="63">
</dataflow>
<dataflow id="533" from="empty_20" to="specinterface_ln0" fromId="179" toId="63">
</dataflow>
<dataflow id="534" from="empty_20" to="specinterface_ln0" fromId="179" toId="63">
</dataflow>
<dataflow id="535" from="StgValue_192" to="specinterface_ln0" fromId="192" toId="63">
</dataflow>
<dataflow id="536" from="StgValue_176" to="specinterface_ln0" fromId="176" toId="63">
</dataflow>
<dataflow id="537" from="_ssdm_op_SpecInterface" to="specinterface_ln0" fromId="171" toId="64">
</dataflow>
<dataflow id="538" from="gmem3" to="specinterface_ln0" fromId="91" toId="64">
</dataflow>
<dataflow id="540" from="empty_19" to="specinterface_ln0" fromId="539" toId="64">
</dataflow>
<dataflow id="541" from="StgValue_176" to="specinterface_ln0" fromId="176" toId="64">
</dataflow>
<dataflow id="542" from="StgValue_176" to="specinterface_ln0" fromId="176" toId="64">
</dataflow>
<dataflow id="543" from="empty_20" to="specinterface_ln0" fromId="179" toId="64">
</dataflow>
<dataflow id="544" from="StgValue_176" to="specinterface_ln0" fromId="176" toId="64">
</dataflow>
<dataflow id="546" from="StgValue_545" to="specinterface_ln0" fromId="545" toId="64">
</dataflow>
<dataflow id="548" from="empty_25" to="specinterface_ln0" fromId="547" toId="64">
</dataflow>
<dataflow id="550" from="empty_22" to="specinterface_ln0" fromId="549" toId="64">
</dataflow>
<dataflow id="551" from="empty_20" to="specinterface_ln0" fromId="179" toId="64">
</dataflow>
<dataflow id="553" from="StgValue_552" to="specinterface_ln0" fromId="552" toId="64">
</dataflow>
<dataflow id="554" from="StgValue_552" to="specinterface_ln0" fromId="552" toId="64">
</dataflow>
<dataflow id="555" from="StgValue_552" to="specinterface_ln0" fromId="552" toId="64">
</dataflow>
<dataflow id="556" from="StgValue_552" to="specinterface_ln0" fromId="552" toId="64">
</dataflow>
<dataflow id="557" from="empty_20" to="specinterface_ln0" fromId="179" toId="64">
</dataflow>
<dataflow id="558" from="empty_20" to="specinterface_ln0" fromId="179" toId="64">
</dataflow>
<dataflow id="559" from="StgValue_192" to="specinterface_ln0" fromId="192" toId="64">
</dataflow>
<dataflow id="560" from="StgValue_176" to="specinterface_ln0" fromId="176" toId="64">
</dataflow>
<dataflow id="561" from="_ssdm_op_SpecInterface" to="specinterface_ln0" fromId="171" toId="65">
</dataflow>
<dataflow id="562" from="gmem2" to="specinterface_ln0" fromId="93" toId="65">
</dataflow>
<dataflow id="563" from="empty_19" to="specinterface_ln0" fromId="539" toId="65">
</dataflow>
<dataflow id="564" from="StgValue_176" to="specinterface_ln0" fromId="176" toId="65">
</dataflow>
<dataflow id="565" from="StgValue_176" to="specinterface_ln0" fromId="176" toId="65">
</dataflow>
<dataflow id="566" from="empty_20" to="specinterface_ln0" fromId="179" toId="65">
</dataflow>
<dataflow id="567" from="StgValue_176" to="specinterface_ln0" fromId="176" toId="65">
</dataflow>
<dataflow id="568" from="StgValue_545" to="specinterface_ln0" fromId="545" toId="65">
</dataflow>
<dataflow id="570" from="empty_24" to="specinterface_ln0" fromId="569" toId="65">
</dataflow>
<dataflow id="571" from="empty_22" to="specinterface_ln0" fromId="549" toId="65">
</dataflow>
<dataflow id="572" from="empty_20" to="specinterface_ln0" fromId="179" toId="65">
</dataflow>
<dataflow id="573" from="StgValue_552" to="specinterface_ln0" fromId="552" toId="65">
</dataflow>
<dataflow id="574" from="StgValue_552" to="specinterface_ln0" fromId="552" toId="65">
</dataflow>
<dataflow id="575" from="StgValue_552" to="specinterface_ln0" fromId="552" toId="65">
</dataflow>
<dataflow id="576" from="StgValue_552" to="specinterface_ln0" fromId="552" toId="65">
</dataflow>
<dataflow id="577" from="empty_20" to="specinterface_ln0" fromId="179" toId="65">
</dataflow>
<dataflow id="578" from="empty_20" to="specinterface_ln0" fromId="179" toId="65">
</dataflow>
<dataflow id="579" from="StgValue_192" to="specinterface_ln0" fromId="192" toId="65">
</dataflow>
<dataflow id="580" from="StgValue_176" to="specinterface_ln0" fromId="176" toId="65">
</dataflow>
<dataflow id="581" from="_ssdm_op_SpecInterface" to="specinterface_ln0" fromId="171" toId="66">
</dataflow>
<dataflow id="582" from="gmem1" to="specinterface_ln0" fromId="89" toId="66">
</dataflow>
<dataflow id="583" from="empty_19" to="specinterface_ln0" fromId="539" toId="66">
</dataflow>
<dataflow id="584" from="StgValue_176" to="specinterface_ln0" fromId="176" toId="66">
</dataflow>
<dataflow id="585" from="StgValue_176" to="specinterface_ln0" fromId="176" toId="66">
</dataflow>
<dataflow id="586" from="empty_20" to="specinterface_ln0" fromId="179" toId="66">
</dataflow>
<dataflow id="587" from="StgValue_176" to="specinterface_ln0" fromId="176" toId="66">
</dataflow>
<dataflow id="588" from="StgValue_545" to="specinterface_ln0" fromId="545" toId="66">
</dataflow>
<dataflow id="590" from="empty_23" to="specinterface_ln0" fromId="589" toId="66">
</dataflow>
<dataflow id="591" from="empty_22" to="specinterface_ln0" fromId="549" toId="66">
</dataflow>
<dataflow id="592" from="empty_20" to="specinterface_ln0" fromId="179" toId="66">
</dataflow>
<dataflow id="593" from="StgValue_552" to="specinterface_ln0" fromId="552" toId="66">
</dataflow>
<dataflow id="594" from="StgValue_552" to="specinterface_ln0" fromId="552" toId="66">
</dataflow>
<dataflow id="595" from="StgValue_552" to="specinterface_ln0" fromId="552" toId="66">
</dataflow>
<dataflow id="596" from="StgValue_552" to="specinterface_ln0" fromId="552" toId="66">
</dataflow>
<dataflow id="597" from="empty_20" to="specinterface_ln0" fromId="179" toId="66">
</dataflow>
<dataflow id="598" from="empty_20" to="specinterface_ln0" fromId="179" toId="66">
</dataflow>
<dataflow id="599" from="StgValue_192" to="specinterface_ln0" fromId="192" toId="66">
</dataflow>
<dataflow id="600" from="StgValue_176" to="specinterface_ln0" fromId="176" toId="66">
</dataflow>
<dataflow id="601" from="_ssdm_op_SpecInterface" to="specinterface_ln0" fromId="171" toId="67">
</dataflow>
<dataflow id="602" from="gmem0" to="specinterface_ln0" fromId="87" toId="67">
</dataflow>
<dataflow id="603" from="empty_19" to="specinterface_ln0" fromId="539" toId="67">
</dataflow>
<dataflow id="604" from="StgValue_176" to="specinterface_ln0" fromId="176" toId="67">
</dataflow>
<dataflow id="605" from="StgValue_176" to="specinterface_ln0" fromId="176" toId="67">
</dataflow>
<dataflow id="606" from="empty_20" to="specinterface_ln0" fromId="179" toId="67">
</dataflow>
<dataflow id="607" from="StgValue_176" to="specinterface_ln0" fromId="176" toId="67">
</dataflow>
<dataflow id="608" from="StgValue_545" to="specinterface_ln0" fromId="545" toId="67">
</dataflow>
<dataflow id="610" from="empty_21" to="specinterface_ln0" fromId="609" toId="67">
</dataflow>
<dataflow id="611" from="empty_22" to="specinterface_ln0" fromId="549" toId="67">
</dataflow>
<dataflow id="612" from="empty_20" to="specinterface_ln0" fromId="179" toId="67">
</dataflow>
<dataflow id="613" from="StgValue_552" to="specinterface_ln0" fromId="552" toId="67">
</dataflow>
<dataflow id="614" from="StgValue_552" to="specinterface_ln0" fromId="552" toId="67">
</dataflow>
<dataflow id="615" from="StgValue_552" to="specinterface_ln0" fromId="552" toId="67">
</dataflow>
<dataflow id="616" from="StgValue_552" to="specinterface_ln0" fromId="552" toId="67">
</dataflow>
<dataflow id="617" from="empty_20" to="specinterface_ln0" fromId="179" toId="67">
</dataflow>
<dataflow id="618" from="empty_20" to="specinterface_ln0" fromId="179" toId="67">
</dataflow>
<dataflow id="619" from="StgValue_192" to="specinterface_ln0" fromId="192" toId="67">
</dataflow>
<dataflow id="620" from="StgValue_176" to="specinterface_ln0" fromId="176" toId="67">
</dataflow>
<dataflow id="621" from="op_data_exe_wb_Pipeline_write_back" to="call_ln81" fromId="166" toId="68">
</dataflow>
<dataflow id="622" from="c_read" to="call_ln81" fromId="19" toId="68">
</dataflow>
<dataflow id="623" from="gmem2" to="call_ln81" fromId="93" toId="68">
</dataflow>
<dataflow id="624" from="data_result" to="call_ln81" fromId="99" toId="68">
</dataflow>
</dataflows>


</stg>
