<stg><name>op_data_exe_wb</name>


<trans_list>

<trans id="70" from="1" to="2">
<condition id="-1">
<or_exp><and_exp></and_exp></or_exp>
</condition>
</trans>

<trans id="71" from="2" to="3">
<condition id="-1">
<or_exp><and_exp></and_exp></or_exp>
</condition>
</trans>

<trans id="72" from="3" to="4">
<condition id="-1">
<or_exp><and_exp></and_exp></or_exp>
</condition>
</trans>

<trans id="73" from="4" to="5">
<condition id="-1">
<or_exp><and_exp></and_exp></or_exp>
</condition>
</trans>

<trans id="74" from="5" to="6">
<condition id="-1">
<or_exp><and_exp></and_exp></or_exp>
</condition>
</trans>

<trans id="75" from="6" to="7">
<condition id="-1">
<or_exp><and_exp></and_exp></or_exp>
</condition>
</trans>

<trans id="76" from="7" to="8">
<condition id="-1">
<or_exp><and_exp></and_exp></or_exp>
</condition>
</trans>

<trans id="77" from="8" to="9">
<condition id="-1">
<or_exp><and_exp></and_exp></or_exp>
</condition>
</trans>

<trans id="78" from="9" to="10">
<condition id="-1">
<or_exp><and_exp></and_exp></or_exp>
</condition>
</trans>

<trans id="79" from="10" to="11">
<condition id="-1">
<or_exp><and_exp></and_exp></or_exp>
</condition>
</trans>

<trans id="80" from="11" to="12">
<condition id="-1">
<or_exp><and_exp></and_exp></or_exp>
</condition>
</trans>

<trans id="81" from="12" to="13">
<condition id="-1">
<or_exp><and_exp></and_exp></or_exp>
</condition>
</trans>

<trans id="82" from="13" to="14">
<condition id="-1">
<or_exp><and_exp></and_exp></or_exp>
</condition>
</trans>

<trans id="83" from="14" to="15">
<condition id="-1">
<or_exp><and_exp></and_exp></or_exp>
</condition>
</trans>

<trans id="84" from="15" to="16">
<condition id="-1">
<or_exp><and_exp></and_exp></or_exp>
</condition>
</trans>

<trans id="85" from="16" to="17">
<condition id="-1">
<or_exp><and_exp></and_exp></or_exp>
</condition>
</trans>

<trans id="86" from="17" to="18">
<condition id="-1">
<or_exp><and_exp></and_exp></or_exp>
</condition>
</trans>
</trans_list>



<state_list>

<state id="1" st_id="1">

<operation id="19" st_id="1" stage="1" lat="1">
<core>NULL</core>
<MemPortIdVec></MemPortIdVec>
<condition id="-1">
<or_exp><and_exp></and_exp></or_exp>
</condition>

<Node id="37" bw="64" op_0_bw="64" op_1_bw="64">
<![CDATA[
entry:23 %c_read = read i64 @_ssdm_op_Read.ap_auto.i64, i64 %c

]]></Node>
<StgValue><ssdm name="c_read"/></StgValue>
</operation>

<operation id="20" st_id="1" stage="1" lat="1">
<core>NULL</core>
<MemPortIdVec></MemPortIdVec>
<condition id="-1">
<or_exp><and_exp></and_exp></or_exp>
</condition>

<Node id="38" bw="64" op_0_bw="64" op_1_bw="64">
<![CDATA[
entry:24 %op_read = read i64 @_ssdm_op_Read.ap_auto.i64, i64 %op

]]></Node>
<StgValue><ssdm name="op_read"/></StgValue>
</operation>

<operation id="21" st_id="1" stage="1" lat="1">
<core>NULL</core>
<MemPortIdVec></MemPortIdVec>
<condition id="-1">
<or_exp><and_exp></and_exp></or_exp>
</condition>

<Node id="39" bw="64" op_0_bw="64" op_1_bw="64">
<![CDATA[
entry:25 %b_read = read i64 @_ssdm_op_Read.ap_auto.i64, i64 %b

]]></Node>
<StgValue><ssdm name="b_read"/></StgValue>
</operation>

<operation id="22" st_id="1" stage="1" lat="1">
<core>NULL</core>
<MemPortIdVec></MemPortIdVec>
<condition id="-1">
<or_exp><and_exp></and_exp></or_exp>
</condition>

<Node id="40" bw="64" op_0_bw="64" op_1_bw="64">
<![CDATA[
entry:26 %a_read = read i64 @_ssdm_op_Read.ap_auto.i64, i64 %a

]]></Node>
<StgValue><ssdm name="a_read"/></StgValue>
</operation>
</state>

<state id="2" st_id="2">

<operation id="23" st_id="2" stage="1" lat="1">
<core>NULL</core>
<MemPortIdVec></MemPortIdVec>
<condition id="-1">
<or_exp><and_exp></and_exp></or_exp>
</condition>

<Node id="41" bw="32" op_0_bw="32" op_1_bw="0" op_2_bw="0" op_3_bw="0" op_4_bw="0">
<![CDATA[
entry:27 %empty = wait i32 @_ssdm_op_Wait

]]></Node>
<StgValue><ssdm name="empty"/></StgValue>
</operation>

<operation id="24" st_id="2" stage="2" lat="2">
<core></core>
<MemPortIdVec></MemPortIdVec>
<condition id="-1">
<or_exp><and_exp></and_exp></or_exp>
</condition>

<Node id="42" bw="0" op_0_bw="0" op_1_bw="64" op_2_bw="32" op_3_bw="32" op_4_bw="0">
<![CDATA[
entry:28 %call_ln81 = call void @op_data_exe_wb_Pipeline_l_operation, i64 %op_read, i32 %gmem3, i32 %ALU_operation

]]></Node>
<StgValue><ssdm name="call_ln81"/></StgValue>
</operation>
</state>

<state id="3" st_id="3">

<operation id="25" st_id="3" stage="1" lat="2">
<core></core>
<MemPortIdVec></MemPortIdVec>
<condition id="-1">
<or_exp><and_exp></and_exp></or_exp>
</condition>

<Node id="42" bw="0" op_0_bw="0" op_1_bw="64" op_2_bw="32" op_3_bw="32" op_4_bw="0">
<![CDATA[
entry:28 %call_ln81 = call void @op_data_exe_wb_Pipeline_l_operation, i64 %op_read, i32 %gmem3, i32 %ALU_operation

]]></Node>
<StgValue><ssdm name="call_ln81"/></StgValue>
</operation>
</state>

<state id="4" st_id="4">

<operation id="26" st_id="4" stage="1" lat="1">
<core>NULL</core>
<MemPortIdVec></MemPortIdVec>
<condition id="-1">
<or_exp><and_exp></and_exp></or_exp>
</condition>

<Node id="43" bw="32" op_0_bw="32" op_1_bw="0" op_2_bw="0">
<![CDATA[
entry:29 %empty_39 = wait i32 @_ssdm_op_Wait

]]></Node>
<StgValue><ssdm name="empty_39"/></StgValue>
</operation>
</state>

<state id="5" st_id="5">

<operation id="27" st_id="5" stage="1" lat="1">
<core>NULL</core>
<MemPortIdVec></MemPortIdVec>
<condition id="-1">
<or_exp><and_exp></and_exp></or_exp>
</condition>

<Node id="44" bw="32" op_0_bw="32" op_1_bw="0">
<![CDATA[
entry:30 %empty_40 = wait i32 @_ssdm_op_Wait

]]></Node>
<StgValue><ssdm name="empty_40"/></StgValue>
</operation>

<operation id="28" st_id="5" stage="2" lat="2">
<core></core>
<MemPortIdVec></MemPortIdVec>
<condition id="-1">
<or_exp><and_exp></and_exp></or_exp>
</condition>

<Node id="45" bw="0" op_0_bw="0" op_1_bw="64" op_2_bw="32" op_3_bw="32" op_4_bw="0">
<![CDATA[
entry:31 %call_ln81 = call void @op_data_exe_wb_Pipeline_l_data_a, i64 %a_read, i32 %gmem0, i32 %data_a

]]></Node>
<StgValue><ssdm name="call_ln81"/></StgValue>
</operation>
</state>

<state id="6" st_id="6">

<operation id="29" st_id="6" stage="1" lat="2">
<core></core>
<MemPortIdVec></MemPortIdVec>
<condition id="-1">
<or_exp><and_exp></and_exp></or_exp>
</condition>

<Node id="45" bw="0" op_0_bw="0" op_1_bw="64" op_2_bw="32" op_3_bw="32" op_4_bw="0">
<![CDATA[
entry:31 %call_ln81 = call void @op_data_exe_wb_Pipeline_l_data_a, i64 %a_read, i32 %gmem0, i32 %data_a

]]></Node>
<StgValue><ssdm name="call_ln81"/></StgValue>
</operation>
</state>

<state id="7" st_id="7">

<operation id="30" st_id="7" stage="1" lat="1">
<core>NULL</core>
<MemPortIdVec></MemPortIdVec>
<condition id="-1">
<or_exp><and_exp></and_exp></or_exp>
</condition>

<Node id="46" bw="32" op_0_bw="32" op_1_bw="0" op_2_bw="0">
<![CDATA[
entry:32 %empty_41 = wait i32 @_ssdm_op_Wait

]]></Node>
<StgValue><ssdm name="empty_41"/></StgValue>
</operation>
</state>

<state id="8" st_id="8">

<operation id="31" st_id="8" stage="1" lat="1">
<core>NULL</core>
<MemPortIdVec></MemPortIdVec>
<condition id="-1">
<or_exp><and_exp></and_exp></or_exp>
</condition>

<Node id="47" bw="32" op_0_bw="32" op_1_bw="0">
<![CDATA[
entry:33 %empty_42 = wait i32 @_ssdm_op_Wait

]]></Node>
<StgValue><ssdm name="empty_42"/></StgValue>
</operation>

<operation id="32" st_id="8" stage="2" lat="2">
<core></core>
<MemPortIdVec></MemPortIdVec>
<condition id="-1">
<or_exp><and_exp></and_exp></or_exp>
</condition>

<Node id="48" bw="0" op_0_bw="0" op_1_bw="64" op_2_bw="32" op_3_bw="32" op_4_bw="0">
<![CDATA[
entry:34 %call_ln81 = call void @op_data_exe_wb_Pipeline_l_data_b, i64 %b_read, i32 %gmem1, i32 %data_b

]]></Node>
<StgValue><ssdm name="call_ln81"/></StgValue>
</operation>
</state>

<state id="9" st_id="9">

<operation id="33" st_id="9" stage="1" lat="2">
<core></core>
<MemPortIdVec></MemPortIdVec>
<condition id="-1">
<or_exp><and_exp></and_exp></or_exp>
</condition>

<Node id="48" bw="0" op_0_bw="0" op_1_bw="64" op_2_bw="32" op_3_bw="32" op_4_bw="0">
<![CDATA[
entry:34 %call_ln81 = call void @op_data_exe_wb_Pipeline_l_data_b, i64 %b_read, i32 %gmem1, i32 %data_b

]]></Node>
<StgValue><ssdm name="call_ln81"/></StgValue>
</operation>
</state>

<state id="10" st_id="10">

<operation id="34" st_id="10" stage="1" lat="1">
<core>NULL</core>
<MemPortIdVec></MemPortIdVec>
<condition id="-1">
<or_exp><and_exp></and_exp></or_exp>
</condition>

<Node id="49" bw="32" op_0_bw="32" op_1_bw="0" op_2_bw="0">
<![CDATA[
entry:35 %empty_43 = wait i32 @_ssdm_op_Wait

]]></Node>
<StgValue><ssdm name="empty_43"/></StgValue>
</operation>
</state>

<state id="11" st_id="11">

<operation id="35" st_id="11" stage="1" lat="1">
<core>NULL</core>
<MemPortIdVec></MemPortIdVec>
<condition id="-1">
<or_exp><and_exp></and_exp></or_exp>
</condition>

<Node id="50" bw="32" op_0_bw="32" op_1_bw="0">
<![CDATA[
entry:36 %empty_44 = wait i32 @_ssdm_op_Wait

]]></Node>
<StgValue><ssdm name="empty_44"/></StgValue>
</operation>

<operation id="36" st_id="11" stage="2" lat="2">
<core></core>
<MemPortIdVec></MemPortIdVec>
<condition id="-1">
<or_exp><and_exp></and_exp></or_exp>
</condition>

<Node id="51" bw="0" op_0_bw="0" op_1_bw="32" op_2_bw="32" op_3_bw="0" op_4_bw="0" op_5_bw="0">
<![CDATA[
entry:37 %call_ln0 = call void @op_data_exe_wb_Pipeline_s_operation_data_op, i32 %ALU_operation_MEM, i32 %ALU_operation

]]></Node>
<StgValue><ssdm name="call_ln0"/></StgValue>
</operation>
</state>

<state id="12" st_id="12">

<operation id="37" st_id="12" stage="1" lat="2">
<core></core>
<MemPortIdVec></MemPortIdVec>
<condition id="-1">
<or_exp><and_exp></and_exp></or_exp>
</condition>

<Node id="51" bw="0" op_0_bw="0" op_1_bw="32" op_2_bw="32" op_3_bw="0" op_4_bw="0" op_5_bw="0">
<![CDATA[
entry:37 %call_ln0 = call void @op_data_exe_wb_Pipeline_s_operation_data_op, i32 %ALU_operation_MEM, i32 %ALU_operation

]]></Node>
<StgValue><ssdm name="call_ln0"/></StgValue>
</operation>
</state>

<state id="13" st_id="13">

<operation id="38" st_id="13" stage="1" lat="1">
<core>NULL</core>
<MemPortIdVec></MemPortIdVec>
<condition id="-1">
<or_exp><and_exp></and_exp></or_exp>
</condition>

<Node id="52" bw="32" op_0_bw="32" op_1_bw="0" op_2_bw="0">
<![CDATA[
entry:38 %empty_45 = wait i32 @_ssdm_op_Wait

]]></Node>
<StgValue><ssdm name="empty_45"/></StgValue>
</operation>
</state>

<state id="14" st_id="14">

<operation id="39" st_id="14" stage="1" lat="1">
<core>NULL</core>
<MemPortIdVec></MemPortIdVec>
<condition id="-1">
<or_exp><and_exp></and_exp></or_exp>
</condition>

<Node id="53" bw="32" op_0_bw="32" op_1_bw="0">
<![CDATA[
entry:39 %empty_46 = wait i32 @_ssdm_op_Wait

]]></Node>
<StgValue><ssdm name="empty_46"/></StgValue>
</operation>

<operation id="40" st_id="14" stage="2" lat="2">
<core></core>
<MemPortIdVec></MemPortIdVec>
<condition id="-1">
<or_exp><and_exp></and_exp></or_exp>
</condition>

<Node id="54" bw="0" op_0_bw="0" op_1_bw="32" op_2_bw="32" op_3_bw="32" op_4_bw="32" op_5_bw="0" op_6_bw="0" op_7_bw="0" op_8_bw="0" op_9_bw="0">
<![CDATA[
entry:40 %call_ln0 = call void @op_data_exe_wb_Pipeline_exe, i32 %ALU_operation_MEM, i32 %data_result, i32 %data_a, i32 %data_b

]]></Node>
<StgValue><ssdm name="call_ln0"/></StgValue>
</operation>
</state>

<state id="15" st_id="15">

<operation id="41" st_id="15" stage="1" lat="2">
<core></core>
<MemPortIdVec></MemPortIdVec>
<condition id="-1">
<or_exp><and_exp></and_exp></or_exp>
</condition>

<Node id="54" bw="0" op_0_bw="0" op_1_bw="32" op_2_bw="32" op_3_bw="32" op_4_bw="32" op_5_bw="0" op_6_bw="0" op_7_bw="0" op_8_bw="0" op_9_bw="0">
<![CDATA[
entry:40 %call_ln0 = call void @op_data_exe_wb_Pipeline_exe, i32 %ALU_operation_MEM, i32 %data_result, i32 %data_a, i32 %data_b

]]></Node>
<StgValue><ssdm name="call_ln0"/></StgValue>
</operation>
</state>

<state id="16" st_id="16">

<operation id="42" st_id="16" stage="1" lat="1">
<core>NULL</core>
<MemPortIdVec></MemPortIdVec>
<condition id="-1">
<or_exp><and_exp></and_exp></or_exp>
</condition>

<Node id="55" bw="32" op_0_bw="32" op_1_bw="0" op_2_bw="0">
<![CDATA[
entry:41 %empty_47 = wait i32 @_ssdm_op_Wait

]]></Node>
<StgValue><ssdm name="empty_47"/></StgValue>
</operation>
</state>

<state id="17" st_id="17">

<operation id="43" st_id="17" stage="1" lat="1">
<core>NULL</core>
<MemPortIdVec></MemPortIdVec>
<condition id="-1">
<or_exp><and_exp></and_exp></or_exp>
</condition>

<Node id="56" bw="32" op_0_bw="32" op_1_bw="0">
<![CDATA[
entry:42 %empty_48 = wait i32 @_ssdm_op_Wait

]]></Node>
<StgValue><ssdm name="empty_48"/></StgValue>
</operation>

<operation id="44" st_id="17" stage="2" lat="2">
<core></core>
<MemPortIdVec></MemPortIdVec>
<condition id="-1">
<or_exp><and_exp></and_exp></or_exp>
</condition>

<Node id="57" bw="0" op_0_bw="0" op_1_bw="64" op_2_bw="32" op_3_bw="32" op_4_bw="0" op_5_bw="0" op_6_bw="0">
<![CDATA[
entry:43 %call_ln81 = call void @op_data_exe_wb_Pipeline_write_back, i64 %c_read, i32 %gmem2, i32 %data_result

]]></Node>
<StgValue><ssdm name="call_ln81"/></StgValue>
</operation>
</state>

<state id="18" st_id="18">

<operation id="45" st_id="18" stage="1" lat="1">
<core>NULL</core>
<MemPortIdVec></MemPortIdVec>
<condition id="-1">
<or_exp><and_exp></and_exp></or_exp>
</condition>

<Node id="14" bw="0" op_0_bw="0" op_1_bw="32" op_2_bw="0" op_3_bw="32" op_4_bw="32" op_5_bw="0" op_6_bw="32" op_7_bw="32" op_8_bw="0" op_9_bw="0" op_10_bw="0" op_11_bw="32" op_12_bw="32" op_13_bw="32" op_14_bw="32" op_15_bw="0" op_16_bw="0" op_17_bw="32" op_18_bw="32">
<![CDATA[
entry:0 %specinterface_ln0 = specinterface void @_ssdm_op_SpecInterface, i32 %ALU_operation, void @empty_16, i32 0, i32 0, void @empty_20, i32 0, i32 0, void @empty_20, void @empty_20, void @empty_20, i32 0, i32 0, i32 0, i32 0, void @empty_20, void @empty_20, i32 4294967295, i32 0

]]></Node>
<StgValue><ssdm name="specinterface_ln0"/></StgValue>
</operation>

<operation id="46" st_id="18" stage="1" lat="1">
<core>NULL</core>
<MemPortIdVec></MemPortIdVec>
<condition id="-1">
<or_exp><and_exp></and_exp></or_exp>
</condition>

<Node id="15" bw="0" op_0_bw="0" op_1_bw="32" op_2_bw="0" op_3_bw="32" op_4_bw="32" op_5_bw="0" op_6_bw="32" op_7_bw="32" op_8_bw="0" op_9_bw="0" op_10_bw="0" op_11_bw="32" op_12_bw="32" op_13_bw="32" op_14_bw="32" op_15_bw="0" op_16_bw="0" op_17_bw="32" op_18_bw="32">
<![CDATA[
entry:1 %specinterface_ln0 = specinterface void @_ssdm_op_SpecInterface, i32 %ALU_operation, void @empty_16, i32 0, i32 0, void @empty_20, i32 0, i32 0, void @empty_20, void @empty_20, void @empty_20, i32 0, i32 0, i32 0, i32 0, void @empty_20, void @empty_20, i32 4294967295, i32 0

]]></Node>
<StgValue><ssdm name="specinterface_ln0"/></StgValue>
</operation>

<operation id="47" st_id="18" stage="1" lat="1">
<core>NULL</core>
<MemPortIdVec></MemPortIdVec>
<condition id="-1">
<or_exp><and_exp></and_exp></or_exp>
</condition>

<Node id="16" bw="0" op_0_bw="0" op_1_bw="32" op_2_bw="0" op_3_bw="32" op_4_bw="32" op_5_bw="0" op_6_bw="32" op_7_bw="32" op_8_bw="0" op_9_bw="0" op_10_bw="0" op_11_bw="32" op_12_bw="32" op_13_bw="32" op_14_bw="32" op_15_bw="0" op_16_bw="0" op_17_bw="32" op_18_bw="32">
<![CDATA[
entry:2 %specinterface_ln0 = specinterface void @_ssdm_op_SpecInterface, i32 %ALU_operation, void @empty_16, i32 0, i32 0, void @empty_20, i32 0, i32 0, void @empty_20, void @empty_20, void @empty_20, i32 0, i32 0, i32 0, i32 0, void @empty_20, void @empty_20, i32 4294967295, i32 0

]]></Node>
<StgValue><ssdm name="specinterface_ln0"/></StgValue>
</operation>

<operation id="48" st_id="18" stage="1" lat="1">
<core>NULL</core>
<MemPortIdVec></MemPortIdVec>
<condition id="-1">
<or_exp><and_exp></and_exp></or_exp>
</condition>

<Node id="17" bw="0" op_0_bw="0" op_1_bw="32" op_2_bw="0" op_3_bw="32" op_4_bw="32" op_5_bw="0" op_6_bw="32" op_7_bw="32" op_8_bw="0" op_9_bw="0" op_10_bw="0" op_11_bw="32" op_12_bw="32" op_13_bw="32" op_14_bw="32" op_15_bw="0" op_16_bw="0" op_17_bw="32" op_18_bw="32">
<![CDATA[
entry:3 %specinterface_ln0 = specinterface void @_ssdm_op_SpecInterface, i32 %ALU_operation, void @empty_16, i32 0, i32 0, void @empty_20, i32 0, i32 0, void @empty_20, void @empty_20, void @empty_20, i32 0, i32 0, i32 0, i32 0, void @empty_20, void @empty_20, i32 4294967295, i32 0

]]></Node>
<StgValue><ssdm name="specinterface_ln0"/></StgValue>
</operation>

<operation id="49" st_id="18" stage="1" lat="1">
<core>NULL</core>
<MemPortIdVec></MemPortIdVec>
<condition id="-1">
<or_exp><and_exp></and_exp></or_exp>
</condition>

<Node id="18" bw="0" op_0_bw="0" op_1_bw="32" op_2_bw="0" op_3_bw="32" op_4_bw="32" op_5_bw="0" op_6_bw="32" op_7_bw="32" op_8_bw="0" op_9_bw="0" op_10_bw="0" op_11_bw="32" op_12_bw="32" op_13_bw="32" op_14_bw="32" op_15_bw="0" op_16_bw="0" op_17_bw="32" op_18_bw="32">
<![CDATA[
entry:4 %specinterface_ln0 = specinterface void @_ssdm_op_SpecInterface, i32 %data_a, void @empty_16, i32 0, i32 0, void @empty_20, i32 0, i32 0, void @empty_20, void @empty_20, void @empty_20, i32 0, i32 0, i32 0, i32 0, void @empty_20, void @empty_20, i32 4294967295, i32 0

]]></Node>
<StgValue><ssdm name="specinterface_ln0"/></StgValue>
</operation>

<operation id="50" st_id="18" stage="1" lat="1">
<core>NULL</core>
<MemPortIdVec></MemPortIdVec>
<condition id="-1">
<or_exp><and_exp></and_exp></or_exp>
</condition>

<Node id="19" bw="0" op_0_bw="0" op_1_bw="32" op_2_bw="0" op_3_bw="32" op_4_bw="32" op_5_bw="0" op_6_bw="32" op_7_bw="32" op_8_bw="0" op_9_bw="0" op_10_bw="0" op_11_bw="32" op_12_bw="32" op_13_bw="32" op_14_bw="32" op_15_bw="0" op_16_bw="0" op_17_bw="32" op_18_bw="32">
<![CDATA[
entry:5 %specinterface_ln0 = specinterface void @_ssdm_op_SpecInterface, i32 %data_a, void @empty_16, i32 0, i32 0, void @empty_20, i32 0, i32 0, void @empty_20, void @empty_20, void @empty_20, i32 0, i32 0, i32 0, i32 0, void @empty_20, void @empty_20, i32 4294967295, i32 0

]]></Node>
<StgValue><ssdm name="specinterface_ln0"/></StgValue>
</operation>

<operation id="51" st_id="18" stage="1" lat="1">
<core>NULL</core>
<MemPortIdVec></MemPortIdVec>
<condition id="-1">
<or_exp><and_exp></and_exp></or_exp>
</condition>

<Node id="20" bw="0" op_0_bw="0" op_1_bw="32" op_2_bw="0" op_3_bw="32" op_4_bw="32" op_5_bw="0" op_6_bw="32" op_7_bw="32" op_8_bw="0" op_9_bw="0" op_10_bw="0" op_11_bw="32" op_12_bw="32" op_13_bw="32" op_14_bw="32" op_15_bw="0" op_16_bw="0" op_17_bw="32" op_18_bw="32">
<![CDATA[
entry:6 %specinterface_ln0 = specinterface void @_ssdm_op_SpecInterface, i32 %data_a, void @empty_16, i32 0, i32 0, void @empty_20, i32 0, i32 0, void @empty_20, void @empty_20, void @empty_20, i32 0, i32 0, i32 0, i32 0, void @empty_20, void @empty_20, i32 4294967295, i32 0

]]></Node>
<StgValue><ssdm name="specinterface_ln0"/></StgValue>
</operation>

<operation id="52" st_id="18" stage="1" lat="1">
<core>NULL</core>
<MemPortIdVec></MemPortIdVec>
<condition id="-1">
<or_exp><and_exp></and_exp></or_exp>
</condition>

<Node id="21" bw="0" op_0_bw="0" op_1_bw="32" op_2_bw="0" op_3_bw="32" op_4_bw="32" op_5_bw="0" op_6_bw="32" op_7_bw="32" op_8_bw="0" op_9_bw="0" op_10_bw="0" op_11_bw="32" op_12_bw="32" op_13_bw="32" op_14_bw="32" op_15_bw="0" op_16_bw="0" op_17_bw="32" op_18_bw="32">
<![CDATA[
entry:7 %specinterface_ln0 = specinterface void @_ssdm_op_SpecInterface, i32 %data_a, void @empty_16, i32 0, i32 0, void @empty_20, i32 0, i32 0, void @empty_20, void @empty_20, void @empty_20, i32 0, i32 0, i32 0, i32 0, void @empty_20, void @empty_20, i32 4294967295, i32 0

]]></Node>
<StgValue><ssdm name="specinterface_ln0"/></StgValue>
</operation>

<operation id="53" st_id="18" stage="1" lat="1">
<core>NULL</core>
<MemPortIdVec></MemPortIdVec>
<condition id="-1">
<or_exp><and_exp></and_exp></or_exp>
</condition>

<Node id="22" bw="0" op_0_bw="0" op_1_bw="32" op_2_bw="0" op_3_bw="32" op_4_bw="32" op_5_bw="0" op_6_bw="32" op_7_bw="32" op_8_bw="0" op_9_bw="0" op_10_bw="0" op_11_bw="32" op_12_bw="32" op_13_bw="32" op_14_bw="32" op_15_bw="0" op_16_bw="0" op_17_bw="32" op_18_bw="32">
<![CDATA[
entry:8 %specinterface_ln0 = specinterface void @_ssdm_op_SpecInterface, i32 %data_b, void @empty_16, i32 0, i32 0, void @empty_20, i32 0, i32 0, void @empty_20, void @empty_20, void @empty_20, i32 0, i32 0, i32 0, i32 0, void @empty_20, void @empty_20, i32 4294967295, i32 0

]]></Node>
<StgValue><ssdm name="specinterface_ln0"/></StgValue>
</operation>

<operation id="54" st_id="18" stage="1" lat="1">
<core>NULL</core>
<MemPortIdVec></MemPortIdVec>
<condition id="-1">
<or_exp><and_exp></and_exp></or_exp>
</condition>

<Node id="23" bw="0" op_0_bw="0" op_1_bw="32" op_2_bw="0" op_3_bw="32" op_4_bw="32" op_5_bw="0" op_6_bw="32" op_7_bw="32" op_8_bw="0" op_9_bw="0" op_10_bw="0" op_11_bw="32" op_12_bw="32" op_13_bw="32" op_14_bw="32" op_15_bw="0" op_16_bw="0" op_17_bw="32" op_18_bw="32">
<![CDATA[
entry:9 %specinterface_ln0 = specinterface void @_ssdm_op_SpecInterface, i32 %data_b, void @empty_16, i32 0, i32 0, void @empty_20, i32 0, i32 0, void @empty_20, void @empty_20, void @empty_20, i32 0, i32 0, i32 0, i32 0, void @empty_20, void @empty_20, i32 4294967295, i32 0

]]></Node>
<StgValue><ssdm name="specinterface_ln0"/></StgValue>
</operation>

<operation id="55" st_id="18" stage="1" lat="1">
<core>NULL</core>
<MemPortIdVec></MemPortIdVec>
<condition id="-1">
<or_exp><and_exp></and_exp></or_exp>
</condition>

<Node id="24" bw="0" op_0_bw="0" op_1_bw="32" op_2_bw="0" op_3_bw="32" op_4_bw="32" op_5_bw="0" op_6_bw="32" op_7_bw="32" op_8_bw="0" op_9_bw="0" op_10_bw="0" op_11_bw="32" op_12_bw="32" op_13_bw="32" op_14_bw="32" op_15_bw="0" op_16_bw="0" op_17_bw="32" op_18_bw="32">
<![CDATA[
entry:10 %specinterface_ln0 = specinterface void @_ssdm_op_SpecInterface, i32 %data_b, void @empty_16, i32 0, i32 0, void @empty_20, i32 0, i32 0, void @empty_20, void @empty_20, void @empty_20, i32 0, i32 0, i32 0, i32 0, void @empty_20, void @empty_20, i32 4294967295, i32 0

]]></Node>
<StgValue><ssdm name="specinterface_ln0"/></StgValue>
</operation>

<operation id="56" st_id="18" stage="1" lat="1">
<core>NULL</core>
<MemPortIdVec></MemPortIdVec>
<condition id="-1">
<or_exp><and_exp></and_exp></or_exp>
</condition>

<Node id="25" bw="0" op_0_bw="0" op_1_bw="32" op_2_bw="0" op_3_bw="32" op_4_bw="32" op_5_bw="0" op_6_bw="32" op_7_bw="32" op_8_bw="0" op_9_bw="0" op_10_bw="0" op_11_bw="32" op_12_bw="32" op_13_bw="32" op_14_bw="32" op_15_bw="0" op_16_bw="0" op_17_bw="32" op_18_bw="32">
<![CDATA[
entry:11 %specinterface_ln0 = specinterface void @_ssdm_op_SpecInterface, i32 %data_b, void @empty_16, i32 0, i32 0, void @empty_20, i32 0, i32 0, void @empty_20, void @empty_20, void @empty_20, i32 0, i32 0, i32 0, i32 0, void @empty_20, void @empty_20, i32 4294967295, i32 0

]]></Node>
<StgValue><ssdm name="specinterface_ln0"/></StgValue>
</operation>

<operation id="57" st_id="18" stage="1" lat="1">
<core>NULL</core>
<MemPortIdVec></MemPortIdVec>
<condition id="-1">
<or_exp><and_exp></and_exp></or_exp>
</condition>

<Node id="26" bw="0" op_0_bw="0" op_1_bw="32" op_2_bw="0" op_3_bw="32" op_4_bw="32" op_5_bw="0" op_6_bw="32" op_7_bw="32" op_8_bw="0" op_9_bw="0" op_10_bw="0" op_11_bw="32" op_12_bw="32" op_13_bw="32" op_14_bw="32" op_15_bw="0" op_16_bw="0" op_17_bw="32" op_18_bw="32">
<![CDATA[
entry:12 %specinterface_ln0 = specinterface void @_ssdm_op_SpecInterface, i32 %data_result, void @empty_16, i32 0, i32 0, void @empty_20, i32 0, i32 0, void @empty_20, void @empty_20, void @empty_20, i32 0, i32 0, i32 0, i32 0, void @empty_20, void @empty_20, i32 4294967295, i32 0

]]></Node>
<StgValue><ssdm name="specinterface_ln0"/></StgValue>
</operation>

<operation id="58" st_id="18" stage="1" lat="1">
<core>NULL</core>
<MemPortIdVec></MemPortIdVec>
<condition id="-1">
<or_exp><and_exp></and_exp></or_exp>
</condition>

<Node id="27" bw="0" op_0_bw="0" op_1_bw="32" op_2_bw="0" op_3_bw="32" op_4_bw="32" op_5_bw="0" op_6_bw="32" op_7_bw="32" op_8_bw="0" op_9_bw="0" op_10_bw="0" op_11_bw="32" op_12_bw="32" op_13_bw="32" op_14_bw="32" op_15_bw="0" op_16_bw="0" op_17_bw="32" op_18_bw="32">
<![CDATA[
entry:13 %specinterface_ln0 = specinterface void @_ssdm_op_SpecInterface, i32 %data_result, void @empty_16, i32 0, i32 0, void @empty_20, i32 0, i32 0, void @empty_20, void @empty_20, void @empty_20, i32 0, i32 0, i32 0, i32 0, void @empty_20, void @empty_20, i32 4294967295, i32 0

]]></Node>
<StgValue><ssdm name="specinterface_ln0"/></StgValue>
</operation>

<operation id="59" st_id="18" stage="1" lat="1">
<core>NULL</core>
<MemPortIdVec></MemPortIdVec>
<condition id="-1">
<or_exp><and_exp></and_exp></or_exp>
</condition>

<Node id="28" bw="0" op_0_bw="0" op_1_bw="32" op_2_bw="0" op_3_bw="32" op_4_bw="32" op_5_bw="0" op_6_bw="32" op_7_bw="32" op_8_bw="0" op_9_bw="0" op_10_bw="0" op_11_bw="32" op_12_bw="32" op_13_bw="32" op_14_bw="32" op_15_bw="0" op_16_bw="0" op_17_bw="32" op_18_bw="32">
<![CDATA[
entry:14 %specinterface_ln0 = specinterface void @_ssdm_op_SpecInterface, i32 %data_result, void @empty_16, i32 0, i32 0, void @empty_20, i32 0, i32 0, void @empty_20, void @empty_20, void @empty_20, i32 0, i32 0, i32 0, i32 0, void @empty_20, void @empty_20, i32 4294967295, i32 0

]]></Node>
<StgValue><ssdm name="specinterface_ln0"/></StgValue>
</operation>

<operation id="60" st_id="18" stage="1" lat="1">
<core>NULL</core>
<MemPortIdVec></MemPortIdVec>
<condition id="-1">
<or_exp><and_exp></and_exp></or_exp>
</condition>

<Node id="29" bw="0" op_0_bw="0" op_1_bw="32" op_2_bw="0" op_3_bw="32" op_4_bw="32" op_5_bw="0" op_6_bw="32" op_7_bw="32" op_8_bw="0" op_9_bw="0" op_10_bw="0" op_11_bw="32" op_12_bw="32" op_13_bw="32" op_14_bw="32" op_15_bw="0" op_16_bw="0" op_17_bw="32" op_18_bw="32">
<![CDATA[
entry:15 %specinterface_ln0 = specinterface void @_ssdm_op_SpecInterface, i32 %data_result, void @empty_16, i32 0, i32 0, void @empty_20, i32 0, i32 0, void @empty_20, void @empty_20, void @empty_20, i32 0, i32 0, i32 0, i32 0, void @empty_20, void @empty_20, i32 4294967295, i32 0

]]></Node>
<StgValue><ssdm name="specinterface_ln0"/></StgValue>
</operation>

<operation id="61" st_id="18" stage="1" lat="1">
<core>NULL</core>
<MemPortIdVec></MemPortIdVec>
<condition id="-1">
<or_exp><and_exp></and_exp></or_exp>
</condition>

<Node id="30" bw="0" op_0_bw="0" op_1_bw="32" op_2_bw="0" op_3_bw="32" op_4_bw="32" op_5_bw="0" op_6_bw="32" op_7_bw="32" op_8_bw="0" op_9_bw="0" op_10_bw="0" op_11_bw="32" op_12_bw="32" op_13_bw="32" op_14_bw="32" op_15_bw="0" op_16_bw="0" op_17_bw="32" op_18_bw="32">
<![CDATA[
entry:16 %specinterface_ln0 = specinterface void @_ssdm_op_SpecInterface, i32 %data_b, void @empty_16, i32 0, i32 0, void @empty_20, i32 0, i32 0, void @empty_20, void @empty_20, void @empty_20, i32 0, i32 0, i32 0, i32 0, void @empty_20, void @empty_20, i32 4294967295, i32 0

]]></Node>
<StgValue><ssdm name="specinterface_ln0"/></StgValue>
</operation>

<operation id="62" st_id="18" stage="1" lat="1">
<core>NULL</core>
<MemPortIdVec></MemPortIdVec>
<condition id="-1">
<or_exp><and_exp></and_exp></or_exp>
</condition>

<Node id="31" bw="0" op_0_bw="0" op_1_bw="32" op_2_bw="0" op_3_bw="32" op_4_bw="32" op_5_bw="0" op_6_bw="32" op_7_bw="32" op_8_bw="0" op_9_bw="0" op_10_bw="0" op_11_bw="32" op_12_bw="32" op_13_bw="32" op_14_bw="32" op_15_bw="0" op_16_bw="0" op_17_bw="32" op_18_bw="32">
<![CDATA[
entry:17 %specinterface_ln0 = specinterface void @_ssdm_op_SpecInterface, i32 %data_a, void @empty_16, i32 0, i32 0, void @empty_20, i32 0, i32 0, void @empty_20, void @empty_20, void @empty_20, i32 0, i32 0, i32 0, i32 0, void @empty_20, void @empty_20, i32 4294967295, i32 0

]]></Node>
<StgValue><ssdm name="specinterface_ln0"/></StgValue>
</operation>

<operation id="63" st_id="18" stage="1" lat="1">
<core>NULL</core>
<MemPortIdVec></MemPortIdVec>
<condition id="-1">
<or_exp><and_exp></and_exp></or_exp>
</condition>

<Node id="32" bw="0" op_0_bw="0" op_1_bw="32" op_2_bw="0" op_3_bw="32" op_4_bw="32" op_5_bw="0" op_6_bw="32" op_7_bw="32" op_8_bw="0" op_9_bw="0" op_10_bw="0" op_11_bw="32" op_12_bw="32" op_13_bw="32" op_14_bw="32" op_15_bw="0" op_16_bw="0" op_17_bw="32" op_18_bw="32">
<![CDATA[
entry:18 %specinterface_ln0 = specinterface void @_ssdm_op_SpecInterface, i32 %ALU_operation, void @empty_16, i32 0, i32 0, void @empty_20, i32 0, i32 0, void @empty_20, void @empty_20, void @empty_20, i32 0, i32 0, i32 0, i32 0, void @empty_20, void @empty_20, i32 4294967295, i32 0

]]></Node>
<StgValue><ssdm name="specinterface_ln0"/></StgValue>
</operation>

<operation id="64" st_id="18" stage="1" lat="1">
<core>NULL</core>
<MemPortIdVec></MemPortIdVec>
<condition id="-1">
<or_exp><and_exp></and_exp></or_exp>
</condition>

<Node id="33" bw="0" op_0_bw="0" op_1_bw="32" op_2_bw="0" op_3_bw="32" op_4_bw="32" op_5_bw="0" op_6_bw="32" op_7_bw="32" op_8_bw="0" op_9_bw="0" op_10_bw="0" op_11_bw="32" op_12_bw="32" op_13_bw="32" op_14_bw="32" op_15_bw="0" op_16_bw="0" op_17_bw="32" op_18_bw="32">
<![CDATA[
entry:19 %specinterface_ln0 = specinterface void @_ssdm_op_SpecInterface, i32 %gmem3, void @empty_19, i32 0, i32 0, void @empty_20, i32 0, i32 400, void @empty_25, void @empty_22, void @empty_20, i32 16, i32 16, i32 16, i32 16, void @empty_20, void @empty_20, i32 4294967295, i32 0

]]></Node>
<StgValue><ssdm name="specinterface_ln0"/></StgValue>
</operation>

<operation id="65" st_id="18" stage="1" lat="1">
<core>NULL</core>
<MemPortIdVec></MemPortIdVec>
<condition id="-1">
<or_exp><and_exp></and_exp></or_exp>
</condition>

<Node id="34" bw="0" op_0_bw="0" op_1_bw="32" op_2_bw="0" op_3_bw="32" op_4_bw="32" op_5_bw="0" op_6_bw="32" op_7_bw="32" op_8_bw="0" op_9_bw="0" op_10_bw="0" op_11_bw="32" op_12_bw="32" op_13_bw="32" op_14_bw="32" op_15_bw="0" op_16_bw="0" op_17_bw="32" op_18_bw="32">
<![CDATA[
entry:20 %specinterface_ln0 = specinterface void @_ssdm_op_SpecInterface, i32 %gmem2, void @empty_19, i32 0, i32 0, void @empty_20, i32 0, i32 400, void @empty_24, void @empty_22, void @empty_20, i32 16, i32 16, i32 16, i32 16, void @empty_20, void @empty_20, i32 4294967295, i32 0

]]></Node>
<StgValue><ssdm name="specinterface_ln0"/></StgValue>
</operation>

<operation id="66" st_id="18" stage="1" lat="1">
<core>NULL</core>
<MemPortIdVec></MemPortIdVec>
<condition id="-1">
<or_exp><and_exp></and_exp></or_exp>
</condition>

<Node id="35" bw="0" op_0_bw="0" op_1_bw="32" op_2_bw="0" op_3_bw="32" op_4_bw="32" op_5_bw="0" op_6_bw="32" op_7_bw="32" op_8_bw="0" op_9_bw="0" op_10_bw="0" op_11_bw="32" op_12_bw="32" op_13_bw="32" op_14_bw="32" op_15_bw="0" op_16_bw="0" op_17_bw="32" op_18_bw="32">
<![CDATA[
entry:21 %specinterface_ln0 = specinterface void @_ssdm_op_SpecInterface, i32 %gmem1, void @empty_19, i32 0, i32 0, void @empty_20, i32 0, i32 400, void @empty_23, void @empty_22, void @empty_20, i32 16, i32 16, i32 16, i32 16, void @empty_20, void @empty_20, i32 4294967295, i32 0

]]></Node>
<StgValue><ssdm name="specinterface_ln0"/></StgValue>
</operation>

<operation id="67" st_id="18" stage="1" lat="1">
<core>NULL</core>
<MemPortIdVec></MemPortIdVec>
<condition id="-1">
<or_exp><and_exp></and_exp></or_exp>
</condition>

<Node id="36" bw="0" op_0_bw="0" op_1_bw="32" op_2_bw="0" op_3_bw="32" op_4_bw="32" op_5_bw="0" op_6_bw="32" op_7_bw="32" op_8_bw="0" op_9_bw="0" op_10_bw="0" op_11_bw="32" op_12_bw="32" op_13_bw="32" op_14_bw="32" op_15_bw="0" op_16_bw="0" op_17_bw="32" op_18_bw="32">
<![CDATA[
entry:22 %specinterface_ln0 = specinterface void @_ssdm_op_SpecInterface, i32 %gmem0, void @empty_19, i32 0, i32 0, void @empty_20, i32 0, i32 400, void @empty_21, void @empty_22, void @empty_20, i32 16, i32 16, i32 16, i32 16, void @empty_20, void @empty_20, i32 4294967295, i32 0

]]></Node>
<StgValue><ssdm name="specinterface_ln0"/></StgValue>
</operation>

<operation id="68" st_id="18" stage="1" lat="2">
<core></core>
<MemPortIdVec></MemPortIdVec>
<condition id="-1">
<or_exp><and_exp></and_exp></or_exp>
</condition>

<Node id="57" bw="0" op_0_bw="0" op_1_bw="64" op_2_bw="32" op_3_bw="32" op_4_bw="0" op_5_bw="0" op_6_bw="0">
<![CDATA[
entry:43 %call_ln81 = call void @op_data_exe_wb_Pipeline_write_back, i64 %c_read, i32 %gmem2, i32 %data_result

]]></Node>
<StgValue><ssdm name="call_ln81"/></StgValue>
</operation>

<operation id="69" st_id="18" stage="1" lat="1">
<core>NULL</core>
<MemPortIdVec></MemPortIdVec>
<condition id="-1">
<or_exp><and_exp></and_exp></or_exp>
</condition>

<Node id="58" bw="0">
<![CDATA[
entry:44 %ret_ln0 = ret

]]></Node>
<StgValue><ssdm name="ret_ln0"/></StgValue>
</operation>
</state>
</state_list>


<ports>
</ports>


<dataflows>
</dataflows>


</stg>
