<profile>

<section name = "Vitis HLS Report for 'op_data_exe_wb_Pipeline_l_data_a'" level="0">
<item name = "Date">Sat Jun 29 19:03:36 2024
</item>
<item name = "Version">2023.2 (Build 4023990 on Oct 11 2023)</item>
<item name = "Project">ALU_sys_HDL</item>
<item name = "Solution">solution1 (Vivado IP Flow Target)</item>
<item name = "Product family">zynq</item>
<item name = "Target device">xc7z020-clg400-1</item>
</section>

<section name = "Performance Estimates" level="0">
<item name = "Timing">
<section name = "" level="1">
<item name = "Summary"><table name="" hasTotal="0">
<keys size="4">Clock, Target, Estimated, Uncertainty</keys>
<column name="ap_clk">10.00 ns, 7.300 ns, 2.70 ns</column>
</table>
</item>
</section>
</item>
<item name = "Latency">
<section name = "" level="1">
<item name = "Summary"><table name="" hasTotal="0">
<keys size="8">, min, max, min, max, min, max, Type</keys>
<column name="">411, 411, 4.110 us, 4.110 us, 411, 411, no</column>
</table>
</item>
<item name = "Detail">
<section name = "" level="1">
<item name = "Instance"><table name="" hasTotal="0">
<keys size="9">Instance, Module, min, max, min, max, min, max, Type</keys>
</table>
</item>
<item name = "Loop"><table name="" hasTotal="0">
<keys size="8">Loop Name, min, max, Latency, achieved, target, Count, Pipelined</keys>
<column name="- l_data_a">409, 409, 11, 1, 1, 400, yes</column>
</table>
</item>
</section>
</item>
</section>
</item>
</section>

<section name = "Utilization Estimates" level="0">
<item name = "Summary"><table name="" hasTotal="1">
<keys size="6">Name, BRAM_18K, DSP, FF, LUT, URAM</keys>
<column name="DSP">-, -, -, -, -</column>
<column name="Expression">-, -, 0, 105, -</column>
<column name="FIFO">-, -, -, -, -</column>
<column name="Instance">-, -, -, -, -</column>
<column name="Memory">-, -, -, -, -</column>
<column name="Multiplexer">-, -, -, 63, -</column>
<column name="Register">-, -, 126, -, -</column>
<specialColumn name="Available">280, 220, 106400, 53200, 0</specialColumn>
<specialColumn name="Utilization (%)">0, 0, ~0, ~0, 0</specialColumn>
</table>
</item>
<item name = "Detail">
<section name = "" level="1">
<item name = "Instance"><table name="" hasTotal="1">
<keys size="7">Instance, Module, BRAM_18K, DSP, FF, LUT, URAM</keys>
</table>
</item>
<item name = "DSP"><table name="" hasTotal="0">
<keys size="3">Instance, Module, Expression</keys>
</table>
</item>
<item name = "Memory"><table name="" hasTotal="1">
<keys size="10">Memory, Module, BRAM_18K, FF, LUT, URAM, Words, Bits, Banks, W*Bits*Banks</keys>
</table>
</item>
<item name = "FIFO"><table name="" hasTotal="1">
<keys size="8">Name, BRAM_18K, FF, LUT, URAM, Depth, Bits, Size:D*B</keys>
</table>
</item>
<item name = "Expression"><table name="" hasTotal="1">
<keys size="7">Variable Name, Operation, DSP, FF, LUT, Bitwidth P0, Bitwidth P1</keys>
<column name="add_ln56_fu_105_p2">+, 0, 0, 14, 9, 1</column>
<column name="add_ln60_fu_123_p2">+, 0, 0, 71, 64, 64</column>
<column name="icmp_ln56_fu_99_p2">icmp, 0, 0, 14, 9, 8</column>
<column name="ap_block_pp0_stage0_01001">or, 0, 0, 2, 1, 1</column>
<column name="ap_block_pp0_stage0_11001">or, 0, 0, 2, 1, 1</column>
<column name="ap_enable_pp0">xor, 0, 0, 2, 1, 2</column>
</table>
</item>
<item name = "Multiplexer"><table name="" hasTotal="1">
<keys size="5">Name, LUT, Input Size, Bits, Total Bits</keys>
<column name="ap_done_int">9, 2, 1, 2</column>
<column name="ap_enable_reg_pp0_iter1">9, 2, 1, 2</column>
<column name="ap_sig_allocacmp_i">9, 2, 9, 18</column>
<column name="data_a_blk_n">9, 2, 1, 2</column>
<column name="gmem0_blk_n_AR">9, 2, 1, 2</column>
<column name="gmem0_blk_n_R">9, 2, 1, 2</column>
<column name="i_2_fu_62">9, 2, 9, 18</column>
</table>
</item>
<item name = "Register"><table name="" hasTotal="1">
<keys size="5">Name, FF, LUT, Bits, Const Bits</keys>
<column name="ap_CS_fsm">1, 0, 1, 0</column>
<column name="ap_done_reg">1, 0, 1, 0</column>
<column name="ap_enable_reg_pp0_iter1">1, 0, 1, 0</column>
<column name="ap_enable_reg_pp0_iter10">1, 0, 1, 0</column>
<column name="ap_enable_reg_pp0_iter2">1, 0, 1, 0</column>
<column name="ap_enable_reg_pp0_iter3">1, 0, 1, 0</column>
<column name="ap_enable_reg_pp0_iter4">1, 0, 1, 0</column>
<column name="ap_enable_reg_pp0_iter5">1, 0, 1, 0</column>
<column name="ap_enable_reg_pp0_iter6">1, 0, 1, 0</column>
<column name="ap_enable_reg_pp0_iter7">1, 0, 1, 0</column>
<column name="ap_enable_reg_pp0_iter8">1, 0, 1, 0</column>
<column name="ap_enable_reg_pp0_iter9">1, 0, 1, 0</column>
<column name="ap_loop_exit_ready_pp0_iter1_reg">1, 0, 1, 0</column>
<column name="ap_loop_exit_ready_pp0_iter2_reg">1, 0, 1, 0</column>
<column name="ap_loop_exit_ready_pp0_iter3_reg">1, 0, 1, 0</column>
<column name="ap_loop_exit_ready_pp0_iter4_reg">1, 0, 1, 0</column>
<column name="ap_loop_exit_ready_pp0_iter5_reg">1, 0, 1, 0</column>
<column name="ap_loop_exit_ready_pp0_iter6_reg">1, 0, 1, 0</column>
<column name="ap_loop_exit_ready_pp0_iter7_reg">1, 0, 1, 0</column>
<column name="ap_loop_exit_ready_pp0_iter8_reg">1, 0, 1, 0</column>
<column name="ap_loop_exit_ready_pp0_iter9_reg">1, 0, 1, 0</column>
<column name="gmem0_addr_reg_165">64, 0, 64, 0</column>
<column name="i_2_fu_62">9, 0, 9, 0</column>
<column name="tmp_a_reg_171">32, 0, 32, 0</column>
</table>
</item>
</section>
</item>
</section>

<section name = "Interface" level="0">
<item name = "Summary"><table name="" hasTotal="0">
<keys size="6">RTL Ports, Dir, Bits, Protocol, Source Object, C Type</keys>
<column name="ap_clk">in, 1, ap_ctrl_hs, op_data_exe_wb_Pipeline_l_data_a, return value</column>
<column name="ap_rst">in, 1, ap_ctrl_hs, op_data_exe_wb_Pipeline_l_data_a, return value</column>
<column name="ap_start">in, 1, ap_ctrl_hs, op_data_exe_wb_Pipeline_l_data_a, return value</column>
<column name="ap_done">out, 1, ap_ctrl_hs, op_data_exe_wb_Pipeline_l_data_a, return value</column>
<column name="ap_idle">out, 1, ap_ctrl_hs, op_data_exe_wb_Pipeline_l_data_a, return value</column>
<column name="ap_ready">out, 1, ap_ctrl_hs, op_data_exe_wb_Pipeline_l_data_a, return value</column>
<column name="m_axi_gmem0_AWVALID">out, 1, m_axi, gmem0, pointer</column>
<column name="m_axi_gmem0_AWREADY">in, 1, m_axi, gmem0, pointer</column>
<column name="m_axi_gmem0_AWADDR">out, 64, m_axi, gmem0, pointer</column>
<column name="m_axi_gmem0_AWID">out, 1, m_axi, gmem0, pointer</column>
<column name="m_axi_gmem0_AWLEN">out, 32, m_axi, gmem0, pointer</column>
<column name="m_axi_gmem0_AWSIZE">out, 3, m_axi, gmem0, pointer</column>
<column name="m_axi_gmem0_AWBURST">out, 2, m_axi, gmem0, pointer</column>
<column name="m_axi_gmem0_AWLOCK">out, 2, m_axi, gmem0, pointer</column>
<column name="m_axi_gmem0_AWCACHE">out, 4, m_axi, gmem0, pointer</column>
<column name="m_axi_gmem0_AWPROT">out, 3, m_axi, gmem0, pointer</column>
<column name="m_axi_gmem0_AWQOS">out, 4, m_axi, gmem0, pointer</column>
<column name="m_axi_gmem0_AWREGION">out, 4, m_axi, gmem0, pointer</column>
<column name="m_axi_gmem0_AWUSER">out, 1, m_axi, gmem0, pointer</column>
<column name="m_axi_gmem0_WVALID">out, 1, m_axi, gmem0, pointer</column>
<column name="m_axi_gmem0_WREADY">in, 1, m_axi, gmem0, pointer</column>
<column name="m_axi_gmem0_WDATA">out, 32, m_axi, gmem0, pointer</column>
<column name="m_axi_gmem0_WSTRB">out, 4, m_axi, gmem0, pointer</column>
<column name="m_axi_gmem0_WLAST">out, 1, m_axi, gmem0, pointer</column>
<column name="m_axi_gmem0_WID">out, 1, m_axi, gmem0, pointer</column>
<column name="m_axi_gmem0_WUSER">out, 1, m_axi, gmem0, pointer</column>
<column name="m_axi_gmem0_ARVALID">out, 1, m_axi, gmem0, pointer</column>
<column name="m_axi_gmem0_ARREADY">in, 1, m_axi, gmem0, pointer</column>
<column name="m_axi_gmem0_ARADDR">out, 64, m_axi, gmem0, pointer</column>
<column name="m_axi_gmem0_ARID">out, 1, m_axi, gmem0, pointer</column>
<column name="m_axi_gmem0_ARLEN">out, 32, m_axi, gmem0, pointer</column>
<column name="m_axi_gmem0_ARSIZE">out, 3, m_axi, gmem0, pointer</column>
<column name="m_axi_gmem0_ARBURST">out, 2, m_axi, gmem0, pointer</column>
<column name="m_axi_gmem0_ARLOCK">out, 2, m_axi, gmem0, pointer</column>
<column name="m_axi_gmem0_ARCACHE">out, 4, m_axi, gmem0, pointer</column>
<column name="m_axi_gmem0_ARPROT">out, 3, m_axi, gmem0, pointer</column>
<column name="m_axi_gmem0_ARQOS">out, 4, m_axi, gmem0, pointer</column>
<column name="m_axi_gmem0_ARREGION">out, 4, m_axi, gmem0, pointer</column>
<column name="m_axi_gmem0_ARUSER">out, 1, m_axi, gmem0, pointer</column>
<column name="m_axi_gmem0_RVALID">in, 1, m_axi, gmem0, pointer</column>
<column name="m_axi_gmem0_RREADY">out, 1, m_axi, gmem0, pointer</column>
<column name="m_axi_gmem0_RDATA">in, 32, m_axi, gmem0, pointer</column>
<column name="m_axi_gmem0_RLAST">in, 1, m_axi, gmem0, pointer</column>
<column name="m_axi_gmem0_RID">in, 1, m_axi, gmem0, pointer</column>
<column name="m_axi_gmem0_RFIFONUM">in, 9, m_axi, gmem0, pointer</column>
<column name="m_axi_gmem0_RUSER">in, 1, m_axi, gmem0, pointer</column>
<column name="m_axi_gmem0_RRESP">in, 2, m_axi, gmem0, pointer</column>
<column name="m_axi_gmem0_BVALID">in, 1, m_axi, gmem0, pointer</column>
<column name="m_axi_gmem0_BREADY">out, 1, m_axi, gmem0, pointer</column>
<column name="m_axi_gmem0_BRESP">in, 2, m_axi, gmem0, pointer</column>
<column name="m_axi_gmem0_BID">in, 1, m_axi, gmem0, pointer</column>
<column name="m_axi_gmem0_BUSER">in, 1, m_axi, gmem0, pointer</column>
<column name="data_a_din">out, 32, ap_fifo, data_a, pointer</column>
<column name="data_a_full_n">in, 1, ap_fifo, data_a, pointer</column>
<column name="data_a_write">out, 1, ap_fifo, data_a, pointer</column>
<column name="a">in, 64, ap_none, a, scalar</column>
</table>
</item>
</section>
</profile>
