<stg><name>op_data_exe_wb_Pipeline_exe</name>


<trans_list>

<trans id="201" from="1" to="2">
<condition id="-1">
<or_exp><and_exp></and_exp></or_exp>
</condition>
</trans>

<trans id="162" from="2" to="3">
<condition id="-1">
<or_exp><and_exp></and_exp></or_exp>
</condition>
</trans>

<trans id="163" from="3" to="7">
<condition id="-1">
<or_exp><and_exp></and_exp></or_exp>
</condition>
</trans>

<trans id="197" from="4" to="5">
<condition id="-1">
<or_exp><and_exp></and_exp></or_exp>
</condition>
</trans>

<trans id="198" from="5" to="6">
<condition id="-1">
<or_exp><and_exp></and_exp></or_exp>
</condition>
</trans>

<trans id="164" from="7" to="8">
<condition id="-1">
<or_exp><and_exp></and_exp></or_exp>
</condition>
</trans>

<trans id="165" from="8" to="9">
<condition id="-1">
<or_exp><and_exp></and_exp></or_exp>
</condition>
</trans>

<trans id="166" from="9" to="10">
<condition id="-1">
<or_exp><and_exp></and_exp></or_exp>
</condition>
</trans>

<trans id="167" from="10" to="11">
<condition id="-1">
<or_exp><and_exp></and_exp></or_exp>
</condition>
</trans>

<trans id="168" from="11" to="12">
<condition id="-1">
<or_exp><and_exp></and_exp></or_exp>
</condition>
</trans>

<trans id="169" from="12" to="13">
<condition id="-1">
<or_exp><and_exp></and_exp></or_exp>
</condition>
</trans>

<trans id="170" from="13" to="14">
<condition id="-1">
<or_exp><and_exp></and_exp></or_exp>
</condition>
</trans>

<trans id="171" from="14" to="15">
<condition id="-1">
<or_exp><and_exp></and_exp></or_exp>
</condition>
</trans>

<trans id="172" from="15" to="16">
<condition id="-1">
<or_exp><and_exp></and_exp></or_exp>
</condition>
</trans>

<trans id="173" from="16" to="17">
<condition id="-1">
<or_exp><and_exp></and_exp></or_exp>
</condition>
</trans>

<trans id="174" from="17" to="18">
<condition id="-1">
<or_exp><and_exp></and_exp></or_exp>
</condition>
</trans>

<trans id="175" from="18" to="19">
<condition id="-1">
<or_exp><and_exp></and_exp></or_exp>
</condition>
</trans>

<trans id="176" from="19" to="20">
<condition id="-1">
<or_exp><and_exp></and_exp></or_exp>
</condition>
</trans>

<trans id="177" from="20" to="21">
<condition id="-1">
<or_exp><and_exp></and_exp></or_exp>
</condition>
</trans>

<trans id="178" from="21" to="22">
<condition id="-1">
<or_exp><and_exp></and_exp></or_exp>
</condition>
</trans>

<trans id="179" from="22" to="23">
<condition id="-1">
<or_exp><and_exp></and_exp></or_exp>
</condition>
</trans>

<trans id="180" from="23" to="24">
<condition id="-1">
<or_exp><and_exp></and_exp></or_exp>
</condition>
</trans>

<trans id="181" from="24" to="25">
<condition id="-1">
<or_exp><and_exp></and_exp></or_exp>
</condition>
</trans>

<trans id="182" from="25" to="26">
<condition id="-1">
<or_exp><and_exp></and_exp></or_exp>
</condition>
</trans>

<trans id="183" from="26" to="27">
<condition id="-1">
<or_exp><and_exp></and_exp></or_exp>
</condition>
</trans>

<trans id="184" from="27" to="28">
<condition id="-1">
<or_exp><and_exp></and_exp></or_exp>
</condition>
</trans>

<trans id="185" from="28" to="29">
<condition id="-1">
<or_exp><and_exp></and_exp></or_exp>
</condition>
</trans>

<trans id="186" from="29" to="30">
<condition id="-1">
<or_exp><and_exp></and_exp></or_exp>
</condition>
</trans>

<trans id="187" from="30" to="31">
<condition id="-1">
<or_exp><and_exp></and_exp></or_exp>
</condition>
</trans>

<trans id="188" from="31" to="32">
<condition id="-1">
<or_exp><and_exp></and_exp></or_exp>
</condition>
</trans>

<trans id="189" from="32" to="33">
<condition id="-1">
<or_exp><and_exp></and_exp></or_exp>
</condition>
</trans>

<trans id="190" from="33" to="34">
<condition id="-1">
<or_exp><and_exp></and_exp></or_exp>
</condition>
</trans>

<trans id="191" from="34" to="35">
<condition id="-1">
<or_exp><and_exp></and_exp></or_exp>
</condition>
</trans>

<trans id="192" from="35" to="36">
<condition id="-1">
<or_exp><and_exp></and_exp></or_exp>
</condition>
</trans>

<trans id="193" from="36" to="37">
<condition id="-1">
<or_exp><and_exp></and_exp></or_exp>
</condition>
</trans>

<trans id="194" from="37" to="38">
<condition id="-1">
<or_exp><and_exp></and_exp></or_exp>
</condition>
</trans>

<trans id="195" from="38" to="39">
<condition id="-1">
<or_exp><and_exp></and_exp></or_exp>
</condition>
</trans>

<trans id="196" from="39" to="4">
<condition id="-1">
<or_exp><and_exp></and_exp></or_exp>
</condition>
</trans>
</trans_list>



<state_list>

<state id="1" st_id="2">

<operation id="42" st_id="1" stage="1" lat="1">
<core>NULL</core>
<MemPortIdVec></MemPortIdVec>
<condition id="-1">
<or_exp><and_exp></and_exp></or_exp>
</condition>

<Node id="5" bw="9" op_0_bw="32">
<![CDATA[
newFuncRoot:0 %i_5 = alloca i32 1

]]></Node>
<StgValue><ssdm name="i_5"/></StgValue>
</operation>

<operation id="43" st_id="1" stage="1" lat="1">
<core>NULL</core>
<MemPortIdVec></MemPortIdVec>
<condition id="-1">
<or_exp><and_exp></and_exp></or_exp>
</condition>

<Node id="6" bw="0" op_0_bw="0" op_1_bw="32" op_2_bw="0" op_3_bw="32" op_4_bw="32" op_5_bw="0" op_6_bw="32" op_7_bw="32" op_8_bw="0" op_9_bw="0" op_10_bw="0" op_11_bw="32" op_12_bw="32" op_13_bw="32" op_14_bw="32" op_15_bw="0" op_16_bw="0" op_17_bw="32" op_18_bw="32">
<![CDATA[
newFuncRoot:1 %specinterface_ln0 = specinterface void @_ssdm_op_SpecInterface, i32 %data_result, void @empty_16, i32 0, i32 0, void @empty_20, i32 0, i32 0, void @empty_20, void @empty_20, void @empty_20, i32 0, i32 0, i32 0, i32 0, void @empty_20, void @empty_20, i32 4294967295, i32 0

]]></Node>
<StgValue><ssdm name="specinterface_ln0"/></StgValue>
</operation>

<operation id="44" st_id="1" stage="1" lat="1">
<core>NULL</core>
<MemPortIdVec></MemPortIdVec>
<condition id="-1">
<or_exp><and_exp></and_exp></or_exp>
</condition>

<Node id="7" bw="0" op_0_bw="0" op_1_bw="32" op_2_bw="0" op_3_bw="32" op_4_bw="32" op_5_bw="0" op_6_bw="32" op_7_bw="32" op_8_bw="0" op_9_bw="0" op_10_bw="0" op_11_bw="32" op_12_bw="32" op_13_bw="32" op_14_bw="32" op_15_bw="0" op_16_bw="0" op_17_bw="32" op_18_bw="32">
<![CDATA[
newFuncRoot:2 %specinterface_ln0 = specinterface void @_ssdm_op_SpecInterface, i32 %data_b, void @empty_16, i32 0, i32 0, void @empty_20, i32 0, i32 0, void @empty_20, void @empty_20, void @empty_20, i32 0, i32 0, i32 0, i32 0, void @empty_20, void @empty_20, i32 4294967295, i32 0

]]></Node>
<StgValue><ssdm name="specinterface_ln0"/></StgValue>
</operation>

<operation id="45" st_id="1" stage="1" lat="1">
<core>NULL</core>
<MemPortIdVec></MemPortIdVec>
<condition id="-1">
<or_exp><and_exp></and_exp></or_exp>
</condition>

<Node id="8" bw="0" op_0_bw="0" op_1_bw="32" op_2_bw="0" op_3_bw="32" op_4_bw="32" op_5_bw="0" op_6_bw="32" op_7_bw="32" op_8_bw="0" op_9_bw="0" op_10_bw="0" op_11_bw="32" op_12_bw="32" op_13_bw="32" op_14_bw="32" op_15_bw="0" op_16_bw="0" op_17_bw="32" op_18_bw="32">
<![CDATA[
newFuncRoot:3 %specinterface_ln0 = specinterface void @_ssdm_op_SpecInterface, i32 %data_a, void @empty_16, i32 0, i32 0, void @empty_20, i32 0, i32 0, void @empty_20, void @empty_20, void @empty_20, i32 0, i32 0, i32 0, i32 0, void @empty_20, void @empty_20, i32 4294967295, i32 0

]]></Node>
<StgValue><ssdm name="specinterface_ln0"/></StgValue>
</operation>

<operation id="46" st_id="1" stage="1" lat="1">
<core>NULL</core>
<MemPortIdVec></MemPortIdVec>
<condition id="-1">
<or_exp><and_exp></and_exp></or_exp>
</condition>

<Node id="9" bw="0" op_0_bw="9" op_1_bw="9">
<![CDATA[
newFuncRoot:4 %store_ln127 = store i9 0, i9 %i_5

]]></Node>
<StgValue><ssdm name="store_ln127"/></StgValue>
</operation>

<operation id="47" st_id="1" stage="1" lat="1">
<core>NULL</core>
<MemPortIdVec></MemPortIdVec>
<condition id="-1">
<or_exp><and_exp></and_exp></or_exp>
</condition>

<Node id="10" bw="0" op_0_bw="0">
<![CDATA[
newFuncRoot:5 %br_ln0 = br void %for.body.i.i

]]></Node>
<StgValue><ssdm name="br_ln0"/></StgValue>
</operation>

<operation id="48" st_id="1" stage="1" lat="1">
<core>NULL</core>
<MemPortIdVec></MemPortIdVec>
<condition id="-1">
<or_exp><and_exp></and_exp></or_exp>
</condition>

<Node id="12" bw="9" op_0_bw="9" op_1_bw="0">
<![CDATA[
for.body.i.i:0 %i = load i9 %i_5

]]></Node>
<StgValue><ssdm name="i"/></StgValue>
</operation>

<operation id="49" st_id="1" stage="1" lat="1">
<core>Cmp</core>
<MemPortIdVec></MemPortIdVec>
<condition id="-1">
<or_exp><and_exp></and_exp></or_exp>
</condition>

<Node id="13" bw="1" op_0_bw="9" op_1_bw="9">
<![CDATA[
for.body.i.i:1 %icmp_ln127 = icmp_eq  i9 %i, i9 400

]]></Node>
<StgValue><ssdm name="icmp_ln127"/></StgValue>
</operation>

<operation id="50" st_id="1" stage="1" lat="1">
<core>Adder</core>
<MemPortIdVec></MemPortIdVec>
<condition id="-1">
<or_exp><and_exp></and_exp></or_exp>
</condition>

<Node id="14" bw="9" op_0_bw="9" op_1_bw="9">
<![CDATA[
for.body.i.i:2 %add_ln127 = add i9 %i, i9 1

]]></Node>
<StgValue><ssdm name="add_ln127"/></StgValue>
</operation>

<operation id="51" st_id="1" stage="1" lat="1">
<core>NULL</core>
<MemPortIdVec></MemPortIdVec>
<condition id="-1">
<or_exp><and_exp></and_exp></or_exp>
</condition>

<Node id="15" bw="0" op_0_bw="1" op_1_bw="0" op_2_bw="0">
<![CDATA[
for.body.i.i:3 %br_ln127 = br i1 %icmp_ln127, void %for.body.i.split.i, void %for.inc.i23.i.preheader.exitStub

]]></Node>
<StgValue><ssdm name="br_ln127"/></StgValue>
</operation>

<operation id="52" st_id="1" stage="1" lat="1">
<core>NULL</core>
<MemPortIdVec></MemPortIdVec>
<condition id="-1">
<or_exp><and_exp><literal name="icmp_ln127" val="0"/>
</and_exp></or_exp>
</condition>

<Node id="46" bw="0" op_0_bw="9" op_1_bw="9" op_2_bw="0" op_3_bw="0">
<![CDATA[
for.inc.i18.i:0 %store_ln127 = store i9 %add_ln127, i9 %i_5

]]></Node>
<StgValue><ssdm name="store_ln127"/></StgValue>
</operation>

<operation id="53" st_id="1" stage="1" lat="1">
<core>NULL</core>
<MemPortIdVec></MemPortIdVec>
<condition id="-1">
<or_exp><and_exp><literal name="icmp_ln127" val="0"/>
</and_exp></or_exp>
</condition>

<Node id="47" bw="0" op_0_bw="0">
<![CDATA[
for.inc.i18.i:1 %br_ln127 = br void %for.body.i.i

]]></Node>
<StgValue><ssdm name="br_ln127"/></StgValue>
</operation>
</state>

<state id="2" st_id="3">

<operation id="54" st_id="2" stage="1" lat="1">
<core>NULL</core>
<MemPortIdVec></MemPortIdVec>
<condition id="-1">
<or_exp><and_exp></and_exp></or_exp>
</condition>

<Node id="17" bw="64" op_0_bw="9">
<![CDATA[
for.body.i.split.i:0 %zext_ln127 = zext i9 %i

]]></Node>
<StgValue><ssdm name="zext_ln127"/></StgValue>
</operation>

<operation id="55" st_id="2" stage="1" lat="1">
<core>FIFO</core>
<MemPortIdVec></MemPortIdVec>
<condition id="-1">
<or_exp><and_exp></and_exp></or_exp>
</condition>

<Node id="21" bw="32" op_0_bw="32" op_1_bw="32">
<![CDATA[
for.body.i.split.i:4 %a = read i32 @_ssdm_op_Read.ap_fifo.volatile.i32P0A, i32 %data_a

]]></Node>
<StgValue><ssdm name="a"/></StgValue>
</operation>

<operation id="56" st_id="2" stage="1" lat="1">
<core>FIFO</core>
<MemPortIdVec></MemPortIdVec>
<condition id="-1">
<or_exp><and_exp></and_exp></or_exp>
</condition>

<Node id="22" bw="32" op_0_bw="32" op_1_bw="32">
<![CDATA[
for.body.i.split.i:5 %b = read i32 @_ssdm_op_Read.ap_fifo.volatile.i32P0A, i32 %data_b

]]></Node>
<StgValue><ssdm name="b"/></StgValue>
</operation>

<operation id="57" st_id="2" stage="1" lat="1">
<core>NULL</core>
<MemPortIdVec></MemPortIdVec>
<condition id="-1">
<or_exp><and_exp></and_exp></or_exp>
</condition>

<Node id="23" bw="9" op_0_bw="32" op_1_bw="64" op_2_bw="64">
<![CDATA[
for.body.i.split.i:6 %ALU_operation_MEM_addr = getelementptr i32 %ALU_operation_MEM, i64 0, i64 %zext_ln127

]]></Node>
<StgValue><ssdm name="ALU_operation_MEM_addr"/></StgValue>
</operation>

<operation id="58" st_id="2" stage="2" lat="2">
<core>RAM</core>
<MemPortIdVec></MemPortIdVec>
<condition id="-1">
<or_exp><and_exp></and_exp></or_exp>
</condition>

<Node id="24" bw="32" op_0_bw="9">
<![CDATA[
for.body.i.split.i:7 %ALU_operation_MEM_load = load i9 %ALU_operation_MEM_addr

]]></Node>
<StgValue><ssdm name="ALU_operation_MEM_load"/></StgValue>
</operation>
</state>

<state id="3" st_id="4">

<operation id="59" st_id="3" stage="1" lat="1">
<core>NULL</core>
<MemPortIdVec></MemPortIdVec>
<condition id="-1">
<or_exp><and_exp></and_exp></or_exp>
</condition>

<Node id="18" bw="0" op_0_bw="0" op_1_bw="32" op_2_bw="32" op_3_bw="32" op_4_bw="32" op_5_bw="0">
<![CDATA[
for.body.i.split.i:1 %specpipeline_ln129 = specpipeline void @_ssdm_op_SpecPipeline, i32 1, i32 0, i32 0, i32 0, void @empty_20

]]></Node>
<StgValue><ssdm name="specpipeline_ln129"/></StgValue>
</operation>

<operation id="60" st_id="3" stage="1" lat="1">
<core>NULL</core>
<MemPortIdVec></MemPortIdVec>
<condition id="-1">
<or_exp><and_exp></and_exp></or_exp>
</condition>

<Node id="19" bw="0" op_0_bw="0" op_1_bw="64" op_2_bw="64" op_3_bw="64">
<![CDATA[
for.body.i.split.i:2 %speclooptripcount_ln127 = speclooptripcount void @_ssdm_op_SpecLoopTripCount, i64 400, i64 400, i64 400

]]></Node>
<StgValue><ssdm name="speclooptripcount_ln127"/></StgValue>
</operation>

<operation id="61" st_id="3" stage="1" lat="1">
<core>NULL</core>
<MemPortIdVec></MemPortIdVec>
<condition id="-1">
<or_exp><and_exp></and_exp></or_exp>
</condition>

<Node id="20" bw="0" op_0_bw="0" op_1_bw="0">
<![CDATA[
for.body.i.split.i:3 %specloopname_ln127 = specloopname void @_ssdm_op_SpecLoopName, void @empty_8

]]></Node>
<StgValue><ssdm name="specloopname_ln127"/></StgValue>
</operation>

<operation id="62" st_id="3" stage="1" lat="2">
<core>RAM</core>
<MemPortIdVec></MemPortIdVec>
<condition id="-1">
<or_exp><and_exp></and_exp></or_exp>
</condition>

<Node id="24" bw="32" op_0_bw="9">
<![CDATA[
for.body.i.split.i:7 %ALU_operation_MEM_load = load i9 %ALU_operation_MEM_addr

]]></Node>
<StgValue><ssdm name="ALU_operation_MEM_load"/></StgValue>
</operation>

<operation id="63" st_id="3" stage="1" lat="1">
<core>NULL</core>
<MemPortIdVec></MemPortIdVec>
<condition id="-1">
<or_exp><and_exp></and_exp></or_exp>
</condition>

<Node id="25" bw="0" op_0_bw="32" op_1_bw="0" op_2_bw="32" op_3_bw="0" op_4_bw="32" op_5_bw="0" op_6_bw="32" op_7_bw="0" op_8_bw="32" op_9_bw="0">
<![CDATA[
for.body.i.split.i:8 %switch_ln136 = switch i32 %ALU_operation_MEM_load, void %sw.default.i.i, i32 0, void %sw.bb.i.i, i32 1, void %sw.bb2.i.i, i32 2, void %sw.bb4.i.i, i32 3, void %sw.bb6.i.i

]]></Node>
<StgValue><ssdm name="switch_ln136"/></StgValue>
</operation>

<operation id="64" st_id="3" stage="36" lat="36">
<core>Divider</core>
<MemPortIdVec></MemPortIdVec>
<condition id="-1">
<or_exp><and_exp><literal name="ALU_operation_MEM_load" val="2"/>
</and_exp></or_exp>
</condition>

<Node id="31" bw="32" op_0_bw="32" op_1_bw="32">
<![CDATA[
sw.bb4.i.i:0 %sdiv_ln148 = sdiv i32 %a, i32 %b

]]></Node>
<StgValue><ssdm name="sdiv_ln148"/></StgValue>
</operation>
</state>

<state id="4" st_id="5">

<operation id="65" st_id="4" stage="2" lat="2">
<core>Multiplier</core>
<MemPortIdVec></MemPortIdVec>
<condition id="-1">
<or_exp><and_exp><literal name="ALU_operation_MEM_load" val="3"/>
</and_exp></or_exp>
</condition>

<Node id="27" bw="32" op_0_bw="32" op_1_bw="32">
<![CDATA[
sw.bb6.i.i:0 %mul_ln153 = mul i32 %b, i32 %a

]]></Node>
<StgValue><ssdm name="mul_ln153"/></StgValue>
</operation>

<operation id="66" st_id="4" stage="2" lat="36">
<core>Divider</core>
<MemPortIdVec></MemPortIdVec>
<condition id="-1">
<or_exp><and_exp><literal name="ALU_operation_MEM_load" val="2"/>
</and_exp></or_exp>
</condition>

<Node id="31" bw="32" op_0_bw="32" op_1_bw="32">
<![CDATA[
sw.bb4.i.i:0 %sdiv_ln148 = sdiv i32 %a, i32 %b

]]></Node>
<StgValue><ssdm name="sdiv_ln148"/></StgValue>
</operation>
</state>

<state id="5" st_id="6">

<operation id="67" st_id="5" stage="1" lat="2">
<core>Multiplier</core>
<MemPortIdVec></MemPortIdVec>
<condition id="-1">
<or_exp><and_exp><literal name="ALU_operation_MEM_load" val="3"/>
</and_exp></or_exp>
</condition>

<Node id="27" bw="32" op_0_bw="32" op_1_bw="32">
<![CDATA[
sw.bb6.i.i:0 %mul_ln153 = mul i32 %b, i32 %a

]]></Node>
<StgValue><ssdm name="mul_ln153"/></StgValue>
</operation>

<operation id="68" st_id="5" stage="1" lat="36">
<core>Divider</core>
<MemPortIdVec></MemPortIdVec>
<condition id="-1">
<or_exp><and_exp><literal name="ALU_operation_MEM_load" val="2"/>
</and_exp></or_exp>
</condition>

<Node id="31" bw="32" op_0_bw="32" op_1_bw="32">
<![CDATA[
sw.bb4.i.i:0 %sdiv_ln148 = sdiv i32 %a, i32 %b

]]></Node>
<StgValue><ssdm name="sdiv_ln148"/></StgValue>
</operation>

<operation id="114" st_id="5" stage="1" lat="1">
<core>NULL</core>
<MemPortIdVec></MemPortIdVec>
<condition id="-1">
<or_exp><and_exp><literal name="icmp_ln127" val="1"/>
</and_exp></or_exp>
</condition>

<Node id="49" bw="0">
<![CDATA[
for.inc.i23.i.preheader.exitStub:0 %ret_ln0 = ret

]]></Node>
<StgValue><ssdm name="ret_ln0"/></StgValue>
</operation>
</state>

<state id="6" st_id="7">

<operation id="69" st_id="6" stage="1" lat="1">
<core>FIFO</core>
<MemPortIdVec></MemPortIdVec>
<condition id="-1">
<or_exp><and_exp><literal name="ALU_operation_MEM_load" val="3"/>
</and_exp></or_exp>
</condition>

<Node id="28" bw="0" op_0_bw="0" op_1_bw="32" op_2_bw="32">
<![CDATA[
sw.bb6.i.i:1 %write_ln153 = write void @_ssdm_op_Write.ap_fifo.volatile.i32P0A, i32 %data_result, i32 %mul_ln153

]]></Node>
<StgValue><ssdm name="write_ln153"/></StgValue>
</operation>

<operation id="70" st_id="6" stage="1" lat="1">
<core>NULL</core>
<MemPortIdVec></MemPortIdVec>
<condition id="-1">
<or_exp><and_exp><literal name="ALU_operation_MEM_load" val="3"/>
</and_exp></or_exp>
</condition>

<Node id="29" bw="0" op_0_bw="0">
<![CDATA[
sw.bb6.i.i:2 %br_ln154 = br void %for.inc.i18.i

]]></Node>
<StgValue><ssdm name="br_ln154"/></StgValue>
</operation>

<operation id="71" st_id="6" stage="1" lat="1">
<core>FIFO</core>
<MemPortIdVec></MemPortIdVec>
<condition id="-1">
<or_exp><and_exp><literal name="ALU_operation_MEM_load" val="2"/>
</and_exp></or_exp>
</condition>

<Node id="32" bw="0" op_0_bw="0" op_1_bw="32" op_2_bw="32">
<![CDATA[
sw.bb4.i.i:1 %write_ln148 = write void @_ssdm_op_Write.ap_fifo.volatile.i32P0A, i32 %data_result, i32 %sdiv_ln148

]]></Node>
<StgValue><ssdm name="write_ln148"/></StgValue>
</operation>

<operation id="72" st_id="6" stage="1" lat="1">
<core>NULL</core>
<MemPortIdVec></MemPortIdVec>
<condition id="-1">
<or_exp><and_exp><literal name="ALU_operation_MEM_load" val="2"/>
</and_exp></or_exp>
</condition>

<Node id="33" bw="0" op_0_bw="0">
<![CDATA[
sw.bb4.i.i:2 %br_ln150 = br void %for.inc.i18.i

]]></Node>
<StgValue><ssdm name="br_ln150"/></StgValue>
</operation>

<operation id="73" st_id="6" stage="1" lat="1">
<core>Adder</core>
<MemPortIdVec></MemPortIdVec>
<condition id="-1">
<or_exp><and_exp><literal name="ALU_operation_MEM_load" val="1"/>
</and_exp></or_exp>
</condition>

<Node id="35" bw="32" op_0_bw="32" op_1_bw="32">
<![CDATA[
sw.bb2.i.i:0 %sub_ln144 = sub i32 %a, i32 %b

]]></Node>
<StgValue><ssdm name="sub_ln144"/></StgValue>
</operation>

<operation id="74" st_id="6" stage="1" lat="1">
<core>FIFO</core>
<MemPortIdVec></MemPortIdVec>
<condition id="-1">
<or_exp><and_exp><literal name="ALU_operation_MEM_load" val="1"/>
</and_exp></or_exp>
</condition>

<Node id="36" bw="0" op_0_bw="0" op_1_bw="32" op_2_bw="32">
<![CDATA[
sw.bb2.i.i:1 %write_ln144 = write void @_ssdm_op_Write.ap_fifo.volatile.i32P0A, i32 %data_result, i32 %sub_ln144

]]></Node>
<StgValue><ssdm name="write_ln144"/></StgValue>
</operation>

<operation id="75" st_id="6" stage="1" lat="1">
<core>NULL</core>
<MemPortIdVec></MemPortIdVec>
<condition id="-1">
<or_exp><and_exp><literal name="ALU_operation_MEM_load" val="1"/>
</and_exp></or_exp>
</condition>

<Node id="37" bw="0" op_0_bw="0">
<![CDATA[
sw.bb2.i.i:2 %br_ln145 = br void %for.inc.i18.i

]]></Node>
<StgValue><ssdm name="br_ln145"/></StgValue>
</operation>

<operation id="76" st_id="6" stage="1" lat="1">
<core>Adder</core>
<MemPortIdVec></MemPortIdVec>
<condition id="-1">
<or_exp><and_exp><literal name="ALU_operation_MEM_load" val="0"/>
</and_exp></or_exp>
</condition>

<Node id="39" bw="32" op_0_bw="32" op_1_bw="32">
<![CDATA[
sw.bb.i.i:0 %add_ln140 = add i32 %b, i32 %a

]]></Node>
<StgValue><ssdm name="add_ln140"/></StgValue>
</operation>

<operation id="77" st_id="6" stage="1" lat="1">
<core>FIFO</core>
<MemPortIdVec></MemPortIdVec>
<condition id="-1">
<or_exp><and_exp><literal name="ALU_operation_MEM_load" val="0"/>
</and_exp></or_exp>
</condition>

<Node id="40" bw="0" op_0_bw="0" op_1_bw="32" op_2_bw="32">
<![CDATA[
sw.bb.i.i:1 %write_ln140 = write void @_ssdm_op_Write.ap_fifo.volatile.i32P0A, i32 %data_result, i32 %add_ln140

]]></Node>
<StgValue><ssdm name="write_ln140"/></StgValue>
</operation>

<operation id="78" st_id="6" stage="1" lat="1">
<core>NULL</core>
<MemPortIdVec></MemPortIdVec>
<condition id="-1">
<or_exp><and_exp><literal name="ALU_operation_MEM_load" val="0"/>
</and_exp></or_exp>
</condition>

<Node id="41" bw="0" op_0_bw="0">
<![CDATA[
sw.bb.i.i:2 %br_ln141 = br void %for.inc.i18.i

]]></Node>
<StgValue><ssdm name="br_ln141"/></StgValue>
</operation>

<operation id="79" st_id="6" stage="1" lat="1">
<core>FIFO</core>
<MemPortIdVec></MemPortIdVec>
<condition id="-1">
<or_exp><and_exp><literal name="ALU_operation_MEM_load" val="!0"/>
<literal name="ALU_operation_MEM_load" val="!1"/>
<literal name="ALU_operation_MEM_load" val="!2"/>
<literal name="ALU_operation_MEM_load" val="!3"/>
</and_exp></or_exp>
</condition>

<Node id="43" bw="0" op_0_bw="0" op_1_bw="32" op_2_bw="32">
<![CDATA[
sw.default.i.i:0 %write_ln158 = write void @_ssdm_op_Write.ap_fifo.volatile.i32P0A, i32 %data_result, i32 0

]]></Node>
<StgValue><ssdm name="write_ln158"/></StgValue>
</operation>

<operation id="80" st_id="6" stage="1" lat="1">
<core>NULL</core>
<MemPortIdVec></MemPortIdVec>
<condition id="-1">
<or_exp><and_exp><literal name="ALU_operation_MEM_load" val="!0"/>
<literal name="ALU_operation_MEM_load" val="!1"/>
<literal name="ALU_operation_MEM_load" val="!2"/>
<literal name="ALU_operation_MEM_load" val="!3"/>
</and_exp></or_exp>
</condition>

<Node id="44" bw="0" op_0_bw="0">
<![CDATA[
sw.default.i.i:1 %br_ln160 = br void %for.inc.i18.i

]]></Node>
<StgValue><ssdm name="br_ln160"/></StgValue>
</operation>
</state>

<state id="7" st_id="8">

<operation id="81" st_id="7" stage="35" lat="36">
<core>Divider</core>
<MemPortIdVec></MemPortIdVec>
<condition id="-1">
<or_exp><and_exp><literal name="ALU_operation_MEM_load" val="2"/>
</and_exp></or_exp>
</condition>

<Node id="31" bw="32" op_0_bw="32" op_1_bw="32">
<![CDATA[
sw.bb4.i.i:0 %sdiv_ln148 = sdiv i32 %a, i32 %b

]]></Node>
<StgValue><ssdm name="sdiv_ln148"/></StgValue>
</operation>
</state>

<state id="8" st_id="9">

<operation id="82" st_id="8" stage="34" lat="36">
<core>Divider</core>
<MemPortIdVec></MemPortIdVec>
<condition id="-1">
<or_exp><and_exp><literal name="ALU_operation_MEM_load" val="2"/>
</and_exp></or_exp>
</condition>

<Node id="31" bw="32" op_0_bw="32" op_1_bw="32">
<![CDATA[
sw.bb4.i.i:0 %sdiv_ln148 = sdiv i32 %a, i32 %b

]]></Node>
<StgValue><ssdm name="sdiv_ln148"/></StgValue>
</operation>
</state>

<state id="9" st_id="10">

<operation id="83" st_id="9" stage="33" lat="36">
<core>Divider</core>
<MemPortIdVec></MemPortIdVec>
<condition id="-1">
<or_exp><and_exp><literal name="ALU_operation_MEM_load" val="2"/>
</and_exp></or_exp>
</condition>

<Node id="31" bw="32" op_0_bw="32" op_1_bw="32">
<![CDATA[
sw.bb4.i.i:0 %sdiv_ln148 = sdiv i32 %a, i32 %b

]]></Node>
<StgValue><ssdm name="sdiv_ln148"/></StgValue>
</operation>
</state>

<state id="10" st_id="11">

<operation id="84" st_id="10" stage="32" lat="36">
<core>Divider</core>
<MemPortIdVec></MemPortIdVec>
<condition id="-1">
<or_exp><and_exp><literal name="ALU_operation_MEM_load" val="2"/>
</and_exp></or_exp>
</condition>

<Node id="31" bw="32" op_0_bw="32" op_1_bw="32">
<![CDATA[
sw.bb4.i.i:0 %sdiv_ln148 = sdiv i32 %a, i32 %b

]]></Node>
<StgValue><ssdm name="sdiv_ln148"/></StgValue>
</operation>
</state>

<state id="11" st_id="12">

<operation id="85" st_id="11" stage="31" lat="36">
<core>Divider</core>
<MemPortIdVec></MemPortIdVec>
<condition id="-1">
<or_exp><and_exp><literal name="ALU_operation_MEM_load" val="2"/>
</and_exp></or_exp>
</condition>

<Node id="31" bw="32" op_0_bw="32" op_1_bw="32">
<![CDATA[
sw.bb4.i.i:0 %sdiv_ln148 = sdiv i32 %a, i32 %b

]]></Node>
<StgValue><ssdm name="sdiv_ln148"/></StgValue>
</operation>
</state>

<state id="12" st_id="13">

<operation id="86" st_id="12" stage="30" lat="36">
<core>Divider</core>
<MemPortIdVec></MemPortIdVec>
<condition id="-1">
<or_exp><and_exp><literal name="ALU_operation_MEM_load" val="2"/>
</and_exp></or_exp>
</condition>

<Node id="31" bw="32" op_0_bw="32" op_1_bw="32">
<![CDATA[
sw.bb4.i.i:0 %sdiv_ln148 = sdiv i32 %a, i32 %b

]]></Node>
<StgValue><ssdm name="sdiv_ln148"/></StgValue>
</operation>
</state>

<state id="13" st_id="14">

<operation id="87" st_id="13" stage="29" lat="36">
<core>Divider</core>
<MemPortIdVec></MemPortIdVec>
<condition id="-1">
<or_exp><and_exp><literal name="ALU_operation_MEM_load" val="2"/>
</and_exp></or_exp>
</condition>

<Node id="31" bw="32" op_0_bw="32" op_1_bw="32">
<![CDATA[
sw.bb4.i.i:0 %sdiv_ln148 = sdiv i32 %a, i32 %b

]]></Node>
<StgValue><ssdm name="sdiv_ln148"/></StgValue>
</operation>
</state>

<state id="14" st_id="15">

<operation id="88" st_id="14" stage="28" lat="36">
<core>Divider</core>
<MemPortIdVec></MemPortIdVec>
<condition id="-1">
<or_exp><and_exp><literal name="ALU_operation_MEM_load" val="2"/>
</and_exp></or_exp>
</condition>

<Node id="31" bw="32" op_0_bw="32" op_1_bw="32">
<![CDATA[
sw.bb4.i.i:0 %sdiv_ln148 = sdiv i32 %a, i32 %b

]]></Node>
<StgValue><ssdm name="sdiv_ln148"/></StgValue>
</operation>
</state>

<state id="15" st_id="16">

<operation id="89" st_id="15" stage="27" lat="36">
<core>Divider</core>
<MemPortIdVec></MemPortIdVec>
<condition id="-1">
<or_exp><and_exp><literal name="ALU_operation_MEM_load" val="2"/>
</and_exp></or_exp>
</condition>

<Node id="31" bw="32" op_0_bw="32" op_1_bw="32">
<![CDATA[
sw.bb4.i.i:0 %sdiv_ln148 = sdiv i32 %a, i32 %b

]]></Node>
<StgValue><ssdm name="sdiv_ln148"/></StgValue>
</operation>
</state>

<state id="16" st_id="17">

<operation id="90" st_id="16" stage="26" lat="36">
<core>Divider</core>
<MemPortIdVec></MemPortIdVec>
<condition id="-1">
<or_exp><and_exp><literal name="ALU_operation_MEM_load" val="2"/>
</and_exp></or_exp>
</condition>

<Node id="31" bw="32" op_0_bw="32" op_1_bw="32">
<![CDATA[
sw.bb4.i.i:0 %sdiv_ln148 = sdiv i32 %a, i32 %b

]]></Node>
<StgValue><ssdm name="sdiv_ln148"/></StgValue>
</operation>
</state>

<state id="17" st_id="18">

<operation id="91" st_id="17" stage="25" lat="36">
<core>Divider</core>
<MemPortIdVec></MemPortIdVec>
<condition id="-1">
<or_exp><and_exp><literal name="ALU_operation_MEM_load" val="2"/>
</and_exp></or_exp>
</condition>

<Node id="31" bw="32" op_0_bw="32" op_1_bw="32">
<![CDATA[
sw.bb4.i.i:0 %sdiv_ln148 = sdiv i32 %a, i32 %b

]]></Node>
<StgValue><ssdm name="sdiv_ln148"/></StgValue>
</operation>
</state>

<state id="18" st_id="19">

<operation id="92" st_id="18" stage="24" lat="36">
<core>Divider</core>
<MemPortIdVec></MemPortIdVec>
<condition id="-1">
<or_exp><and_exp><literal name="ALU_operation_MEM_load" val="2"/>
</and_exp></or_exp>
</condition>

<Node id="31" bw="32" op_0_bw="32" op_1_bw="32">
<![CDATA[
sw.bb4.i.i:0 %sdiv_ln148 = sdiv i32 %a, i32 %b

]]></Node>
<StgValue><ssdm name="sdiv_ln148"/></StgValue>
</operation>
</state>

<state id="19" st_id="20">

<operation id="93" st_id="19" stage="23" lat="36">
<core>Divider</core>
<MemPortIdVec></MemPortIdVec>
<condition id="-1">
<or_exp><and_exp><literal name="ALU_operation_MEM_load" val="2"/>
</and_exp></or_exp>
</condition>

<Node id="31" bw="32" op_0_bw="32" op_1_bw="32">
<![CDATA[
sw.bb4.i.i:0 %sdiv_ln148 = sdiv i32 %a, i32 %b

]]></Node>
<StgValue><ssdm name="sdiv_ln148"/></StgValue>
</operation>
</state>

<state id="20" st_id="21">

<operation id="94" st_id="20" stage="22" lat="36">
<core>Divider</core>
<MemPortIdVec></MemPortIdVec>
<condition id="-1">
<or_exp><and_exp><literal name="ALU_operation_MEM_load" val="2"/>
</and_exp></or_exp>
</condition>

<Node id="31" bw="32" op_0_bw="32" op_1_bw="32">
<![CDATA[
sw.bb4.i.i:0 %sdiv_ln148 = sdiv i32 %a, i32 %b

]]></Node>
<StgValue><ssdm name="sdiv_ln148"/></StgValue>
</operation>
</state>

<state id="21" st_id="22">

<operation id="95" st_id="21" stage="21" lat="36">
<core>Divider</core>
<MemPortIdVec></MemPortIdVec>
<condition id="-1">
<or_exp><and_exp><literal name="ALU_operation_MEM_load" val="2"/>
</and_exp></or_exp>
</condition>

<Node id="31" bw="32" op_0_bw="32" op_1_bw="32">
<![CDATA[
sw.bb4.i.i:0 %sdiv_ln148 = sdiv i32 %a, i32 %b

]]></Node>
<StgValue><ssdm name="sdiv_ln148"/></StgValue>
</operation>
</state>

<state id="22" st_id="23">

<operation id="96" st_id="22" stage="20" lat="36">
<core>Divider</core>
<MemPortIdVec></MemPortIdVec>
<condition id="-1">
<or_exp><and_exp><literal name="ALU_operation_MEM_load" val="2"/>
</and_exp></or_exp>
</condition>

<Node id="31" bw="32" op_0_bw="32" op_1_bw="32">
<![CDATA[
sw.bb4.i.i:0 %sdiv_ln148 = sdiv i32 %a, i32 %b

]]></Node>
<StgValue><ssdm name="sdiv_ln148"/></StgValue>
</operation>
</state>

<state id="23" st_id="24">

<operation id="97" st_id="23" stage="19" lat="36">
<core>Divider</core>
<MemPortIdVec></MemPortIdVec>
<condition id="-1">
<or_exp><and_exp><literal name="ALU_operation_MEM_load" val="2"/>
</and_exp></or_exp>
</condition>

<Node id="31" bw="32" op_0_bw="32" op_1_bw="32">
<![CDATA[
sw.bb4.i.i:0 %sdiv_ln148 = sdiv i32 %a, i32 %b

]]></Node>
<StgValue><ssdm name="sdiv_ln148"/></StgValue>
</operation>
</state>

<state id="24" st_id="25">

<operation id="98" st_id="24" stage="18" lat="36">
<core>Divider</core>
<MemPortIdVec></MemPortIdVec>
<condition id="-1">
<or_exp><and_exp><literal name="ALU_operation_MEM_load" val="2"/>
</and_exp></or_exp>
</condition>

<Node id="31" bw="32" op_0_bw="32" op_1_bw="32">
<![CDATA[
sw.bb4.i.i:0 %sdiv_ln148 = sdiv i32 %a, i32 %b

]]></Node>
<StgValue><ssdm name="sdiv_ln148"/></StgValue>
</operation>
</state>

<state id="25" st_id="26">

<operation id="99" st_id="25" stage="17" lat="36">
<core>Divider</core>
<MemPortIdVec></MemPortIdVec>
<condition id="-1">
<or_exp><and_exp><literal name="ALU_operation_MEM_load" val="2"/>
</and_exp></or_exp>
</condition>

<Node id="31" bw="32" op_0_bw="32" op_1_bw="32">
<![CDATA[
sw.bb4.i.i:0 %sdiv_ln148 = sdiv i32 %a, i32 %b

]]></Node>
<StgValue><ssdm name="sdiv_ln148"/></StgValue>
</operation>
</state>

<state id="26" st_id="27">

<operation id="100" st_id="26" stage="16" lat="36">
<core>Divider</core>
<MemPortIdVec></MemPortIdVec>
<condition id="-1">
<or_exp><and_exp><literal name="ALU_operation_MEM_load" val="2"/>
</and_exp></or_exp>
</condition>

<Node id="31" bw="32" op_0_bw="32" op_1_bw="32">
<![CDATA[
sw.bb4.i.i:0 %sdiv_ln148 = sdiv i32 %a, i32 %b

]]></Node>
<StgValue><ssdm name="sdiv_ln148"/></StgValue>
</operation>
</state>

<state id="27" st_id="28">

<operation id="101" st_id="27" stage="15" lat="36">
<core>Divider</core>
<MemPortIdVec></MemPortIdVec>
<condition id="-1">
<or_exp><and_exp><literal name="ALU_operation_MEM_load" val="2"/>
</and_exp></or_exp>
</condition>

<Node id="31" bw="32" op_0_bw="32" op_1_bw="32">
<![CDATA[
sw.bb4.i.i:0 %sdiv_ln148 = sdiv i32 %a, i32 %b

]]></Node>
<StgValue><ssdm name="sdiv_ln148"/></StgValue>
</operation>
</state>

<state id="28" st_id="29">

<operation id="102" st_id="28" stage="14" lat="36">
<core>Divider</core>
<MemPortIdVec></MemPortIdVec>
<condition id="-1">
<or_exp><and_exp><literal name="ALU_operation_MEM_load" val="2"/>
</and_exp></or_exp>
</condition>

<Node id="31" bw="32" op_0_bw="32" op_1_bw="32">
<![CDATA[
sw.bb4.i.i:0 %sdiv_ln148 = sdiv i32 %a, i32 %b

]]></Node>
<StgValue><ssdm name="sdiv_ln148"/></StgValue>
</operation>
</state>

<state id="29" st_id="30">

<operation id="103" st_id="29" stage="13" lat="36">
<core>Divider</core>
<MemPortIdVec></MemPortIdVec>
<condition id="-1">
<or_exp><and_exp><literal name="ALU_operation_MEM_load" val="2"/>
</and_exp></or_exp>
</condition>

<Node id="31" bw="32" op_0_bw="32" op_1_bw="32">
<![CDATA[
sw.bb4.i.i:0 %sdiv_ln148 = sdiv i32 %a, i32 %b

]]></Node>
<StgValue><ssdm name="sdiv_ln148"/></StgValue>
</operation>
</state>

<state id="30" st_id="31">

<operation id="104" st_id="30" stage="12" lat="36">
<core>Divider</core>
<MemPortIdVec></MemPortIdVec>
<condition id="-1">
<or_exp><and_exp><literal name="ALU_operation_MEM_load" val="2"/>
</and_exp></or_exp>
</condition>

<Node id="31" bw="32" op_0_bw="32" op_1_bw="32">
<![CDATA[
sw.bb4.i.i:0 %sdiv_ln148 = sdiv i32 %a, i32 %b

]]></Node>
<StgValue><ssdm name="sdiv_ln148"/></StgValue>
</operation>
</state>

<state id="31" st_id="32">

<operation id="105" st_id="31" stage="11" lat="36">
<core>Divider</core>
<MemPortIdVec></MemPortIdVec>
<condition id="-1">
<or_exp><and_exp><literal name="ALU_operation_MEM_load" val="2"/>
</and_exp></or_exp>
</condition>

<Node id="31" bw="32" op_0_bw="32" op_1_bw="32">
<![CDATA[
sw.bb4.i.i:0 %sdiv_ln148 = sdiv i32 %a, i32 %b

]]></Node>
<StgValue><ssdm name="sdiv_ln148"/></StgValue>
</operation>
</state>

<state id="32" st_id="33">

<operation id="106" st_id="32" stage="10" lat="36">
<core>Divider</core>
<MemPortIdVec></MemPortIdVec>
<condition id="-1">
<or_exp><and_exp><literal name="ALU_operation_MEM_load" val="2"/>
</and_exp></or_exp>
</condition>

<Node id="31" bw="32" op_0_bw="32" op_1_bw="32">
<![CDATA[
sw.bb4.i.i:0 %sdiv_ln148 = sdiv i32 %a, i32 %b

]]></Node>
<StgValue><ssdm name="sdiv_ln148"/></StgValue>
</operation>
</state>

<state id="33" st_id="34">

<operation id="107" st_id="33" stage="9" lat="36">
<core>Divider</core>
<MemPortIdVec></MemPortIdVec>
<condition id="-1">
<or_exp><and_exp><literal name="ALU_operation_MEM_load" val="2"/>
</and_exp></or_exp>
</condition>

<Node id="31" bw="32" op_0_bw="32" op_1_bw="32">
<![CDATA[
sw.bb4.i.i:0 %sdiv_ln148 = sdiv i32 %a, i32 %b

]]></Node>
<StgValue><ssdm name="sdiv_ln148"/></StgValue>
</operation>
</state>

<state id="34" st_id="35">

<operation id="108" st_id="34" stage="8" lat="36">
<core>Divider</core>
<MemPortIdVec></MemPortIdVec>
<condition id="-1">
<or_exp><and_exp><literal name="ALU_operation_MEM_load" val="2"/>
</and_exp></or_exp>
</condition>

<Node id="31" bw="32" op_0_bw="32" op_1_bw="32">
<![CDATA[
sw.bb4.i.i:0 %sdiv_ln148 = sdiv i32 %a, i32 %b

]]></Node>
<StgValue><ssdm name="sdiv_ln148"/></StgValue>
</operation>
</state>

<state id="35" st_id="36">

<operation id="109" st_id="35" stage="7" lat="36">
<core>Divider</core>
<MemPortIdVec></MemPortIdVec>
<condition id="-1">
<or_exp><and_exp><literal name="ALU_operation_MEM_load" val="2"/>
</and_exp></or_exp>
</condition>

<Node id="31" bw="32" op_0_bw="32" op_1_bw="32">
<![CDATA[
sw.bb4.i.i:0 %sdiv_ln148 = sdiv i32 %a, i32 %b

]]></Node>
<StgValue><ssdm name="sdiv_ln148"/></StgValue>
</operation>
</state>

<state id="36" st_id="37">

<operation id="110" st_id="36" stage="6" lat="36">
<core>Divider</core>
<MemPortIdVec></MemPortIdVec>
<condition id="-1">
<or_exp><and_exp><literal name="ALU_operation_MEM_load" val="2"/>
</and_exp></or_exp>
</condition>

<Node id="31" bw="32" op_0_bw="32" op_1_bw="32">
<![CDATA[
sw.bb4.i.i:0 %sdiv_ln148 = sdiv i32 %a, i32 %b

]]></Node>
<StgValue><ssdm name="sdiv_ln148"/></StgValue>
</operation>
</state>

<state id="37" st_id="38">

<operation id="111" st_id="37" stage="5" lat="36">
<core>Divider</core>
<MemPortIdVec></MemPortIdVec>
<condition id="-1">
<or_exp><and_exp><literal name="ALU_operation_MEM_load" val="2"/>
</and_exp></or_exp>
</condition>

<Node id="31" bw="32" op_0_bw="32" op_1_bw="32">
<![CDATA[
sw.bb4.i.i:0 %sdiv_ln148 = sdiv i32 %a, i32 %b

]]></Node>
<StgValue><ssdm name="sdiv_ln148"/></StgValue>
</operation>
</state>

<state id="38" st_id="39">

<operation id="112" st_id="38" stage="4" lat="36">
<core>Divider</core>
<MemPortIdVec></MemPortIdVec>
<condition id="-1">
<or_exp><and_exp><literal name="ALU_operation_MEM_load" val="2"/>
</and_exp></or_exp>
</condition>

<Node id="31" bw="32" op_0_bw="32" op_1_bw="32">
<![CDATA[
sw.bb4.i.i:0 %sdiv_ln148 = sdiv i32 %a, i32 %b

]]></Node>
<StgValue><ssdm name="sdiv_ln148"/></StgValue>
</operation>
</state>

<state id="39" st_id="40">

<operation id="113" st_id="39" stage="3" lat="36">
<core>Divider</core>
<MemPortIdVec></MemPortIdVec>
<condition id="-1">
<or_exp><and_exp><literal name="ALU_operation_MEM_load" val="2"/>
</and_exp></or_exp>
</condition>

<Node id="31" bw="32" op_0_bw="32" op_1_bw="32">
<![CDATA[
sw.bb4.i.i:0 %sdiv_ln148 = sdiv i32 %a, i32 %b

]]></Node>
<StgValue><ssdm name="sdiv_ln148"/></StgValue>
</operation>
</state>
</state_list>


<ports>
</ports>


<dataflows>
</dataflows>


</stg>
