<stg><name>op_data_exe_wb_Pipeline_write_back</name>


<trans_list>

<trans id="61" from="1" to="2">
<condition id="-1">
<or_exp><and_exp></and_exp></or_exp>
</condition>
</trans>

<trans id="53" from="2" to="3">
<condition id="-1">
<or_exp><and_exp></and_exp></or_exp>
</condition>
</trans>

<trans id="54" from="3" to="4">
<condition id="-1">
<or_exp><and_exp></and_exp></or_exp>
</condition>
</trans>

<trans id="55" from="4" to="5">
<condition id="-1">
<or_exp><and_exp></and_exp></or_exp>
</condition>
</trans>

<trans id="56" from="5" to="6">
<condition id="-1">
<or_exp><and_exp></and_exp></or_exp>
</condition>
</trans>

<trans id="57" from="6" to="7">
<condition id="-1">
<or_exp><and_exp></and_exp></or_exp>
</condition>
</trans>

<trans id="58" from="7" to="8">
<condition id="-1">
<or_exp><and_exp></and_exp></or_exp>
</condition>
</trans>
</trans_list>



<state_list>

<state id="1" st_id="2">

<operation id="11" st_id="1" stage="1" lat="1">
<core>NULL</core>
<MemPortIdVec></MemPortIdVec>
<condition id="-1">
<or_exp><and_exp></and_exp></or_exp>
</condition>

<Node id="4" bw="9" op_0_bw="32">
<![CDATA[
newFuncRoot:0 %i = alloca i32 1

]]></Node>
<StgValue><ssdm name="i"/></StgValue>
</operation>

<operation id="12" st_id="1" stage="1" lat="1">
<core>NULL</core>
<MemPortIdVec></MemPortIdVec>
<condition id="-1">
<or_exp><and_exp></and_exp></or_exp>
</condition>

<Node id="5" bw="0" op_0_bw="0" op_1_bw="32" op_2_bw="0" op_3_bw="32" op_4_bw="32" op_5_bw="0" op_6_bw="32" op_7_bw="32" op_8_bw="0" op_9_bw="0" op_10_bw="0" op_11_bw="32" op_12_bw="32" op_13_bw="32" op_14_bw="32" op_15_bw="0" op_16_bw="0" op_17_bw="32" op_18_bw="32">
<![CDATA[
newFuncRoot:1 %specinterface_ln0 = specinterface void @_ssdm_op_SpecInterface, i32 %gmem2, void @empty_19, i32 0, i32 0, void @empty_20, i32 0, i32 400, void @empty_24, void @empty_22, void @empty_20, i32 16, i32 16, i32 16, i32 16, void @empty_20, void @empty_20, i32 4294967295, i32 0

]]></Node>
<StgValue><ssdm name="specinterface_ln0"/></StgValue>
</operation>

<operation id="13" st_id="1" stage="1" lat="1">
<core>NULL</core>
<MemPortIdVec></MemPortIdVec>
<condition id="-1">
<or_exp><and_exp></and_exp></or_exp>
</condition>

<Node id="6" bw="0" op_0_bw="0" op_1_bw="32" op_2_bw="0" op_3_bw="32" op_4_bw="32" op_5_bw="0" op_6_bw="32" op_7_bw="32" op_8_bw="0" op_9_bw="0" op_10_bw="0" op_11_bw="32" op_12_bw="32" op_13_bw="32" op_14_bw="32" op_15_bw="0" op_16_bw="0" op_17_bw="32" op_18_bw="32">
<![CDATA[
newFuncRoot:2 %specinterface_ln0 = specinterface void @_ssdm_op_SpecInterface, i32 %data_result, void @empty_16, i32 0, i32 0, void @empty_20, i32 0, i32 0, void @empty_20, void @empty_20, void @empty_20, i32 0, i32 0, i32 0, i32 0, void @empty_20, void @empty_20, i32 4294967295, i32 0

]]></Node>
<StgValue><ssdm name="specinterface_ln0"/></StgValue>
</operation>

<operation id="14" st_id="1" stage="1" lat="1">
<core>NULL</core>
<MemPortIdVec></MemPortIdVec>
<condition id="-1">
<or_exp><and_exp></and_exp></or_exp>
</condition>

<Node id="7" bw="64" op_0_bw="64" op_1_bw="64">
<![CDATA[
newFuncRoot:3 %c_read = read i64 @_ssdm_op_Read.ap_auto.i64, i64 %c

]]></Node>
<StgValue><ssdm name="c_read"/></StgValue>
</operation>

<operation id="15" st_id="1" stage="1" lat="1">
<core>NULL</core>
<MemPortIdVec></MemPortIdVec>
<condition id="-1">
<or_exp><and_exp></and_exp></or_exp>
</condition>

<Node id="8" bw="0" op_0_bw="9" op_1_bw="9">
<![CDATA[
newFuncRoot:4 %store_ln166 = store i9 0, i9 %i

]]></Node>
<StgValue><ssdm name="store_ln166"/></StgValue>
</operation>

<operation id="16" st_id="1" stage="1" lat="1">
<core>NULL</core>
<MemPortIdVec></MemPortIdVec>
<condition id="-1">
<or_exp><and_exp></and_exp></or_exp>
</condition>

<Node id="9" bw="0" op_0_bw="0">
<![CDATA[
newFuncRoot:5 %br_ln0 = br void %for.inc.i23.i

]]></Node>
<StgValue><ssdm name="br_ln0"/></StgValue>
</operation>

<operation id="17" st_id="1" stage="1" lat="1">
<core>NULL</core>
<MemPortIdVec></MemPortIdVec>
<condition id="-1">
<or_exp><and_exp></and_exp></or_exp>
</condition>

<Node id="11" bw="9" op_0_bw="9" op_1_bw="0">
<![CDATA[
for.inc.i23.i:0 %i_3 = load i9 %i

]]></Node>
<StgValue><ssdm name="i_3"/></StgValue>
</operation>

<operation id="18" st_id="1" stage="1" lat="1">
<core>Cmp</core>
<MemPortIdVec></MemPortIdVec>
<condition id="-1">
<or_exp><and_exp></and_exp></or_exp>
</condition>

<Node id="12" bw="1" op_0_bw="9" op_1_bw="9">
<![CDATA[
for.inc.i23.i:1 %icmp_ln166 = icmp_eq  i9 %i_3, i9 400

]]></Node>
<StgValue><ssdm name="icmp_ln166"/></StgValue>
</operation>

<operation id="19" st_id="1" stage="1" lat="1">
<core>Adder</core>
<MemPortIdVec></MemPortIdVec>
<condition id="-1">
<or_exp><and_exp></and_exp></or_exp>
</condition>

<Node id="13" bw="9" op_0_bw="9" op_1_bw="9">
<![CDATA[
for.inc.i23.i:2 %add_ln166 = add i9 %i_3, i9 1

]]></Node>
<StgValue><ssdm name="add_ln166"/></StgValue>
</operation>

<operation id="20" st_id="1" stage="1" lat="1">
<core>NULL</core>
<MemPortIdVec></MemPortIdVec>
<condition id="-1">
<or_exp><and_exp></and_exp></or_exp>
</condition>

<Node id="14" bw="0" op_0_bw="1" op_1_bw="0" op_2_bw="0">
<![CDATA[
for.inc.i23.i:3 %br_ln166 = br i1 %icmp_ln166, void %for.inc.i23.split.i, void %op_data_exe_wb.exit.exitStub

]]></Node>
<StgValue><ssdm name="br_ln166"/></StgValue>
</operation>

<operation id="21" st_id="1" stage="1" lat="1">
<core>NULL</core>
<MemPortIdVec></MemPortIdVec>
<condition id="-1">
<or_exp><and_exp><literal name="icmp_ln166" val="0"/>
</and_exp></or_exp>
</condition>

<Node id="20" bw="11" op_0_bw="11" op_1_bw="9" op_2_bw="2">
<![CDATA[
for.inc.i23.split.i:4 %shl_ln3 = bitconcatenate i11 @_ssdm_op_BitConcatenate.i11.i9.i2, i9 %i_3, i2 0

]]></Node>
<StgValue><ssdm name="shl_ln3"/></StgValue>
</operation>

<operation id="22" st_id="1" stage="1" lat="1">
<core>NULL</core>
<MemPortIdVec></MemPortIdVec>
<condition id="-1">
<or_exp><and_exp><literal name="icmp_ln166" val="0"/>
</and_exp></or_exp>
</condition>

<Node id="21" bw="64" op_0_bw="11">
<![CDATA[
for.inc.i23.split.i:5 %zext_ln169 = zext i11 %shl_ln3

]]></Node>
<StgValue><ssdm name="zext_ln169"/></StgValue>
</operation>

<operation id="23" st_id="1" stage="1" lat="1">
<core>Adder</core>
<MemPortIdVec></MemPortIdVec>
<condition id="-1">
<or_exp><and_exp><literal name="icmp_ln166" val="0"/>
</and_exp></or_exp>
</condition>

<Node id="22" bw="64" op_0_bw="64" op_1_bw="64">
<![CDATA[
for.inc.i23.split.i:6 %add_ln169 = add i64 %zext_ln169, i64 %c_read

]]></Node>
<StgValue><ssdm name="add_ln169"/></StgValue>
</operation>

<operation id="24" st_id="1" stage="1" lat="1">
<core>NULL</core>
<MemPortIdVec></MemPortIdVec>
<condition id="-1">
<or_exp><and_exp><literal name="icmp_ln166" val="0"/>
</and_exp></or_exp>
</condition>

<Node id="23" bw="62" op_0_bw="62" op_1_bw="64" op_2_bw="32" op_3_bw="32">
<![CDATA[
for.inc.i23.split.i:7 %trunc_ln3 = partselect i62 @_ssdm_op_PartSelect.i62.i64.i32.i32, i64 %add_ln169, i32 2, i32 63

]]></Node>
<StgValue><ssdm name="trunc_ln3"/></StgValue>
</operation>

<operation id="25" st_id="1" stage="1" lat="1">
<core>NULL</core>
<MemPortIdVec></MemPortIdVec>
<condition id="-1">
<or_exp><and_exp><literal name="icmp_ln166" val="0"/>
</and_exp></or_exp>
</condition>

<Node id="24" bw="64" op_0_bw="62">
<![CDATA[
for.inc.i23.split.i:8 %sext_ln169 = sext i62 %trunc_ln3

]]></Node>
<StgValue><ssdm name="sext_ln169"/></StgValue>
</operation>

<operation id="26" st_id="1" stage="1" lat="1">
<core>NULL</core>
<MemPortIdVec></MemPortIdVec>
<condition id="-1">
<or_exp><and_exp><literal name="icmp_ln166" val="0"/>
</and_exp></or_exp>
</condition>

<Node id="25" bw="32" op_0_bw="32" op_1_bw="64">
<![CDATA[
for.inc.i23.split.i:9 %gmem2_addr = getelementptr i32 %gmem2, i64 %sext_ln169

]]></Node>
<StgValue><ssdm name="gmem2_addr"/></StgValue>
</operation>

<operation id="27" st_id="1" stage="1" lat="1">
<core>NULL</core>
<MemPortIdVec></MemPortIdVec>
<condition id="-1">
<or_exp><and_exp><literal name="icmp_ln166" val="0"/>
</and_exp></or_exp>
</condition>

<Node id="29" bw="0" op_0_bw="9" op_1_bw="9" op_2_bw="0" op_3_bw="0">
<![CDATA[
for.inc.i23.split.i:13 %store_ln166 = store i9 %add_ln166, i9 %i

]]></Node>
<StgValue><ssdm name="store_ln166"/></StgValue>
</operation>
</state>

<state id="2" st_id="3">

<operation id="28" st_id="2" stage="1" lat="1">
<core>FIFO</core>
<MemPortIdVec></MemPortIdVec>
<condition id="-1">
<or_exp><and_exp></and_exp></or_exp>
</condition>

<Node id="19" bw="32" op_0_bw="32" op_1_bw="32">
<![CDATA[
for.inc.i23.split.i:3 %data_result_read = read i32 @_ssdm_op_Read.ap_fifo.volatile.i32P0A, i32 %data_result

]]></Node>
<StgValue><ssdm name="data_result_read"/></StgValue>
</operation>

<operation id="29" st_id="2" stage="1" lat="1">
<core>m_axi</core>
<MemPortIdVec></MemPortIdVec>
<condition id="-1">
<or_exp><and_exp></and_exp></or_exp>
</condition>

<Node id="26" bw="1" op_0_bw="1" op_1_bw="32" op_2_bw="32">
<![CDATA[
for.inc.i23.split.i:10 %gmem2_addr_req = writereq i1 @_ssdm_op_WriteReq.m_axi.i32P1A, i32 %gmem2_addr, i32 1

]]></Node>
<StgValue><ssdm name="gmem2_addr_req"/></StgValue>
</operation>
</state>

<state id="3" st_id="4">

<operation id="30" st_id="3" stage="1" lat="1">
<core>m_axi</core>
<MemPortIdVec></MemPortIdVec>
<condition id="-1">
<or_exp><and_exp></and_exp></or_exp>
</condition>

<Node id="27" bw="0" op_0_bw="0" op_1_bw="32" op_2_bw="32" op_3_bw="4" op_4_bw="0">
<![CDATA[
for.inc.i23.split.i:11 %write_ln169 = write void @_ssdm_op_Write.m_axi.volatile.i32P1A, i32 %gmem2_addr, i32 %data_result_read, i4 15

]]></Node>
<StgValue><ssdm name="write_ln169"/></StgValue>
</operation>
</state>

<state id="4" st_id="5">

<operation id="31" st_id="4" stage="5" lat="5">
<core>m_axi</core>
<MemPortIdVec></MemPortIdVec>
<condition id="-1">
<or_exp><and_exp></and_exp></or_exp>
</condition>

<Node id="28" bw="1" op_0_bw="1" op_1_bw="32" op_2_bw="0">
<![CDATA[
for.inc.i23.split.i:12 %gmem2_addr_resp = writeresp i1 @_ssdm_op_WriteResp.m_axi.i32P1A, i32 %gmem2_addr

]]></Node>
<StgValue><ssdm name="gmem2_addr_resp"/></StgValue>
</operation>
</state>

<state id="5" st_id="6">

<operation id="32" st_id="5" stage="4" lat="5">
<core>m_axi</core>
<MemPortIdVec></MemPortIdVec>
<condition id="-1">
<or_exp><and_exp></and_exp></or_exp>
</condition>

<Node id="28" bw="1" op_0_bw="1" op_1_bw="32" op_2_bw="0">
<![CDATA[
for.inc.i23.split.i:12 %gmem2_addr_resp = writeresp i1 @_ssdm_op_WriteResp.m_axi.i32P1A, i32 %gmem2_addr

]]></Node>
<StgValue><ssdm name="gmem2_addr_resp"/></StgValue>
</operation>
</state>

<state id="6" st_id="7">

<operation id="33" st_id="6" stage="3" lat="5">
<core>m_axi</core>
<MemPortIdVec></MemPortIdVec>
<condition id="-1">
<or_exp><and_exp></and_exp></or_exp>
</condition>

<Node id="28" bw="1" op_0_bw="1" op_1_bw="32" op_2_bw="0">
<![CDATA[
for.inc.i23.split.i:12 %gmem2_addr_resp = writeresp i1 @_ssdm_op_WriteResp.m_axi.i32P1A, i32 %gmem2_addr

]]></Node>
<StgValue><ssdm name="gmem2_addr_resp"/></StgValue>
</operation>
</state>

<state id="7" st_id="8">

<operation id="34" st_id="7" stage="2" lat="5">
<core>m_axi</core>
<MemPortIdVec></MemPortIdVec>
<condition id="-1">
<or_exp><and_exp></and_exp></or_exp>
</condition>

<Node id="28" bw="1" op_0_bw="1" op_1_bw="32" op_2_bw="0">
<![CDATA[
for.inc.i23.split.i:12 %gmem2_addr_resp = writeresp i1 @_ssdm_op_WriteResp.m_axi.i32P1A, i32 %gmem2_addr

]]></Node>
<StgValue><ssdm name="gmem2_addr_resp"/></StgValue>
</operation>

<operation id="40" st_id="7" stage="1" lat="1">
<core>NULL</core>
<MemPortIdVec></MemPortIdVec>
<condition id="-1">
<or_exp><and_exp><literal name="icmp_ln166" val="1"/>
</and_exp></or_exp>
</condition>

<Node id="32" bw="0">
<![CDATA[
op_data_exe_wb.exit.exitStub:0 %ret_ln0 = ret

]]></Node>
<StgValue><ssdm name="ret_ln0"/></StgValue>
</operation>
</state>

<state id="8" st_id="9">

<operation id="35" st_id="8" stage="1" lat="1">
<core>NULL</core>
<MemPortIdVec></MemPortIdVec>
<condition id="-1">
<or_exp><and_exp></and_exp></or_exp>
</condition>

<Node id="16" bw="0" op_0_bw="0" op_1_bw="32" op_2_bw="32" op_3_bw="32" op_4_bw="32" op_5_bw="0">
<![CDATA[
for.inc.i23.split.i:0 %specpipeline_ln168 = specpipeline void @_ssdm_op_SpecPipeline, i32 1, i32 0, i32 0, i32 0, void @empty_20

]]></Node>
<StgValue><ssdm name="specpipeline_ln168"/></StgValue>
</operation>

<operation id="36" st_id="8" stage="1" lat="1">
<core>NULL</core>
<MemPortIdVec></MemPortIdVec>
<condition id="-1">
<or_exp><and_exp></and_exp></or_exp>
</condition>

<Node id="17" bw="0" op_0_bw="0" op_1_bw="64" op_2_bw="64" op_3_bw="64">
<![CDATA[
for.inc.i23.split.i:1 %speclooptripcount_ln166 = speclooptripcount void @_ssdm_op_SpecLoopTripCount, i64 400, i64 400, i64 400

]]></Node>
<StgValue><ssdm name="speclooptripcount_ln166"/></StgValue>
</operation>

<operation id="37" st_id="8" stage="1" lat="1">
<core>NULL</core>
<MemPortIdVec></MemPortIdVec>
<condition id="-1">
<or_exp><and_exp></and_exp></or_exp>
</condition>

<Node id="18" bw="0" op_0_bw="0" op_1_bw="0">
<![CDATA[
for.inc.i23.split.i:2 %specloopname_ln166 = specloopname void @_ssdm_op_SpecLoopName, void @empty_7

]]></Node>
<StgValue><ssdm name="specloopname_ln166"/></StgValue>
</operation>

<operation id="38" st_id="8" stage="1" lat="5">
<core>m_axi</core>
<MemPortIdVec></MemPortIdVec>
<condition id="-1">
<or_exp><and_exp></and_exp></or_exp>
</condition>

<Node id="28" bw="1" op_0_bw="1" op_1_bw="32" op_2_bw="0">
<![CDATA[
for.inc.i23.split.i:12 %gmem2_addr_resp = writeresp i1 @_ssdm_op_WriteResp.m_axi.i32P1A, i32 %gmem2_addr

]]></Node>
<StgValue><ssdm name="gmem2_addr_resp"/></StgValue>
</operation>

<operation id="39" st_id="8" stage="1" lat="1">
<core>NULL</core>
<MemPortIdVec></MemPortIdVec>
<condition id="-1">
<or_exp><and_exp></and_exp></or_exp>
</condition>

<Node id="30" bw="0" op_0_bw="0">
<![CDATA[
for.inc.i23.split.i:14 %br_ln166 = br void %for.inc.i23.i

]]></Node>
<StgValue><ssdm name="br_ln166"/></StgValue>
</operation>
</state>
</state_list>


<ports>
</ports>


<dataflows>
</dataflows>


</stg>
