<stg><name>op_data_exe_wb_Pipeline_s_operation_data_op</name>


<trans_list>

<trans id="31" from="1" to="2">
<condition id="-1">
<or_exp><and_exp></and_exp></or_exp>
</condition>
</trans>
</trans_list>



<state_list>

<state id="1" st_id="2">

<operation id="5" st_id="1" stage="1" lat="1">
<core>NULL</core>
<MemPortIdVec></MemPortIdVec>
<condition id="-1">
<or_exp><and_exp></and_exp></or_exp>
</condition>

<Node id="3" bw="9" op_0_bw="32">
<![CDATA[
newFuncRoot:0 %i = alloca i32 1

]]></Node>
<StgValue><ssdm name="i"/></StgValue>
</operation>

<operation id="6" st_id="1" stage="1" lat="1">
<core>NULL</core>
<MemPortIdVec></MemPortIdVec>
<condition id="-1">
<or_exp><and_exp></and_exp></or_exp>
</condition>

<Node id="4" bw="0" op_0_bw="0" op_1_bw="32" op_2_bw="0" op_3_bw="32" op_4_bw="32" op_5_bw="0" op_6_bw="32" op_7_bw="32" op_8_bw="0" op_9_bw="0" op_10_bw="0" op_11_bw="32" op_12_bw="32" op_13_bw="32" op_14_bw="32" op_15_bw="0" op_16_bw="0" op_17_bw="32" op_18_bw="32">
<![CDATA[
newFuncRoot:1 %specinterface_ln0 = specinterface void @_ssdm_op_SpecInterface, i32 %ALU_operation, void @empty_16, i32 0, i32 0, void @empty_20, i32 0, i32 0, void @empty_20, void @empty_20, void @empty_20, i32 0, i32 0, i32 0, i32 0, void @empty_20, void @empty_20, i32 4294967295, i32 0

]]></Node>
<StgValue><ssdm name="specinterface_ln0"/></StgValue>
</operation>

<operation id="7" st_id="1" stage="1" lat="1">
<core>NULL</core>
<MemPortIdVec></MemPortIdVec>
<condition id="-1">
<or_exp><and_exp></and_exp></or_exp>
</condition>

<Node id="5" bw="0" op_0_bw="9" op_1_bw="9">
<![CDATA[
newFuncRoot:2 %store_ln94 = store i9 0, i9 %i

]]></Node>
<StgValue><ssdm name="store_ln94"/></StgValue>
</operation>

<operation id="8" st_id="1" stage="1" lat="1">
<core>NULL</core>
<MemPortIdVec></MemPortIdVec>
<condition id="-1">
<or_exp><and_exp></and_exp></or_exp>
</condition>

<Node id="6" bw="0" op_0_bw="0">
<![CDATA[
newFuncRoot:3 %br_ln0 = br void %for.inc.i14.i

]]></Node>
<StgValue><ssdm name="br_ln0"/></StgValue>
</operation>

<operation id="9" st_id="1" stage="1" lat="1">
<core>NULL</core>
<MemPortIdVec></MemPortIdVec>
<condition id="-1">
<or_exp><and_exp></and_exp></or_exp>
</condition>

<Node id="8" bw="9" op_0_bw="9" op_1_bw="0">
<![CDATA[
for.inc.i14.i:0 %i_4 = load i9 %i

]]></Node>
<StgValue><ssdm name="i_4"/></StgValue>
</operation>

<operation id="10" st_id="1" stage="1" lat="1">
<core>Cmp</core>
<MemPortIdVec></MemPortIdVec>
<condition id="-1">
<or_exp><and_exp></and_exp></or_exp>
</condition>

<Node id="9" bw="1" op_0_bw="9" op_1_bw="9">
<![CDATA[
for.inc.i14.i:1 %icmp_ln94 = icmp_eq  i9 %i_4, i9 400

]]></Node>
<StgValue><ssdm name="icmp_ln94"/></StgValue>
</operation>

<operation id="11" st_id="1" stage="1" lat="1">
<core>Adder</core>
<MemPortIdVec></MemPortIdVec>
<condition id="-1">
<or_exp><and_exp></and_exp></or_exp>
</condition>

<Node id="10" bw="9" op_0_bw="9" op_1_bw="9">
<![CDATA[
for.inc.i14.i:2 %add_ln94 = add i9 %i_4, i9 1

]]></Node>
<StgValue><ssdm name="add_ln94"/></StgValue>
</operation>

<operation id="12" st_id="1" stage="1" lat="1">
<core>NULL</core>
<MemPortIdVec></MemPortIdVec>
<condition id="-1">
<or_exp><and_exp></and_exp></or_exp>
</condition>

<Node id="11" bw="0" op_0_bw="1" op_1_bw="0" op_2_bw="0">
<![CDATA[
for.inc.i14.i:3 %br_ln94 = br i1 %icmp_ln94, void %for.inc.i14.split.i, void %for.body.i.i.preheader.exitStub

]]></Node>
<StgValue><ssdm name="br_ln94"/></StgValue>
</operation>

<operation id="13" st_id="1" stage="1" lat="1">
<core>NULL</core>
<MemPortIdVec></MemPortIdVec>
<condition id="-1">
<or_exp><and_exp><literal name="icmp_ln94" val="0"/>
</and_exp></or_exp>
</condition>

<Node id="20" bw="0" op_0_bw="9" op_1_bw="9" op_2_bw="0" op_3_bw="0">
<![CDATA[
for.inc.i14.split.i:7 %store_ln94 = store i9 %add_ln94, i9 %i

]]></Node>
<StgValue><ssdm name="store_ln94"/></StgValue>
</operation>

<operation id="22" st_id="1" stage="1" lat="1">
<core>NULL</core>
<MemPortIdVec></MemPortIdVec>
<condition id="-1">
<or_exp><and_exp><literal name="icmp_ln94" val="1"/>
</and_exp></or_exp>
</condition>

<Node id="23" bw="0">
<![CDATA[
for.body.i.i.preheader.exitStub:0 %ret_ln0 = ret

]]></Node>
<StgValue><ssdm name="ret_ln0"/></StgValue>
</operation>
</state>

<state id="2" st_id="3">

<operation id="14" st_id="2" stage="1" lat="1">
<core>NULL</core>
<MemPortIdVec></MemPortIdVec>
<condition id="-1">
<or_exp><and_exp></and_exp></or_exp>
</condition>

<Node id="13" bw="64" op_0_bw="9">
<![CDATA[
for.inc.i14.split.i:0 %zext_ln94 = zext i9 %i_4

]]></Node>
<StgValue><ssdm name="zext_ln94"/></StgValue>
</operation>

<operation id="15" st_id="2" stage="1" lat="1">
<core>NULL</core>
<MemPortIdVec></MemPortIdVec>
<condition id="-1">
<or_exp><and_exp></and_exp></or_exp>
</condition>

<Node id="14" bw="0" op_0_bw="0" op_1_bw="32" op_2_bw="32" op_3_bw="32" op_4_bw="32" op_5_bw="0">
<![CDATA[
for.inc.i14.split.i:1 %specpipeline_ln96 = specpipeline void @_ssdm_op_SpecPipeline, i32 1, i32 0, i32 0, i32 0, void @empty_20

]]></Node>
<StgValue><ssdm name="specpipeline_ln96"/></StgValue>
</operation>

<operation id="16" st_id="2" stage="1" lat="1">
<core>NULL</core>
<MemPortIdVec></MemPortIdVec>
<condition id="-1">
<or_exp><and_exp></and_exp></or_exp>
</condition>

<Node id="15" bw="0" op_0_bw="0" op_1_bw="64" op_2_bw="64" op_3_bw="64">
<![CDATA[
for.inc.i14.split.i:2 %speclooptripcount_ln94 = speclooptripcount void @_ssdm_op_SpecLoopTripCount, i64 400, i64 400, i64 400

]]></Node>
<StgValue><ssdm name="speclooptripcount_ln94"/></StgValue>
</operation>

<operation id="17" st_id="2" stage="1" lat="1">
<core>NULL</core>
<MemPortIdVec></MemPortIdVec>
<condition id="-1">
<or_exp><and_exp></and_exp></or_exp>
</condition>

<Node id="16" bw="0" op_0_bw="0" op_1_bw="0">
<![CDATA[
for.inc.i14.split.i:3 %specloopname_ln94 = specloopname void @_ssdm_op_SpecLoopName, void @empty_9

]]></Node>
<StgValue><ssdm name="specloopname_ln94"/></StgValue>
</operation>

<operation id="18" st_id="2" stage="1" lat="1">
<core>FIFO</core>
<MemPortIdVec></MemPortIdVec>
<condition id="-1">
<or_exp><and_exp></and_exp></or_exp>
</condition>

<Node id="17" bw="32" op_0_bw="32" op_1_bw="32">
<![CDATA[
for.inc.i14.split.i:4 %ALU_operation_read = read i32 @_ssdm_op_Read.ap_fifo.volatile.i32P0A, i32 %ALU_operation

]]></Node>
<StgValue><ssdm name="ALU_operation_read"/></StgValue>
</operation>

<operation id="19" st_id="2" stage="1" lat="1">
<core>NULL</core>
<MemPortIdVec></MemPortIdVec>
<condition id="-1">
<or_exp><and_exp></and_exp></or_exp>
</condition>

<Node id="18" bw="9" op_0_bw="32" op_1_bw="64" op_2_bw="64">
<![CDATA[
for.inc.i14.split.i:5 %ALU_operation_MEM_addr = getelementptr i32 %ALU_operation_MEM, i64 0, i64 %zext_ln94

]]></Node>
<StgValue><ssdm name="ALU_operation_MEM_addr"/></StgValue>
</operation>

<operation id="20" st_id="2" stage="1" lat="1">
<core>RAM</core>
<MemPortIdVec>0 </MemPortIdVec>
<condition id="-1">
<or_exp><and_exp></and_exp></or_exp>
</condition>

<Node id="19" bw="0" op_0_bw="32" op_1_bw="9">
<![CDATA[
for.inc.i14.split.i:6 %store_ln98 = store i32 %ALU_operation_read, i9 %ALU_operation_MEM_addr

]]></Node>
<StgValue><ssdm name="store_ln98"/></StgValue>
</operation>

<operation id="21" st_id="2" stage="1" lat="1">
<core>NULL</core>
<MemPortIdVec></MemPortIdVec>
<condition id="-1">
<or_exp><and_exp></and_exp></or_exp>
</condition>

<Node id="21" bw="0" op_0_bw="0">
<![CDATA[
for.inc.i14.split.i:8 %br_ln94 = br void %for.inc.i14.i

]]></Node>
<StgValue><ssdm name="br_ln94"/></StgValue>
</operation>
</state>
</state_list>


<ports>
<port id="32" name="ALU_operation_MEM" dir="1" iftype="1">
<core>RAM</core><StgValue><ssdm name="ALU_operation_MEM"/><MemPortTyVec>0 3 </MemPortTyVec>
</StgValue>
</port>
<port id="33" name="ALU_operation" dir="0" iftype="3">
<core>FIFO</core><StgValue><ssdm name="ALU_operation"/></StgValue>
</port>
</ports>


<dataflows>
<dataflow id="35" from="StgValue_34" to="i" fromId="34" toId="5">
</dataflow>
<dataflow id="37" from="_ssdm_op_SpecInterface" to="specinterface_ln0" fromId="36" toId="6">
</dataflow>
<dataflow id="38" from="ALU_operation" to="specinterface_ln0" fromId="33" toId="6">
</dataflow>
<dataflow id="40" from="empty_16" to="specinterface_ln0" fromId="39" toId="6">
</dataflow>
<dataflow id="42" from="StgValue_41" to="specinterface_ln0" fromId="41" toId="6">
</dataflow>
<dataflow id="43" from="StgValue_41" to="specinterface_ln0" fromId="41" toId="6">
</dataflow>
<dataflow id="45" from="empty_20" to="specinterface_ln0" fromId="44" toId="6">
</dataflow>
<dataflow id="46" from="StgValue_41" to="specinterface_ln0" fromId="41" toId="6">
</dataflow>
<dataflow id="47" from="StgValue_41" to="specinterface_ln0" fromId="41" toId="6">
</dataflow>
<dataflow id="48" from="empty_20" to="specinterface_ln0" fromId="44" toId="6">
</dataflow>
<dataflow id="49" from="empty_20" to="specinterface_ln0" fromId="44" toId="6">
</dataflow>
<dataflow id="50" from="empty_20" to="specinterface_ln0" fromId="44" toId="6">
</dataflow>
<dataflow id="51" from="StgValue_41" to="specinterface_ln0" fromId="41" toId="6">
</dataflow>
<dataflow id="52" from="StgValue_41" to="specinterface_ln0" fromId="41" toId="6">
</dataflow>
<dataflow id="53" from="StgValue_41" to="specinterface_ln0" fromId="41" toId="6">
</dataflow>
<dataflow id="54" from="StgValue_41" to="specinterface_ln0" fromId="41" toId="6">
</dataflow>
<dataflow id="55" from="empty_20" to="specinterface_ln0" fromId="44" toId="6">
</dataflow>
<dataflow id="56" from="empty_20" to="specinterface_ln0" fromId="44" toId="6">
</dataflow>
<dataflow id="58" from="StgValue_57" to="specinterface_ln0" fromId="57" toId="6">
</dataflow>
<dataflow id="59" from="StgValue_41" to="specinterface_ln0" fromId="41" toId="6">
</dataflow>
<dataflow id="61" from="StgValue_60" to="store_ln94" fromId="60" toId="7">
</dataflow>
<dataflow id="62" from="i" to="store_ln94" fromId="5" toId="7">
</dataflow>
<dataflow id="63" from="i" to="i_4" fromId="5" toId="9">
</dataflow>
<dataflow id="64" from="i_4" to="icmp_ln94" fromId="9" toId="10">
</dataflow>
<dataflow id="66" from="StgValue_65" to="icmp_ln94" fromId="65" toId="10">
</dataflow>
<dataflow id="67" from="i_4" to="add_ln94" fromId="9" toId="11">
</dataflow>
<dataflow id="69" from="StgValue_68" to="add_ln94" fromId="68" toId="11">
</dataflow>
<dataflow id="70" from="icmp_ln94" to="br_ln94" fromId="10" toId="12">
</dataflow>
<dataflow id="71" from="add_ln94" to="store_ln94" fromId="11" toId="13">
</dataflow>
<dataflow id="72" from="i" to="store_ln94" fromId="5" toId="13">
</dataflow>
<dataflow id="73" from="i_4" to="zext_ln94" fromId="9" toId="14">
</dataflow>
<dataflow id="75" from="_ssdm_op_SpecPipeline" to="specpipeline_ln96" fromId="74" toId="15">
</dataflow>
<dataflow id="76" from="StgValue_34" to="specpipeline_ln96" fromId="34" toId="15">
</dataflow>
<dataflow id="77" from="StgValue_41" to="specpipeline_ln96" fromId="41" toId="15">
</dataflow>
<dataflow id="78" from="StgValue_41" to="specpipeline_ln96" fromId="41" toId="15">
</dataflow>
<dataflow id="79" from="StgValue_41" to="specpipeline_ln96" fromId="41" toId="15">
</dataflow>
<dataflow id="80" from="empty_20" to="specpipeline_ln96" fromId="44" toId="15">
</dataflow>
<dataflow id="82" from="_ssdm_op_SpecLoopTripCount" to="speclooptripcount_ln94" fromId="81" toId="16">
</dataflow>
<dataflow id="84" from="StgValue_83" to="speclooptripcount_ln94" fromId="83" toId="16">
</dataflow>
<dataflow id="85" from="StgValue_83" to="speclooptripcount_ln94" fromId="83" toId="16">
</dataflow>
<dataflow id="86" from="StgValue_83" to="speclooptripcount_ln94" fromId="83" toId="16">
</dataflow>
<dataflow id="88" from="_ssdm_op_SpecLoopName" to="specloopname_ln94" fromId="87" toId="17">
</dataflow>
<dataflow id="90" from="empty_9" to="specloopname_ln94" fromId="89" toId="17">
</dataflow>
<dataflow id="92" from="_ssdm_op_Read.ap_fifo.volatile.i32P0A" to="ALU_operation_read" fromId="91" toId="18">
</dataflow>
<dataflow id="93" from="ALU_operation" to="ALU_operation_read" fromId="33" toId="18">
</dataflow>
<dataflow id="94" from="ALU_operation_MEM" to="ALU_operation_MEM_addr" fromId="32" toId="19">
</dataflow>
<dataflow id="96" from="StgValue_95" to="ALU_operation_MEM_addr" fromId="95" toId="19">
</dataflow>
<dataflow id="97" from="zext_ln94" to="ALU_operation_MEM_addr" fromId="14" toId="19">
</dataflow>
<dataflow id="98" from="ALU_operation_read" to="store_ln98" fromId="18" toId="20">
</dataflow>
<dataflow id="99" from="ALU_operation_MEM_addr" to="store_ln98" fromId="19" toId="20">
</dataflow>
<dataflow id="100" from="icmp_ln94" to="StgValue_2" fromId="10" toId="2">
</dataflow>
</dataflows>


</stg>
