<profile>

<section name = "Vitis HLS Report for 'operation'" level="0">
<item name = "Date">Sat Jun 29 19:03:37 2024
</item>
<item name = "Version">2023.2 (Build 4023990 on Oct 11 2023)</item>
<item name = "Project">ALU_sys_HDL</item>
<item name = "Solution">solution1 (Vivado IP Flow Target)</item>
<item name = "Product family">zynq</item>
<item name = "Target device">xc7z020-clg400-1</item>
</section>

<section name = "Performance Estimates" level="0">
<item name = "Timing">
<section name = "" level="1">
<item name = "Summary"><table name="" hasTotal="0">
<keys size="4">Clock, Target, Estimated, Uncertainty</keys>
<column name="ap_clk">10.00 ns, 7.300 ns, 2.70 ns</column>
</table>
</item>
</section>
</item>
<item name = "Latency">
<section name = "" level="1">
<item name = "Summary"><table name="" hasTotal="0">
<keys size="8">, min, max, min, max, min, max, Type</keys>
<column name="">818, 818, 8.180 us, 8.180 us, 818, 818, no</column>
</table>
</item>
<item name = "Detail">
<section name = "" level="1">
<item name = "Instance"><table name="" hasTotal="0">
<keys size="9">Instance, Module, min, max, min, max, min, max, Type</keys>
<column name="grp_operation_Pipeline_l_operation_fu_42">operation_Pipeline_l_operation, 411, 411, 4.110 us, 4.110 us, 411, 411, no</column>
<column name="grp_operation_Pipeline_s_operation_data_op_fu_51">operation_Pipeline_s_operation_data_op, 402, 402, 4.020 us, 4.020 us, 402, 402, no</column>
</table>
</item>
<item name = "Loop"><table name="" hasTotal="0">
<keys size="8">Loop Name, min, max, Latency, achieved, target, Count, Pipelined</keys>
</table>
</item>
</section>
</item>
</section>
</item>
</section>

<section name = "Utilization Estimates" level="0">
<item name = "Summary"><table name="" hasTotal="1">
<keys size="6">Name, BRAM_18K, DSP, FF, LUT, URAM</keys>
<column name="DSP">-, -, -, -, -</column>
<column name="Expression">-, -, -, -, -</column>
<column name="FIFO">-, -, -, -, -</column>
<column name="Instance">-, -, 147, 245, -</column>
<column name="Memory">-, -, -, -, -</column>
<column name="Multiplexer">-, -, -, 73, -</column>
<column name="Register">-, -, 8, -, -</column>
<specialColumn name="Available">280, 220, 106400, 53200, 0</specialColumn>
<specialColumn name="Utilization (%)">0, 0, ~0, ~0, 0</specialColumn>
</table>
</item>
<item name = "Detail">
<section name = "" level="1">
<item name = "Instance"><table name="" hasTotal="1">
<keys size="7">Instance, Module, BRAM_18K, DSP, FF, LUT, URAM</keys>
<column name="grp_operation_Pipeline_l_operation_fu_42">operation_Pipeline_l_operation, 0, 0, 126, 168, 0</column>
<column name="grp_operation_Pipeline_s_operation_data_op_fu_51">operation_Pipeline_s_operation_data_op, 0, 0, 21, 77, 0</column>
</table>
</item>
<item name = "DSP"><table name="" hasTotal="0">
<keys size="3">Instance, Module, Expression</keys>
</table>
</item>
<item name = "Memory"><table name="" hasTotal="1">
<keys size="10">Memory, Module, BRAM_18K, FF, LUT, URAM, Words, Bits, Banks, W*Bits*Banks</keys>
</table>
</item>
<item name = "FIFO"><table name="" hasTotal="1">
<keys size="8">Name, BRAM_18K, FF, LUT, URAM, Depth, Bits, Size:D*B</keys>
</table>
</item>
<item name = "Expression"><table name="" hasTotal="1">
<keys size="7">Variable Name, Operation, DSP, FF, LUT, Bitwidth P0, Bitwidth P1</keys>
</table>
</item>
<item name = "Multiplexer"><table name="" hasTotal="1">
<keys size="5">Name, LUT, Input Size, Bits, Total Bits</keys>
<column name="ALU_operation_read">9, 2, 1, 2</column>
<column name="ALU_operation_write">9, 2, 1, 2</column>
<column name="ap_NS_fsm">37, 7, 1, 7</column>
<column name="m_axi_gmem3_ARVALID">9, 2, 1, 2</column>
<column name="m_axi_gmem3_RREADY">9, 2, 1, 2</column>
</table>
</item>
<item name = "Register"><table name="" hasTotal="1">
<keys size="5">Name, FF, LUT, Bits, Const Bits</keys>
<column name="ap_CS_fsm">6, 0, 6, 0</column>
<column name="grp_operation_Pipeline_l_operation_fu_42_ap_start_reg">1, 0, 1, 0</column>
<column name="grp_operation_Pipeline_s_operation_data_op_fu_51_ap_start_reg">1, 0, 1, 0</column>
</table>
</item>
</section>
</item>
</section>

<section name = "Interface" level="0">
<item name = "Summary"><table name="" hasTotal="0">
<keys size="6">RTL Ports, Dir, Bits, Protocol, Source Object, C Type</keys>
<column name="ap_clk">in, 1, ap_ctrl_hs, operation, return value</column>
<column name="ap_rst">in, 1, ap_ctrl_hs, operation, return value</column>
<column name="ap_start">in, 1, ap_ctrl_hs, operation, return value</column>
<column name="ap_done">out, 1, ap_ctrl_hs, operation, return value</column>
<column name="ap_idle">out, 1, ap_ctrl_hs, operation, return value</column>
<column name="ap_ready">out, 1, ap_ctrl_hs, operation, return value</column>
<column name="m_axi_gmem3_AWVALID">out, 1, m_axi, gmem3, pointer</column>
<column name="m_axi_gmem3_AWREADY">in, 1, m_axi, gmem3, pointer</column>
<column name="m_axi_gmem3_AWADDR">out, 64, m_axi, gmem3, pointer</column>
<column name="m_axi_gmem3_AWID">out, 1, m_axi, gmem3, pointer</column>
<column name="m_axi_gmem3_AWLEN">out, 32, m_axi, gmem3, pointer</column>
<column name="m_axi_gmem3_AWSIZE">out, 3, m_axi, gmem3, pointer</column>
<column name="m_axi_gmem3_AWBURST">out, 2, m_axi, gmem3, pointer</column>
<column name="m_axi_gmem3_AWLOCK">out, 2, m_axi, gmem3, pointer</column>
<column name="m_axi_gmem3_AWCACHE">out, 4, m_axi, gmem3, pointer</column>
<column name="m_axi_gmem3_AWPROT">out, 3, m_axi, gmem3, pointer</column>
<column name="m_axi_gmem3_AWQOS">out, 4, m_axi, gmem3, pointer</column>
<column name="m_axi_gmem3_AWREGION">out, 4, m_axi, gmem3, pointer</column>
<column name="m_axi_gmem3_AWUSER">out, 1, m_axi, gmem3, pointer</column>
<column name="m_axi_gmem3_WVALID">out, 1, m_axi, gmem3, pointer</column>
<column name="m_axi_gmem3_WREADY">in, 1, m_axi, gmem3, pointer</column>
<column name="m_axi_gmem3_WDATA">out, 32, m_axi, gmem3, pointer</column>
<column name="m_axi_gmem3_WSTRB">out, 4, m_axi, gmem3, pointer</column>
<column name="m_axi_gmem3_WLAST">out, 1, m_axi, gmem3, pointer</column>
<column name="m_axi_gmem3_WID">out, 1, m_axi, gmem3, pointer</column>
<column name="m_axi_gmem3_WUSER">out, 1, m_axi, gmem3, pointer</column>
<column name="m_axi_gmem3_ARVALID">out, 1, m_axi, gmem3, pointer</column>
<column name="m_axi_gmem3_ARREADY">in, 1, m_axi, gmem3, pointer</column>
<column name="m_axi_gmem3_ARADDR">out, 64, m_axi, gmem3, pointer</column>
<column name="m_axi_gmem3_ARID">out, 1, m_axi, gmem3, pointer</column>
<column name="m_axi_gmem3_ARLEN">out, 32, m_axi, gmem3, pointer</column>
<column name="m_axi_gmem3_ARSIZE">out, 3, m_axi, gmem3, pointer</column>
<column name="m_axi_gmem3_ARBURST">out, 2, m_axi, gmem3, pointer</column>
<column name="m_axi_gmem3_ARLOCK">out, 2, m_axi, gmem3, pointer</column>
<column name="m_axi_gmem3_ARCACHE">out, 4, m_axi, gmem3, pointer</column>
<column name="m_axi_gmem3_ARPROT">out, 3, m_axi, gmem3, pointer</column>
<column name="m_axi_gmem3_ARQOS">out, 4, m_axi, gmem3, pointer</column>
<column name="m_axi_gmem3_ARREGION">out, 4, m_axi, gmem3, pointer</column>
<column name="m_axi_gmem3_ARUSER">out, 1, m_axi, gmem3, pointer</column>
<column name="m_axi_gmem3_RVALID">in, 1, m_axi, gmem3, pointer</column>
<column name="m_axi_gmem3_RREADY">out, 1, m_axi, gmem3, pointer</column>
<column name="m_axi_gmem3_RDATA">in, 32, m_axi, gmem3, pointer</column>
<column name="m_axi_gmem3_RLAST">in, 1, m_axi, gmem3, pointer</column>
<column name="m_axi_gmem3_RID">in, 1, m_axi, gmem3, pointer</column>
<column name="m_axi_gmem3_RFIFONUM">in, 9, m_axi, gmem3, pointer</column>
<column name="m_axi_gmem3_RUSER">in, 1, m_axi, gmem3, pointer</column>
<column name="m_axi_gmem3_RRESP">in, 2, m_axi, gmem3, pointer</column>
<column name="m_axi_gmem3_BVALID">in, 1, m_axi, gmem3, pointer</column>
<column name="m_axi_gmem3_BREADY">out, 1, m_axi, gmem3, pointer</column>
<column name="m_axi_gmem3_BRESP">in, 2, m_axi, gmem3, pointer</column>
<column name="m_axi_gmem3_BID">in, 1, m_axi, gmem3, pointer</column>
<column name="m_axi_gmem3_BUSER">in, 1, m_axi, gmem3, pointer</column>
<column name="op">in, 64, ap_none, op, scalar</column>
<column name="ALU_operation_MEM_address0">out, 9, ap_memory, ALU_operation_MEM, array</column>
<column name="ALU_operation_MEM_ce0">out, 1, ap_memory, ALU_operation_MEM, array</column>
<column name="ALU_operation_MEM_we0">out, 1, ap_memory, ALU_operation_MEM, array</column>
<column name="ALU_operation_MEM_d0">out, 32, ap_memory, ALU_operation_MEM, array</column>
<column name="ALU_operation_dout">in, 32, ap_fifo, ALU_operation, pointer</column>
<column name="ALU_operation_empty_n">in, 1, ap_fifo, ALU_operation, pointer</column>
<column name="ALU_operation_read">out, 1, ap_fifo, ALU_operation, pointer</column>
<column name="ALU_operation_din">out, 32, ap_fifo, ALU_operation, pointer</column>
<column name="ALU_operation_full_n">in, 1, ap_fifo, ALU_operation, pointer</column>
<column name="ALU_operation_write">out, 1, ap_fifo, ALU_operation, pointer</column>
</table>
</item>
</section>
</profile>
