<stg><name>operation</name>


<trans_list>

<trans id="22" from="1" to="2">
<condition id="-1">
<or_exp><and_exp></and_exp></or_exp>
</condition>
</trans>

<trans id="23" from="2" to="3">
<condition id="-1">
<or_exp><and_exp></and_exp></or_exp>
</condition>
</trans>

<trans id="24" from="3" to="4">
<condition id="-1">
<or_exp><and_exp></and_exp></or_exp>
</condition>
</trans>

<trans id="25" from="4" to="5">
<condition id="-1">
<or_exp><and_exp></and_exp></or_exp>
</condition>
</trans>

<trans id="26" from="5" to="6">
<condition id="-1">
<or_exp><and_exp></and_exp></or_exp>
</condition>
</trans>
</trans_list>



<state_list>

<state id="1" st_id="1">

<operation id="7" st_id="1" stage="1" lat="1">
<core>NULL</core>
<MemPortIdVec></MemPortIdVec>
<condition id="-1">
<or_exp><and_exp></and_exp></or_exp>
</condition>

<Node id="11" bw="64" op_0_bw="64" op_1_bw="64">
<![CDATA[
entry:6 %op_read = read i64 @_ssdm_op_Read.ap_auto.i64, i64 %op

]]></Node>
<StgValue><ssdm name="op_read"/></StgValue>
</operation>
</state>

<state id="2" st_id="2">

<operation id="8" st_id="2" stage="1" lat="1">
<core>NULL</core>
<MemPortIdVec></MemPortIdVec>
<condition id="-1">
<or_exp><and_exp></and_exp></or_exp>
</condition>

<Node id="12" bw="32" op_0_bw="32" op_1_bw="0">
<![CDATA[
entry:7 %empty = wait i32 @_ssdm_op_Wait

]]></Node>
<StgValue><ssdm name="empty"/></StgValue>
</operation>

<operation id="9" st_id="2" stage="2" lat="2">
<core></core>
<MemPortIdVec></MemPortIdVec>
<condition id="-1">
<or_exp><and_exp></and_exp></or_exp>
</condition>

<Node id="13" bw="0" op_0_bw="0" op_1_bw="64" op_2_bw="32" op_3_bw="32" op_4_bw="0">
<![CDATA[
entry:8 %call_ln81 = call void @operation_Pipeline_l_operation, i64 %op_read, i32 %gmem3, i32 %ALU_operation

]]></Node>
<StgValue><ssdm name="call_ln81"/></StgValue>
</operation>
</state>

<state id="3" st_id="3">

<operation id="10" st_id="3" stage="1" lat="2">
<core></core>
<MemPortIdVec></MemPortIdVec>
<condition id="-1">
<or_exp><and_exp></and_exp></or_exp>
</condition>

<Node id="13" bw="0" op_0_bw="0" op_1_bw="64" op_2_bw="32" op_3_bw="32" op_4_bw="0">
<![CDATA[
entry:8 %call_ln81 = call void @operation_Pipeline_l_operation, i64 %op_read, i32 %gmem3, i32 %ALU_operation

]]></Node>
<StgValue><ssdm name="call_ln81"/></StgValue>
</operation>
</state>

<state id="4" st_id="4">

<operation id="11" st_id="4" stage="1" lat="1">
<core>NULL</core>
<MemPortIdVec></MemPortIdVec>
<condition id="-1">
<or_exp><and_exp></and_exp></or_exp>
</condition>

<Node id="14" bw="32" op_0_bw="32" op_1_bw="0" op_2_bw="0">
<![CDATA[
entry:9 %empty_37 = wait i32 @_ssdm_op_Wait

]]></Node>
<StgValue><ssdm name="empty_37"/></StgValue>
</operation>
</state>

<state id="5" st_id="5">

<operation id="12" st_id="5" stage="1" lat="1">
<core>NULL</core>
<MemPortIdVec></MemPortIdVec>
<condition id="-1">
<or_exp><and_exp></and_exp></or_exp>
</condition>

<Node id="15" bw="32" op_0_bw="32" op_1_bw="0">
<![CDATA[
entry:10 %empty_38 = wait i32 @_ssdm_op_Wait

]]></Node>
<StgValue><ssdm name="empty_38"/></StgValue>
</operation>

<operation id="13" st_id="5" stage="2" lat="2">
<core></core>
<MemPortIdVec></MemPortIdVec>
<condition id="-1">
<or_exp><and_exp></and_exp></or_exp>
</condition>

<Node id="16" bw="0" op_0_bw="0" op_1_bw="32" op_2_bw="32" op_3_bw="0" op_4_bw="0" op_5_bw="0">
<![CDATA[
entry:11 %call_ln0 = call void @operation_Pipeline_s_operation_data_op, i32 %ALU_operation_MEM, i32 %ALU_operation

]]></Node>
<StgValue><ssdm name="call_ln0"/></StgValue>
</operation>
</state>

<state id="6" st_id="6">

<operation id="14" st_id="6" stage="1" lat="1">
<core>NULL</core>
<MemPortIdVec></MemPortIdVec>
<condition id="-1">
<or_exp><and_exp></and_exp></or_exp>
</condition>

<Node id="5" bw="0" op_0_bw="0" op_1_bw="32" op_2_bw="0" op_3_bw="32" op_4_bw="32" op_5_bw="0" op_6_bw="32" op_7_bw="32" op_8_bw="0" op_9_bw="0" op_10_bw="0" op_11_bw="32" op_12_bw="32" op_13_bw="32" op_14_bw="32" op_15_bw="0" op_16_bw="0" op_17_bw="32" op_18_bw="32">
<![CDATA[
entry:0 %specinterface_ln0 = specinterface void @_ssdm_op_SpecInterface, i32 %ALU_operation, void @empty_16, i32 0, i32 0, void @empty_20, i32 0, i32 0, void @empty_20, void @empty_20, void @empty_20, i32 0, i32 0, i32 0, i32 0, void @empty_20, void @empty_20, i32 4294967295, i32 0

]]></Node>
<StgValue><ssdm name="specinterface_ln0"/></StgValue>
</operation>

<operation id="15" st_id="6" stage="1" lat="1">
<core>NULL</core>
<MemPortIdVec></MemPortIdVec>
<condition id="-1">
<or_exp><and_exp></and_exp></or_exp>
</condition>

<Node id="6" bw="0" op_0_bw="0" op_1_bw="32" op_2_bw="0" op_3_bw="32" op_4_bw="32" op_5_bw="0" op_6_bw="32" op_7_bw="32" op_8_bw="0" op_9_bw="0" op_10_bw="0" op_11_bw="32" op_12_bw="32" op_13_bw="32" op_14_bw="32" op_15_bw="0" op_16_bw="0" op_17_bw="32" op_18_bw="32">
<![CDATA[
entry:1 %specinterface_ln0 = specinterface void @_ssdm_op_SpecInterface, i32 %ALU_operation, void @empty_16, i32 0, i32 0, void @empty_20, i32 0, i32 0, void @empty_20, void @empty_20, void @empty_20, i32 0, i32 0, i32 0, i32 0, void @empty_20, void @empty_20, i32 4294967295, i32 0

]]></Node>
<StgValue><ssdm name="specinterface_ln0"/></StgValue>
</operation>

<operation id="16" st_id="6" stage="1" lat="1">
<core>NULL</core>
<MemPortIdVec></MemPortIdVec>
<condition id="-1">
<or_exp><and_exp></and_exp></or_exp>
</condition>

<Node id="7" bw="0" op_0_bw="0" op_1_bw="32" op_2_bw="0" op_3_bw="32" op_4_bw="32" op_5_bw="0" op_6_bw="32" op_7_bw="32" op_8_bw="0" op_9_bw="0" op_10_bw="0" op_11_bw="32" op_12_bw="32" op_13_bw="32" op_14_bw="32" op_15_bw="0" op_16_bw="0" op_17_bw="32" op_18_bw="32">
<![CDATA[
entry:2 %specinterface_ln0 = specinterface void @_ssdm_op_SpecInterface, i32 %ALU_operation, void @empty_16, i32 0, i32 0, void @empty_20, i32 0, i32 0, void @empty_20, void @empty_20, void @empty_20, i32 0, i32 0, i32 0, i32 0, void @empty_20, void @empty_20, i32 4294967295, i32 0

]]></Node>
<StgValue><ssdm name="specinterface_ln0"/></StgValue>
</operation>

<operation id="17" st_id="6" stage="1" lat="1">
<core>NULL</core>
<MemPortIdVec></MemPortIdVec>
<condition id="-1">
<or_exp><and_exp></and_exp></or_exp>
</condition>

<Node id="8" bw="0" op_0_bw="0" op_1_bw="32" op_2_bw="0" op_3_bw="32" op_4_bw="32" op_5_bw="0" op_6_bw="32" op_7_bw="32" op_8_bw="0" op_9_bw="0" op_10_bw="0" op_11_bw="32" op_12_bw="32" op_13_bw="32" op_14_bw="32" op_15_bw="0" op_16_bw="0" op_17_bw="32" op_18_bw="32">
<![CDATA[
entry:3 %specinterface_ln0 = specinterface void @_ssdm_op_SpecInterface, i32 %ALU_operation, void @empty_16, i32 0, i32 0, void @empty_20, i32 0, i32 0, void @empty_20, void @empty_20, void @empty_20, i32 0, i32 0, i32 0, i32 0, void @empty_20, void @empty_20, i32 4294967295, i32 0

]]></Node>
<StgValue><ssdm name="specinterface_ln0"/></StgValue>
</operation>

<operation id="18" st_id="6" stage="1" lat="1">
<core>NULL</core>
<MemPortIdVec></MemPortIdVec>
<condition id="-1">
<or_exp><and_exp></and_exp></or_exp>
</condition>

<Node id="9" bw="0" op_0_bw="0" op_1_bw="32" op_2_bw="0" op_3_bw="32" op_4_bw="32" op_5_bw="0" op_6_bw="32" op_7_bw="32" op_8_bw="0" op_9_bw="0" op_10_bw="0" op_11_bw="32" op_12_bw="32" op_13_bw="32" op_14_bw="32" op_15_bw="0" op_16_bw="0" op_17_bw="32" op_18_bw="32">
<![CDATA[
entry:4 %specinterface_ln0 = specinterface void @_ssdm_op_SpecInterface, i32 %ALU_operation, void @empty_16, i32 0, i32 0, void @empty_20, i32 0, i32 0, void @empty_20, void @empty_20, void @empty_20, i32 0, i32 0, i32 0, i32 0, void @empty_20, void @empty_20, i32 4294967295, i32 0

]]></Node>
<StgValue><ssdm name="specinterface_ln0"/></StgValue>
</operation>

<operation id="19" st_id="6" stage="1" lat="1">
<core>NULL</core>
<MemPortIdVec></MemPortIdVec>
<condition id="-1">
<or_exp><and_exp></and_exp></or_exp>
</condition>

<Node id="10" bw="0" op_0_bw="0" op_1_bw="32" op_2_bw="0" op_3_bw="32" op_4_bw="32" op_5_bw="0" op_6_bw="32" op_7_bw="32" op_8_bw="0" op_9_bw="0" op_10_bw="0" op_11_bw="32" op_12_bw="32" op_13_bw="32" op_14_bw="32" op_15_bw="0" op_16_bw="0" op_17_bw="32" op_18_bw="32">
<![CDATA[
entry:5 %specinterface_ln0 = specinterface void @_ssdm_op_SpecInterface, i32 %gmem3, void @empty_19, i32 0, i32 0, void @empty_20, i32 0, i32 400, void @empty_25, void @empty_22, void @empty_20, i32 16, i32 16, i32 16, i32 16, void @empty_20, void @empty_20, i32 4294967295, i32 0

]]></Node>
<StgValue><ssdm name="specinterface_ln0"/></StgValue>
</operation>

<operation id="20" st_id="6" stage="1" lat="2">
<core></core>
<MemPortIdVec></MemPortIdVec>
<condition id="-1">
<or_exp><and_exp></and_exp></or_exp>
</condition>

<Node id="16" bw="0" op_0_bw="0" op_1_bw="32" op_2_bw="32" op_3_bw="0" op_4_bw="0" op_5_bw="0">
<![CDATA[
entry:11 %call_ln0 = call void @operation_Pipeline_s_operation_data_op, i32 %ALU_operation_MEM, i32 %ALU_operation

]]></Node>
<StgValue><ssdm name="call_ln0"/></StgValue>
</operation>

<operation id="21" st_id="6" stage="1" lat="1">
<core>NULL</core>
<MemPortIdVec></MemPortIdVec>
<condition id="-1">
<or_exp><and_exp></and_exp></or_exp>
</condition>

<Node id="17" bw="0">
<![CDATA[
entry:12 %ret_ln0 = ret

]]></Node>
<StgValue><ssdm name="ret_ln0"/></StgValue>
</operation>
</state>
</state_list>


<ports>
<port id="27" name="gmem3" dir="0" iftype="4">
<core>NULL</core><StgValue><ssdm name="gmem3"/></StgValue>
</port>
<port id="28" name="op" dir="0" iftype="0">
<core>NULL</core><StgValue><ssdm name="op"/></StgValue>
</port>
<port id="29" name="ALU_operation_MEM" dir="1" iftype="1">
<core>RAM</core><StgValue><ssdm name="ALU_operation_MEM"/><MemPortTyVec>0 3 </MemPortTyVec>
</StgValue>
</port>
<port id="30" name="ALU_operation" dir="2" iftype="3">
<core>NULL</core><StgValue><ssdm name="ALU_operation"/></StgValue>
</port>
</ports>


<dataflows>
<dataflow id="32" from="_ssdm_op_Read.ap_auto.i64" to="op_read" fromId="31" toId="7">
</dataflow>
<dataflow id="33" from="op" to="op_read" fromId="28" toId="7">
</dataflow>
<dataflow id="35" from="_ssdm_op_Wait" to="empty" fromId="34" toId="8">
</dataflow>
<dataflow id="37" from="operation_Pipeline_l_operation" to="call_ln81" fromId="36" toId="9">
</dataflow>
<dataflow id="38" from="op_read" to="call_ln81" fromId="7" toId="9">
</dataflow>
<dataflow id="39" from="gmem3" to="call_ln81" fromId="27" toId="9">
</dataflow>
<dataflow id="40" from="ALU_operation" to="call_ln81" fromId="30" toId="9">
</dataflow>
<dataflow id="41" from="operation_Pipeline_l_operation" to="call_ln81" fromId="36" toId="10">
</dataflow>
<dataflow id="42" from="op_read" to="call_ln81" fromId="7" toId="10">
</dataflow>
<dataflow id="43" from="gmem3" to="call_ln81" fromId="27" toId="10">
</dataflow>
<dataflow id="44" from="ALU_operation" to="call_ln81" fromId="30" toId="10">
</dataflow>
<dataflow id="45" from="_ssdm_op_Wait" to="empty_37" fromId="34" toId="11">
</dataflow>
<dataflow id="46" from="_ssdm_op_Wait" to="empty_38" fromId="34" toId="12">
</dataflow>
<dataflow id="48" from="operation_Pipeline_s_operation_data_op" to="call_ln0" fromId="47" toId="13">
</dataflow>
<dataflow id="49" from="ALU_operation_MEM" to="call_ln0" fromId="29" toId="13">
</dataflow>
<dataflow id="50" from="ALU_operation" to="call_ln0" fromId="30" toId="13">
</dataflow>
<dataflow id="52" from="_ssdm_op_SpecInterface" to="specinterface_ln0" fromId="51" toId="14">
</dataflow>
<dataflow id="53" from="ALU_operation" to="specinterface_ln0" fromId="30" toId="14">
</dataflow>
<dataflow id="55" from="empty_16" to="specinterface_ln0" fromId="54" toId="14">
</dataflow>
<dataflow id="57" from="StgValue_56" to="specinterface_ln0" fromId="56" toId="14">
</dataflow>
<dataflow id="58" from="StgValue_56" to="specinterface_ln0" fromId="56" toId="14">
</dataflow>
<dataflow id="60" from="empty_20" to="specinterface_ln0" fromId="59" toId="14">
</dataflow>
<dataflow id="61" from="StgValue_56" to="specinterface_ln0" fromId="56" toId="14">
</dataflow>
<dataflow id="62" from="StgValue_56" to="specinterface_ln0" fromId="56" toId="14">
</dataflow>
<dataflow id="63" from="empty_20" to="specinterface_ln0" fromId="59" toId="14">
</dataflow>
<dataflow id="64" from="empty_20" to="specinterface_ln0" fromId="59" toId="14">
</dataflow>
<dataflow id="65" from="empty_20" to="specinterface_ln0" fromId="59" toId="14">
</dataflow>
<dataflow id="66" from="StgValue_56" to="specinterface_ln0" fromId="56" toId="14">
</dataflow>
<dataflow id="67" from="StgValue_56" to="specinterface_ln0" fromId="56" toId="14">
</dataflow>
<dataflow id="68" from="StgValue_56" to="specinterface_ln0" fromId="56" toId="14">
</dataflow>
<dataflow id="69" from="StgValue_56" to="specinterface_ln0" fromId="56" toId="14">
</dataflow>
<dataflow id="70" from="empty_20" to="specinterface_ln0" fromId="59" toId="14">
</dataflow>
<dataflow id="71" from="empty_20" to="specinterface_ln0" fromId="59" toId="14">
</dataflow>
<dataflow id="73" from="StgValue_72" to="specinterface_ln0" fromId="72" toId="14">
</dataflow>
<dataflow id="74" from="StgValue_56" to="specinterface_ln0" fromId="56" toId="14">
</dataflow>
<dataflow id="75" from="_ssdm_op_SpecInterface" to="specinterface_ln0" fromId="51" toId="15">
</dataflow>
<dataflow id="76" from="ALU_operation" to="specinterface_ln0" fromId="30" toId="15">
</dataflow>
<dataflow id="77" from="empty_16" to="specinterface_ln0" fromId="54" toId="15">
</dataflow>
<dataflow id="78" from="StgValue_56" to="specinterface_ln0" fromId="56" toId="15">
</dataflow>
<dataflow id="79" from="StgValue_56" to="specinterface_ln0" fromId="56" toId="15">
</dataflow>
<dataflow id="80" from="empty_20" to="specinterface_ln0" fromId="59" toId="15">
</dataflow>
<dataflow id="81" from="StgValue_56" to="specinterface_ln0" fromId="56" toId="15">
</dataflow>
<dataflow id="82" from="StgValue_56" to="specinterface_ln0" fromId="56" toId="15">
</dataflow>
<dataflow id="83" from="empty_20" to="specinterface_ln0" fromId="59" toId="15">
</dataflow>
<dataflow id="84" from="empty_20" to="specinterface_ln0" fromId="59" toId="15">
</dataflow>
<dataflow id="85" from="empty_20" to="specinterface_ln0" fromId="59" toId="15">
</dataflow>
<dataflow id="86" from="StgValue_56" to="specinterface_ln0" fromId="56" toId="15">
</dataflow>
<dataflow id="87" from="StgValue_56" to="specinterface_ln0" fromId="56" toId="15">
</dataflow>
<dataflow id="88" from="StgValue_56" to="specinterface_ln0" fromId="56" toId="15">
</dataflow>
<dataflow id="89" from="StgValue_56" to="specinterface_ln0" fromId="56" toId="15">
</dataflow>
<dataflow id="90" from="empty_20" to="specinterface_ln0" fromId="59" toId="15">
</dataflow>
<dataflow id="91" from="empty_20" to="specinterface_ln0" fromId="59" toId="15">
</dataflow>
<dataflow id="92" from="StgValue_72" to="specinterface_ln0" fromId="72" toId="15">
</dataflow>
<dataflow id="93" from="StgValue_56" to="specinterface_ln0" fromId="56" toId="15">
</dataflow>
<dataflow id="94" from="_ssdm_op_SpecInterface" to="specinterface_ln0" fromId="51" toId="16">
</dataflow>
<dataflow id="95" from="ALU_operation" to="specinterface_ln0" fromId="30" toId="16">
</dataflow>
<dataflow id="96" from="empty_16" to="specinterface_ln0" fromId="54" toId="16">
</dataflow>
<dataflow id="97" from="StgValue_56" to="specinterface_ln0" fromId="56" toId="16">
</dataflow>
<dataflow id="98" from="StgValue_56" to="specinterface_ln0" fromId="56" toId="16">
</dataflow>
<dataflow id="99" from="empty_20" to="specinterface_ln0" fromId="59" toId="16">
</dataflow>
<dataflow id="100" from="StgValue_56" to="specinterface_ln0" fromId="56" toId="16">
</dataflow>
<dataflow id="101" from="StgValue_56" to="specinterface_ln0" fromId="56" toId="16">
</dataflow>
<dataflow id="102" from="empty_20" to="specinterface_ln0" fromId="59" toId="16">
</dataflow>
<dataflow id="103" from="empty_20" to="specinterface_ln0" fromId="59" toId="16">
</dataflow>
<dataflow id="104" from="empty_20" to="specinterface_ln0" fromId="59" toId="16">
</dataflow>
<dataflow id="105" from="StgValue_56" to="specinterface_ln0" fromId="56" toId="16">
</dataflow>
<dataflow id="106" from="StgValue_56" to="specinterface_ln0" fromId="56" toId="16">
</dataflow>
<dataflow id="107" from="StgValue_56" to="specinterface_ln0" fromId="56" toId="16">
</dataflow>
<dataflow id="108" from="StgValue_56" to="specinterface_ln0" fromId="56" toId="16">
</dataflow>
<dataflow id="109" from="empty_20" to="specinterface_ln0" fromId="59" toId="16">
</dataflow>
<dataflow id="110" from="empty_20" to="specinterface_ln0" fromId="59" toId="16">
</dataflow>
<dataflow id="111" from="StgValue_72" to="specinterface_ln0" fromId="72" toId="16">
</dataflow>
<dataflow id="112" from="StgValue_56" to="specinterface_ln0" fromId="56" toId="16">
</dataflow>
<dataflow id="113" from="_ssdm_op_SpecInterface" to="specinterface_ln0" fromId="51" toId="17">
</dataflow>
<dataflow id="114" from="ALU_operation" to="specinterface_ln0" fromId="30" toId="17">
</dataflow>
<dataflow id="115" from="empty_16" to="specinterface_ln0" fromId="54" toId="17">
</dataflow>
<dataflow id="116" from="StgValue_56" to="specinterface_ln0" fromId="56" toId="17">
</dataflow>
<dataflow id="117" from="StgValue_56" to="specinterface_ln0" fromId="56" toId="17">
</dataflow>
<dataflow id="118" from="empty_20" to="specinterface_ln0" fromId="59" toId="17">
</dataflow>
<dataflow id="119" from="StgValue_56" to="specinterface_ln0" fromId="56" toId="17">
</dataflow>
<dataflow id="120" from="StgValue_56" to="specinterface_ln0" fromId="56" toId="17">
</dataflow>
<dataflow id="121" from="empty_20" to="specinterface_ln0" fromId="59" toId="17">
</dataflow>
<dataflow id="122" from="empty_20" to="specinterface_ln0" fromId="59" toId="17">
</dataflow>
<dataflow id="123" from="empty_20" to="specinterface_ln0" fromId="59" toId="17">
</dataflow>
<dataflow id="124" from="StgValue_56" to="specinterface_ln0" fromId="56" toId="17">
</dataflow>
<dataflow id="125" from="StgValue_56" to="specinterface_ln0" fromId="56" toId="17">
</dataflow>
<dataflow id="126" from="StgValue_56" to="specinterface_ln0" fromId="56" toId="17">
</dataflow>
<dataflow id="127" from="StgValue_56" to="specinterface_ln0" fromId="56" toId="17">
</dataflow>
<dataflow id="128" from="empty_20" to="specinterface_ln0" fromId="59" toId="17">
</dataflow>
<dataflow id="129" from="empty_20" to="specinterface_ln0" fromId="59" toId="17">
</dataflow>
<dataflow id="130" from="StgValue_72" to="specinterface_ln0" fromId="72" toId="17">
</dataflow>
<dataflow id="131" from="StgValue_56" to="specinterface_ln0" fromId="56" toId="17">
</dataflow>
<dataflow id="132" from="_ssdm_op_SpecInterface" to="specinterface_ln0" fromId="51" toId="18">
</dataflow>
<dataflow id="133" from="ALU_operation" to="specinterface_ln0" fromId="30" toId="18">
</dataflow>
<dataflow id="134" from="empty_16" to="specinterface_ln0" fromId="54" toId="18">
</dataflow>
<dataflow id="135" from="StgValue_56" to="specinterface_ln0" fromId="56" toId="18">
</dataflow>
<dataflow id="136" from="StgValue_56" to="specinterface_ln0" fromId="56" toId="18">
</dataflow>
<dataflow id="137" from="empty_20" to="specinterface_ln0" fromId="59" toId="18">
</dataflow>
<dataflow id="138" from="StgValue_56" to="specinterface_ln0" fromId="56" toId="18">
</dataflow>
<dataflow id="139" from="StgValue_56" to="specinterface_ln0" fromId="56" toId="18">
</dataflow>
<dataflow id="140" from="empty_20" to="specinterface_ln0" fromId="59" toId="18">
</dataflow>
<dataflow id="141" from="empty_20" to="specinterface_ln0" fromId="59" toId="18">
</dataflow>
<dataflow id="142" from="empty_20" to="specinterface_ln0" fromId="59" toId="18">
</dataflow>
<dataflow id="143" from="StgValue_56" to="specinterface_ln0" fromId="56" toId="18">
</dataflow>
<dataflow id="144" from="StgValue_56" to="specinterface_ln0" fromId="56" toId="18">
</dataflow>
<dataflow id="145" from="StgValue_56" to="specinterface_ln0" fromId="56" toId="18">
</dataflow>
<dataflow id="146" from="StgValue_56" to="specinterface_ln0" fromId="56" toId="18">
</dataflow>
<dataflow id="147" from="empty_20" to="specinterface_ln0" fromId="59" toId="18">
</dataflow>
<dataflow id="148" from="empty_20" to="specinterface_ln0" fromId="59" toId="18">
</dataflow>
<dataflow id="149" from="StgValue_72" to="specinterface_ln0" fromId="72" toId="18">
</dataflow>
<dataflow id="150" from="StgValue_56" to="specinterface_ln0" fromId="56" toId="18">
</dataflow>
<dataflow id="151" from="_ssdm_op_SpecInterface" to="specinterface_ln0" fromId="51" toId="19">
</dataflow>
<dataflow id="152" from="gmem3" to="specinterface_ln0" fromId="27" toId="19">
</dataflow>
<dataflow id="154" from="empty_19" to="specinterface_ln0" fromId="153" toId="19">
</dataflow>
<dataflow id="155" from="StgValue_56" to="specinterface_ln0" fromId="56" toId="19">
</dataflow>
<dataflow id="156" from="StgValue_56" to="specinterface_ln0" fromId="56" toId="19">
</dataflow>
<dataflow id="157" from="empty_20" to="specinterface_ln0" fromId="59" toId="19">
</dataflow>
<dataflow id="158" from="StgValue_56" to="specinterface_ln0" fromId="56" toId="19">
</dataflow>
<dataflow id="160" from="StgValue_159" to="specinterface_ln0" fromId="159" toId="19">
</dataflow>
<dataflow id="162" from="empty_25" to="specinterface_ln0" fromId="161" toId="19">
</dataflow>
<dataflow id="164" from="empty_22" to="specinterface_ln0" fromId="163" toId="19">
</dataflow>
<dataflow id="165" from="empty_20" to="specinterface_ln0" fromId="59" toId="19">
</dataflow>
<dataflow id="167" from="StgValue_166" to="specinterface_ln0" fromId="166" toId="19">
</dataflow>
<dataflow id="168" from="StgValue_166" to="specinterface_ln0" fromId="166" toId="19">
</dataflow>
<dataflow id="169" from="StgValue_166" to="specinterface_ln0" fromId="166" toId="19">
</dataflow>
<dataflow id="170" from="StgValue_166" to="specinterface_ln0" fromId="166" toId="19">
</dataflow>
<dataflow id="171" from="empty_20" to="specinterface_ln0" fromId="59" toId="19">
</dataflow>
<dataflow id="172" from="empty_20" to="specinterface_ln0" fromId="59" toId="19">
</dataflow>
<dataflow id="173" from="StgValue_72" to="specinterface_ln0" fromId="72" toId="19">
</dataflow>
<dataflow id="174" from="StgValue_56" to="specinterface_ln0" fromId="56" toId="19">
</dataflow>
<dataflow id="175" from="operation_Pipeline_s_operation_data_op" to="call_ln0" fromId="47" toId="20">
</dataflow>
<dataflow id="176" from="ALU_operation_MEM" to="call_ln0" fromId="29" toId="20">
</dataflow>
<dataflow id="177" from="ALU_operation" to="call_ln0" fromId="30" toId="20">
</dataflow>
</dataflows>


</stg>
