<profile>

<section name = "Vitis HLS Report for 'reset'" level="0">
<item name = "Date">Sat Jun 29 19:03:38 2024
</item>
<item name = "Version">2023.2 (Build 4023990 on Oct 11 2023)</item>
<item name = "Project">ALU_sys_HDL</item>
<item name = "Solution">solution1 (Vivado IP Flow Target)</item>
<item name = "Product family">zynq</item>
<item name = "Target device">xc7z020-clg400-1</item>
</section>

<section name = "Performance Estimates" level="0">
<item name = "Timing">
<section name = "" level="1">
<item name = "Summary"><table name="" hasTotal="0">
<keys size="4">Clock, Target, Estimated, Uncertainty</keys>
<column name="ap_clk">10.00 ns, 6.665 ns, 2.70 ns</column>
</table>
</item>
</section>
</item>
<item name = "Latency">
<section name = "" level="1">
<item name = "Summary"><table name="" hasTotal="0">
<keys size="8">, min, max, min, max, min, max, Type</keys>
<column name="">?, ?, ?, ?, ?, ?, no</column>
</table>
</item>
<item name = "Detail">
<section name = "" level="1">
<item name = "Instance"><table name="" hasTotal="0">
<keys size="9">Instance, Module, min, max, min, max, min, max, Type</keys>
<column name="grp_reset_Pipeline_clear_FIFO_a_fu_28">reset_Pipeline_clear_FIFO_a, ?, ?, ?, ?, ?, ?, no</column>
<column name="grp_reset_Pipeline_clear_FIFO_b_fu_34">reset_Pipeline_clear_FIFO_b, ?, ?, ?, ?, ?, ?, no</column>
<column name="grp_reset_Pipeline_clear_ALU_op_fu_40">reset_Pipeline_clear_ALU_op, ?, ?, ?, ?, ?, ?, no</column>
<column name="grp_reset_Pipeline_clear_RAM_op_fu_46">reset_Pipeline_clear_RAM_op, 402, 402, 4.020 us, 4.020 us, 402, 402, no</column>
</table>
</item>
<item name = "Loop"><table name="" hasTotal="0">
<keys size="8">Loop Name, min, max, Latency, achieved, target, Count, Pipelined</keys>
</table>
</item>
</section>
</item>
</section>
</item>
</section>

<section name = "Utilization Estimates" level="0">
<item name = "Summary"><table name="" hasTotal="1">
<keys size="6">Name, BRAM_18K, DSP, FF, LUT, URAM</keys>
<column name="DSP">-, -, -, -, -</column>
<column name="Expression">-, -, 0, 2, -</column>
<column name="FIFO">-, -, -, -, -</column>
<column name="Instance">-, -, 17, 121, -</column>
<column name="Memory">-, -, -, -, -</column>
<column name="Multiplexer">-, -, -, 75, -</column>
<column name="Register">-, -, 12, -, -</column>
<specialColumn name="Available">280, 220, 106400, 53200, 0</specialColumn>
<specialColumn name="Utilization (%)">0, 0, ~0, ~0, 0</specialColumn>
</table>
</item>
<item name = "Detail">
<section name = "" level="1">
<item name = "Instance"><table name="" hasTotal="1">
<keys size="7">Instance, Module, BRAM_18K, DSP, FF, LUT, URAM</keys>
<column name="grp_reset_Pipeline_clear_ALU_op_fu_40">reset_Pipeline_clear_ALU_op, 0, 0, 2, 22, 0</column>
<column name="grp_reset_Pipeline_clear_FIFO_a_fu_28">reset_Pipeline_clear_FIFO_a, 0, 0, 2, 22, 0</column>
<column name="grp_reset_Pipeline_clear_FIFO_b_fu_34">reset_Pipeline_clear_FIFO_b, 0, 0, 2, 22, 0</column>
<column name="grp_reset_Pipeline_clear_RAM_op_fu_46">reset_Pipeline_clear_RAM_op, 0, 0, 11, 55, 0</column>
</table>
</item>
<item name = "DSP"><table name="" hasTotal="0">
<keys size="3">Instance, Module, Expression</keys>
</table>
</item>
<item name = "Memory"><table name="" hasTotal="1">
<keys size="10">Memory, Module, BRAM_18K, FF, LUT, URAM, Words, Bits, Banks, W*Bits*Banks</keys>
</table>
</item>
<item name = "FIFO"><table name="" hasTotal="1">
<keys size="8">Name, BRAM_18K, FF, LUT, URAM, Depth, Bits, Size:D*B</keys>
</table>
</item>
<item name = "Expression"><table name="" hasTotal="1">
<keys size="7">Variable Name, Operation, DSP, FF, LUT, Bitwidth P0, Bitwidth P1</keys>
<column name="ap_block_state8_on_subcall_done">or, 0, 0, 2, 1, 1</column>
</table>
</item>
<item name = "Multiplexer"><table name="" hasTotal="1">
<keys size="5">Name, LUT, Input Size, Bits, Total Bits</keys>
<column name="ALU_operation_read">9, 2, 1, 2</column>
<column name="ap_NS_fsm">48, 9, 1, 9</column>
<column name="data_a_read">9, 2, 1, 2</column>
<column name="data_b_read">9, 2, 1, 2</column>
</table>
</item>
<item name = "Register"><table name="" hasTotal="1">
<keys size="5">Name, FF, LUT, Bits, Const Bits</keys>
<column name="ap_CS_fsm">8, 0, 8, 0</column>
<column name="grp_reset_Pipeline_clear_ALU_op_fu_40_ap_start_reg">1, 0, 1, 0</column>
<column name="grp_reset_Pipeline_clear_FIFO_a_fu_28_ap_start_reg">1, 0, 1, 0</column>
<column name="grp_reset_Pipeline_clear_FIFO_b_fu_34_ap_start_reg">1, 0, 1, 0</column>
<column name="grp_reset_Pipeline_clear_RAM_op_fu_46_ap_start_reg">1, 0, 1, 0</column>
</table>
</item>
</section>
</item>
</section>

<section name = "Interface" level="0">
<item name = "Summary"><table name="" hasTotal="0">
<keys size="6">RTL Ports, Dir, Bits, Protocol, Source Object, C Type</keys>
<column name="ap_clk">in, 1, ap_ctrl_hs, reset, return value</column>
<column name="ap_rst">in, 1, ap_ctrl_hs, reset, return value</column>
<column name="ap_start">in, 1, ap_ctrl_hs, reset, return value</column>
<column name="ap_done">out, 1, ap_ctrl_hs, reset, return value</column>
<column name="ap_idle">out, 1, ap_ctrl_hs, reset, return value</column>
<column name="ap_ready">out, 1, ap_ctrl_hs, reset, return value</column>
<column name="data_a_dout">in, 32, ap_fifo, data_a, pointer</column>
<column name="data_a_empty_n">in, 1, ap_fifo, data_a, pointer</column>
<column name="data_a_read">out, 1, ap_fifo, data_a, pointer</column>
<column name="data_b_dout">in, 32, ap_fifo, data_b, pointer</column>
<column name="data_b_empty_n">in, 1, ap_fifo, data_b, pointer</column>
<column name="data_b_read">out, 1, ap_fifo, data_b, pointer</column>
<column name="ALU_operation_dout">in, 32, ap_fifo, ALU_operation, pointer</column>
<column name="ALU_operation_empty_n">in, 1, ap_fifo, ALU_operation, pointer</column>
<column name="ALU_operation_read">out, 1, ap_fifo, ALU_operation, pointer</column>
<column name="ALU_operation_MEM_address0">out, 9, ap_memory, ALU_operation_MEM, array</column>
<column name="ALU_operation_MEM_ce0">out, 1, ap_memory, ALU_operation_MEM, array</column>
<column name="ALU_operation_MEM_we0">out, 1, ap_memory, ALU_operation_MEM, array</column>
<column name="ALU_operation_MEM_d0">out, 32, ap_memory, ALU_operation_MEM, array</column>
</table>
</item>
</section>
</profile>
