<stg><name>reset</name>


<trans_list>

<trans id="38" from="1" to="2">
<condition id="-1">
<or_exp><and_exp></and_exp></or_exp>
</condition>
</trans>

<trans id="39" from="2" to="3">
<condition id="-1">
<or_exp><and_exp></and_exp></or_exp>
</condition>
</trans>

<trans id="40" from="3" to="4">
<condition id="-1">
<or_exp><and_exp></and_exp></or_exp>
</condition>
</trans>

<trans id="41" from="4" to="5">
<condition id="-1">
<or_exp><and_exp></and_exp></or_exp>
</condition>
</trans>

<trans id="42" from="5" to="6">
<condition id="-1">
<or_exp><and_exp></and_exp></or_exp>
</condition>
</trans>

<trans id="43" from="6" to="7">
<condition id="-1">
<or_exp><and_exp></and_exp></or_exp>
</condition>
</trans>

<trans id="44" from="7" to="8">
<condition id="-1">
<or_exp><and_exp></and_exp></or_exp>
</condition>
</trans>
</trans_list>



<state_list>

<state id="1" st_id="1">

<operation id="9" st_id="1" stage="1" lat="1">
<core>NULL</core>
<MemPortIdVec></MemPortIdVec>
<condition id="-1">
<or_exp><and_exp></and_exp></or_exp>
</condition>

<Node id="20" bw="32" op_0_bw="32">
<![CDATA[
entry:15 %empty = wait i32 @_ssdm_op_Wait

]]></Node>
<StgValue><ssdm name="empty"/></StgValue>
</operation>

<operation id="10" st_id="1" stage="2" lat="2">
<core></core>
<MemPortIdVec></MemPortIdVec>
<condition id="-1">
<or_exp><and_exp></and_exp></or_exp>
</condition>

<Node id="21" bw="0" op_0_bw="0" op_1_bw="32" op_2_bw="0">
<![CDATA[
entry:16 %call_ln0 = call void @reset_Pipeline_clear_FIFO_a, i32 %data_a

]]></Node>
<StgValue><ssdm name="call_ln0"/></StgValue>
</operation>
</state>

<state id="2" st_id="2">

<operation id="11" st_id="2" stage="1" lat="2">
<core></core>
<MemPortIdVec></MemPortIdVec>
<condition id="-1">
<or_exp><and_exp></and_exp></or_exp>
</condition>

<Node id="21" bw="0" op_0_bw="0" op_1_bw="32" op_2_bw="0">
<![CDATA[
entry:16 %call_ln0 = call void @reset_Pipeline_clear_FIFO_a, i32 %data_a

]]></Node>
<StgValue><ssdm name="call_ln0"/></StgValue>
</operation>
</state>

<state id="3" st_id="3">

<operation id="12" st_id="3" stage="1" lat="1">
<core>NULL</core>
<MemPortIdVec></MemPortIdVec>
<condition id="-1">
<or_exp><and_exp></and_exp></or_exp>
</condition>

<Node id="22" bw="32" op_0_bw="32" op_1_bw="0" op_2_bw="0">
<![CDATA[
entry:17 %empty_33 = wait i32 @_ssdm_op_Wait

]]></Node>
<StgValue><ssdm name="empty_33"/></StgValue>
</operation>
</state>

<state id="4" st_id="4">

<operation id="13" st_id="4" stage="1" lat="1">
<core>NULL</core>
<MemPortIdVec></MemPortIdVec>
<condition id="-1">
<or_exp><and_exp></and_exp></or_exp>
</condition>

<Node id="23" bw="32" op_0_bw="32" op_1_bw="0">
<![CDATA[
entry:18 %empty_34 = wait i32 @_ssdm_op_Wait

]]></Node>
<StgValue><ssdm name="empty_34"/></StgValue>
</operation>

<operation id="14" st_id="4" stage="2" lat="2">
<core></core>
<MemPortIdVec></MemPortIdVec>
<condition id="-1">
<or_exp><and_exp></and_exp></or_exp>
</condition>

<Node id="24" bw="0" op_0_bw="0" op_1_bw="32" op_2_bw="0">
<![CDATA[
entry:19 %call_ln0 = call void @reset_Pipeline_clear_FIFO_b, i32 %data_b

]]></Node>
<StgValue><ssdm name="call_ln0"/></StgValue>
</operation>
</state>

<state id="5" st_id="5">

<operation id="15" st_id="5" stage="1" lat="2">
<core></core>
<MemPortIdVec></MemPortIdVec>
<condition id="-1">
<or_exp><and_exp></and_exp></or_exp>
</condition>

<Node id="24" bw="0" op_0_bw="0" op_1_bw="32" op_2_bw="0">
<![CDATA[
entry:19 %call_ln0 = call void @reset_Pipeline_clear_FIFO_b, i32 %data_b

]]></Node>
<StgValue><ssdm name="call_ln0"/></StgValue>
</operation>
</state>

<state id="6" st_id="6">

<operation id="16" st_id="6" stage="1" lat="1">
<core>NULL</core>
<MemPortIdVec></MemPortIdVec>
<condition id="-1">
<or_exp><and_exp></and_exp></or_exp>
</condition>

<Node id="25" bw="32" op_0_bw="32" op_1_bw="0" op_2_bw="0">
<![CDATA[
entry:20 %empty_35 = wait i32 @_ssdm_op_Wait

]]></Node>
<StgValue><ssdm name="empty_35"/></StgValue>
</operation>
</state>

<state id="7" st_id="7">

<operation id="17" st_id="7" stage="1" lat="1">
<core>NULL</core>
<MemPortIdVec></MemPortIdVec>
<condition id="-1">
<or_exp><and_exp></and_exp></or_exp>
</condition>

<Node id="26" bw="32" op_0_bw="32" op_1_bw="0">
<![CDATA[
entry:21 %empty_36 = wait i32 @_ssdm_op_Wait

]]></Node>
<StgValue><ssdm name="empty_36"/></StgValue>
</operation>

<operation id="18" st_id="7" stage="2" lat="2">
<core></core>
<MemPortIdVec></MemPortIdVec>
<condition id="-1">
<or_exp><and_exp></and_exp></or_exp>
</condition>

<Node id="27" bw="0" op_0_bw="0" op_1_bw="32" op_2_bw="0">
<![CDATA[
entry:22 %call_ln0 = call void @reset_Pipeline_clear_ALU_op, i32 %ALU_operation

]]></Node>
<StgValue><ssdm name="call_ln0"/></StgValue>
</operation>

<operation id="19" st_id="7" stage="2" lat="2">
<core></core>
<MemPortIdVec></MemPortIdVec>
<condition id="-1">
<or_exp><and_exp></and_exp></or_exp>
</condition>

<Node id="28" bw="0" op_0_bw="0" op_1_bw="32" op_2_bw="0">
<![CDATA[
entry:23 %call_ln0 = call void @reset_Pipeline_clear_RAM_op, i32 %ALU_operation_MEM

]]></Node>
<StgValue><ssdm name="call_ln0"/></StgValue>
</operation>
</state>

<state id="8" st_id="8">

<operation id="20" st_id="8" stage="1" lat="1">
<core>NULL</core>
<MemPortIdVec></MemPortIdVec>
<condition id="-1">
<or_exp><and_exp></and_exp></or_exp>
</condition>

<Node id="5" bw="0" op_0_bw="0" op_1_bw="32" op_2_bw="0" op_3_bw="32" op_4_bw="32" op_5_bw="0" op_6_bw="32" op_7_bw="32" op_8_bw="0" op_9_bw="0" op_10_bw="0" op_11_bw="32" op_12_bw="32" op_13_bw="32" op_14_bw="32" op_15_bw="0" op_16_bw="0" op_17_bw="32" op_18_bw="32">
<![CDATA[
entry:0 %specinterface_ln0 = specinterface void @_ssdm_op_SpecInterface, i32 %ALU_operation, void @empty_16, i32 0, i32 0, void @empty_20, i32 0, i32 0, void @empty_20, void @empty_20, void @empty_20, i32 0, i32 0, i32 0, i32 0, void @empty_20, void @empty_20, i32 4294967295, i32 0

]]></Node>
<StgValue><ssdm name="specinterface_ln0"/></StgValue>
</operation>

<operation id="21" st_id="8" stage="1" lat="1">
<core>NULL</core>
<MemPortIdVec></MemPortIdVec>
<condition id="-1">
<or_exp><and_exp></and_exp></or_exp>
</condition>

<Node id="6" bw="0" op_0_bw="0" op_1_bw="32" op_2_bw="0" op_3_bw="32" op_4_bw="32" op_5_bw="0" op_6_bw="32" op_7_bw="32" op_8_bw="0" op_9_bw="0" op_10_bw="0" op_11_bw="32" op_12_bw="32" op_13_bw="32" op_14_bw="32" op_15_bw="0" op_16_bw="0" op_17_bw="32" op_18_bw="32">
<![CDATA[
entry:1 %specinterface_ln0 = specinterface void @_ssdm_op_SpecInterface, i32 %ALU_operation, void @empty_16, i32 0, i32 0, void @empty_20, i32 0, i32 0, void @empty_20, void @empty_20, void @empty_20, i32 0, i32 0, i32 0, i32 0, void @empty_20, void @empty_20, i32 4294967295, i32 0

]]></Node>
<StgValue><ssdm name="specinterface_ln0"/></StgValue>
</operation>

<operation id="22" st_id="8" stage="1" lat="1">
<core>NULL</core>
<MemPortIdVec></MemPortIdVec>
<condition id="-1">
<or_exp><and_exp></and_exp></or_exp>
</condition>

<Node id="7" bw="0" op_0_bw="0" op_1_bw="32" op_2_bw="0" op_3_bw="32" op_4_bw="32" op_5_bw="0" op_6_bw="32" op_7_bw="32" op_8_bw="0" op_9_bw="0" op_10_bw="0" op_11_bw="32" op_12_bw="32" op_13_bw="32" op_14_bw="32" op_15_bw="0" op_16_bw="0" op_17_bw="32" op_18_bw="32">
<![CDATA[
entry:2 %specinterface_ln0 = specinterface void @_ssdm_op_SpecInterface, i32 %ALU_operation, void @empty_16, i32 0, i32 0, void @empty_20, i32 0, i32 0, void @empty_20, void @empty_20, void @empty_20, i32 0, i32 0, i32 0, i32 0, void @empty_20, void @empty_20, i32 4294967295, i32 0

]]></Node>
<StgValue><ssdm name="specinterface_ln0"/></StgValue>
</operation>

<operation id="23" st_id="8" stage="1" lat="1">
<core>NULL</core>
<MemPortIdVec></MemPortIdVec>
<condition id="-1">
<or_exp><and_exp></and_exp></or_exp>
</condition>

<Node id="8" bw="0" op_0_bw="0" op_1_bw="32" op_2_bw="0" op_3_bw="32" op_4_bw="32" op_5_bw="0" op_6_bw="32" op_7_bw="32" op_8_bw="0" op_9_bw="0" op_10_bw="0" op_11_bw="32" op_12_bw="32" op_13_bw="32" op_14_bw="32" op_15_bw="0" op_16_bw="0" op_17_bw="32" op_18_bw="32">
<![CDATA[
entry:3 %specinterface_ln0 = specinterface void @_ssdm_op_SpecInterface, i32 %ALU_operation, void @empty_16, i32 0, i32 0, void @empty_20, i32 0, i32 0, void @empty_20, void @empty_20, void @empty_20, i32 0, i32 0, i32 0, i32 0, void @empty_20, void @empty_20, i32 4294967295, i32 0

]]></Node>
<StgValue><ssdm name="specinterface_ln0"/></StgValue>
</operation>

<operation id="24" st_id="8" stage="1" lat="1">
<core>NULL</core>
<MemPortIdVec></MemPortIdVec>
<condition id="-1">
<or_exp><and_exp></and_exp></or_exp>
</condition>

<Node id="9" bw="0" op_0_bw="0" op_1_bw="32" op_2_bw="0" op_3_bw="32" op_4_bw="32" op_5_bw="0" op_6_bw="32" op_7_bw="32" op_8_bw="0" op_9_bw="0" op_10_bw="0" op_11_bw="32" op_12_bw="32" op_13_bw="32" op_14_bw="32" op_15_bw="0" op_16_bw="0" op_17_bw="32" op_18_bw="32">
<![CDATA[
entry:4 %specinterface_ln0 = specinterface void @_ssdm_op_SpecInterface, i32 %data_a, void @empty_16, i32 0, i32 0, void @empty_20, i32 0, i32 0, void @empty_20, void @empty_20, void @empty_20, i32 0, i32 0, i32 0, i32 0, void @empty_20, void @empty_20, i32 4294967295, i32 0

]]></Node>
<StgValue><ssdm name="specinterface_ln0"/></StgValue>
</operation>

<operation id="25" st_id="8" stage="1" lat="1">
<core>NULL</core>
<MemPortIdVec></MemPortIdVec>
<condition id="-1">
<or_exp><and_exp></and_exp></or_exp>
</condition>

<Node id="10" bw="0" op_0_bw="0" op_1_bw="32" op_2_bw="0" op_3_bw="32" op_4_bw="32" op_5_bw="0" op_6_bw="32" op_7_bw="32" op_8_bw="0" op_9_bw="0" op_10_bw="0" op_11_bw="32" op_12_bw="32" op_13_bw="32" op_14_bw="32" op_15_bw="0" op_16_bw="0" op_17_bw="32" op_18_bw="32">
<![CDATA[
entry:5 %specinterface_ln0 = specinterface void @_ssdm_op_SpecInterface, i32 %data_a, void @empty_16, i32 0, i32 0, void @empty_20, i32 0, i32 0, void @empty_20, void @empty_20, void @empty_20, i32 0, i32 0, i32 0, i32 0, void @empty_20, void @empty_20, i32 4294967295, i32 0

]]></Node>
<StgValue><ssdm name="specinterface_ln0"/></StgValue>
</operation>

<operation id="26" st_id="8" stage="1" lat="1">
<core>NULL</core>
<MemPortIdVec></MemPortIdVec>
<condition id="-1">
<or_exp><and_exp></and_exp></or_exp>
</condition>

<Node id="11" bw="0" op_0_bw="0" op_1_bw="32" op_2_bw="0" op_3_bw="32" op_4_bw="32" op_5_bw="0" op_6_bw="32" op_7_bw="32" op_8_bw="0" op_9_bw="0" op_10_bw="0" op_11_bw="32" op_12_bw="32" op_13_bw="32" op_14_bw="32" op_15_bw="0" op_16_bw="0" op_17_bw="32" op_18_bw="32">
<![CDATA[
entry:6 %specinterface_ln0 = specinterface void @_ssdm_op_SpecInterface, i32 %data_a, void @empty_16, i32 0, i32 0, void @empty_20, i32 0, i32 0, void @empty_20, void @empty_20, void @empty_20, i32 0, i32 0, i32 0, i32 0, void @empty_20, void @empty_20, i32 4294967295, i32 0

]]></Node>
<StgValue><ssdm name="specinterface_ln0"/></StgValue>
</operation>

<operation id="27" st_id="8" stage="1" lat="1">
<core>NULL</core>
<MemPortIdVec></MemPortIdVec>
<condition id="-1">
<or_exp><and_exp></and_exp></or_exp>
</condition>

<Node id="12" bw="0" op_0_bw="0" op_1_bw="32" op_2_bw="0" op_3_bw="32" op_4_bw="32" op_5_bw="0" op_6_bw="32" op_7_bw="32" op_8_bw="0" op_9_bw="0" op_10_bw="0" op_11_bw="32" op_12_bw="32" op_13_bw="32" op_14_bw="32" op_15_bw="0" op_16_bw="0" op_17_bw="32" op_18_bw="32">
<![CDATA[
entry:7 %specinterface_ln0 = specinterface void @_ssdm_op_SpecInterface, i32 %data_a, void @empty_16, i32 0, i32 0, void @empty_20, i32 0, i32 0, void @empty_20, void @empty_20, void @empty_20, i32 0, i32 0, i32 0, i32 0, void @empty_20, void @empty_20, i32 4294967295, i32 0

]]></Node>
<StgValue><ssdm name="specinterface_ln0"/></StgValue>
</operation>

<operation id="28" st_id="8" stage="1" lat="1">
<core>NULL</core>
<MemPortIdVec></MemPortIdVec>
<condition id="-1">
<or_exp><and_exp></and_exp></or_exp>
</condition>

<Node id="13" bw="0" op_0_bw="0" op_1_bw="32" op_2_bw="0" op_3_bw="32" op_4_bw="32" op_5_bw="0" op_6_bw="32" op_7_bw="32" op_8_bw="0" op_9_bw="0" op_10_bw="0" op_11_bw="32" op_12_bw="32" op_13_bw="32" op_14_bw="32" op_15_bw="0" op_16_bw="0" op_17_bw="32" op_18_bw="32">
<![CDATA[
entry:8 %specinterface_ln0 = specinterface void @_ssdm_op_SpecInterface, i32 %data_b, void @empty_16, i32 0, i32 0, void @empty_20, i32 0, i32 0, void @empty_20, void @empty_20, void @empty_20, i32 0, i32 0, i32 0, i32 0, void @empty_20, void @empty_20, i32 4294967295, i32 0

]]></Node>
<StgValue><ssdm name="specinterface_ln0"/></StgValue>
</operation>

<operation id="29" st_id="8" stage="1" lat="1">
<core>NULL</core>
<MemPortIdVec></MemPortIdVec>
<condition id="-1">
<or_exp><and_exp></and_exp></or_exp>
</condition>

<Node id="14" bw="0" op_0_bw="0" op_1_bw="32" op_2_bw="0" op_3_bw="32" op_4_bw="32" op_5_bw="0" op_6_bw="32" op_7_bw="32" op_8_bw="0" op_9_bw="0" op_10_bw="0" op_11_bw="32" op_12_bw="32" op_13_bw="32" op_14_bw="32" op_15_bw="0" op_16_bw="0" op_17_bw="32" op_18_bw="32">
<![CDATA[
entry:9 %specinterface_ln0 = specinterface void @_ssdm_op_SpecInterface, i32 %data_b, void @empty_16, i32 0, i32 0, void @empty_20, i32 0, i32 0, void @empty_20, void @empty_20, void @empty_20, i32 0, i32 0, i32 0, i32 0, void @empty_20, void @empty_20, i32 4294967295, i32 0

]]></Node>
<StgValue><ssdm name="specinterface_ln0"/></StgValue>
</operation>

<operation id="30" st_id="8" stage="1" lat="1">
<core>NULL</core>
<MemPortIdVec></MemPortIdVec>
<condition id="-1">
<or_exp><and_exp></and_exp></or_exp>
</condition>

<Node id="15" bw="0" op_0_bw="0" op_1_bw="32" op_2_bw="0" op_3_bw="32" op_4_bw="32" op_5_bw="0" op_6_bw="32" op_7_bw="32" op_8_bw="0" op_9_bw="0" op_10_bw="0" op_11_bw="32" op_12_bw="32" op_13_bw="32" op_14_bw="32" op_15_bw="0" op_16_bw="0" op_17_bw="32" op_18_bw="32">
<![CDATA[
entry:10 %specinterface_ln0 = specinterface void @_ssdm_op_SpecInterface, i32 %data_b, void @empty_16, i32 0, i32 0, void @empty_20, i32 0, i32 0, void @empty_20, void @empty_20, void @empty_20, i32 0, i32 0, i32 0, i32 0, void @empty_20, void @empty_20, i32 4294967295, i32 0

]]></Node>
<StgValue><ssdm name="specinterface_ln0"/></StgValue>
</operation>

<operation id="31" st_id="8" stage="1" lat="1">
<core>NULL</core>
<MemPortIdVec></MemPortIdVec>
<condition id="-1">
<or_exp><and_exp></and_exp></or_exp>
</condition>

<Node id="16" bw="0" op_0_bw="0" op_1_bw="32" op_2_bw="0" op_3_bw="32" op_4_bw="32" op_5_bw="0" op_6_bw="32" op_7_bw="32" op_8_bw="0" op_9_bw="0" op_10_bw="0" op_11_bw="32" op_12_bw="32" op_13_bw="32" op_14_bw="32" op_15_bw="0" op_16_bw="0" op_17_bw="32" op_18_bw="32">
<![CDATA[
entry:11 %specinterface_ln0 = specinterface void @_ssdm_op_SpecInterface, i32 %data_b, void @empty_16, i32 0, i32 0, void @empty_20, i32 0, i32 0, void @empty_20, void @empty_20, void @empty_20, i32 0, i32 0, i32 0, i32 0, void @empty_20, void @empty_20, i32 4294967295, i32 0

]]></Node>
<StgValue><ssdm name="specinterface_ln0"/></StgValue>
</operation>

<operation id="32" st_id="8" stage="1" lat="1">
<core>NULL</core>
<MemPortIdVec></MemPortIdVec>
<condition id="-1">
<or_exp><and_exp></and_exp></or_exp>
</condition>

<Node id="17" bw="0" op_0_bw="0" op_1_bw="32" op_2_bw="0" op_3_bw="32" op_4_bw="32" op_5_bw="0" op_6_bw="32" op_7_bw="32" op_8_bw="0" op_9_bw="0" op_10_bw="0" op_11_bw="32" op_12_bw="32" op_13_bw="32" op_14_bw="32" op_15_bw="0" op_16_bw="0" op_17_bw="32" op_18_bw="32">
<![CDATA[
entry:12 %specinterface_ln0 = specinterface void @_ssdm_op_SpecInterface, i32 %data_b, void @empty_16, i32 0, i32 0, void @empty_20, i32 0, i32 0, void @empty_20, void @empty_20, void @empty_20, i32 0, i32 0, i32 0, i32 0, void @empty_20, void @empty_20, i32 4294967295, i32 0

]]></Node>
<StgValue><ssdm name="specinterface_ln0"/></StgValue>
</operation>

<operation id="33" st_id="8" stage="1" lat="1">
<core>NULL</core>
<MemPortIdVec></MemPortIdVec>
<condition id="-1">
<or_exp><and_exp></and_exp></or_exp>
</condition>

<Node id="18" bw="0" op_0_bw="0" op_1_bw="32" op_2_bw="0" op_3_bw="32" op_4_bw="32" op_5_bw="0" op_6_bw="32" op_7_bw="32" op_8_bw="0" op_9_bw="0" op_10_bw="0" op_11_bw="32" op_12_bw="32" op_13_bw="32" op_14_bw="32" op_15_bw="0" op_16_bw="0" op_17_bw="32" op_18_bw="32">
<![CDATA[
entry:13 %specinterface_ln0 = specinterface void @_ssdm_op_SpecInterface, i32 %data_a, void @empty_16, i32 0, i32 0, void @empty_20, i32 0, i32 0, void @empty_20, void @empty_20, void @empty_20, i32 0, i32 0, i32 0, i32 0, void @empty_20, void @empty_20, i32 4294967295, i32 0

]]></Node>
<StgValue><ssdm name="specinterface_ln0"/></StgValue>
</operation>

<operation id="34" st_id="8" stage="1" lat="1">
<core>NULL</core>
<MemPortIdVec></MemPortIdVec>
<condition id="-1">
<or_exp><and_exp></and_exp></or_exp>
</condition>

<Node id="19" bw="0" op_0_bw="0" op_1_bw="32" op_2_bw="0" op_3_bw="32" op_4_bw="32" op_5_bw="0" op_6_bw="32" op_7_bw="32" op_8_bw="0" op_9_bw="0" op_10_bw="0" op_11_bw="32" op_12_bw="32" op_13_bw="32" op_14_bw="32" op_15_bw="0" op_16_bw="0" op_17_bw="32" op_18_bw="32">
<![CDATA[
entry:14 %specinterface_ln0 = specinterface void @_ssdm_op_SpecInterface, i32 %ALU_operation, void @empty_16, i32 0, i32 0, void @empty_20, i32 0, i32 0, void @empty_20, void @empty_20, void @empty_20, i32 0, i32 0, i32 0, i32 0, void @empty_20, void @empty_20, i32 4294967295, i32 0

]]></Node>
<StgValue><ssdm name="specinterface_ln0"/></StgValue>
</operation>

<operation id="35" st_id="8" stage="1" lat="2">
<core></core>
<MemPortIdVec></MemPortIdVec>
<condition id="-1">
<or_exp><and_exp></and_exp></or_exp>
</condition>

<Node id="27" bw="0" op_0_bw="0" op_1_bw="32" op_2_bw="0">
<![CDATA[
entry:22 %call_ln0 = call void @reset_Pipeline_clear_ALU_op, i32 %ALU_operation

]]></Node>
<StgValue><ssdm name="call_ln0"/></StgValue>
</operation>

<operation id="36" st_id="8" stage="1" lat="2">
<core></core>
<MemPortIdVec></MemPortIdVec>
<condition id="-1">
<or_exp><and_exp></and_exp></or_exp>
</condition>

<Node id="28" bw="0" op_0_bw="0" op_1_bw="32" op_2_bw="0">
<![CDATA[
entry:23 %call_ln0 = call void @reset_Pipeline_clear_RAM_op, i32 %ALU_operation_MEM

]]></Node>
<StgValue><ssdm name="call_ln0"/></StgValue>
</operation>

<operation id="37" st_id="8" stage="1" lat="1">
<core>NULL</core>
<MemPortIdVec></MemPortIdVec>
<condition id="-1">
<or_exp><and_exp></and_exp></or_exp>
</condition>

<Node id="29" bw="0">
<![CDATA[
entry:24 %ret_ln0 = ret

]]></Node>
<StgValue><ssdm name="ret_ln0"/></StgValue>
</operation>
</state>
</state_list>


<ports>
<port id="45" name="data_a" dir="0" iftype="3">
<core>NULL</core><StgValue><ssdm name="data_a"/></StgValue>
</port>
<port id="46" name="data_b" dir="0" iftype="3">
<core>NULL</core><StgValue><ssdm name="data_b"/></StgValue>
</port>
<port id="47" name="ALU_operation" dir="0" iftype="3">
<core>NULL</core><StgValue><ssdm name="ALU_operation"/></StgValue>
</port>
<port id="48" name="ALU_operation_MEM" dir="1" iftype="1">
<core>RAM</core><StgValue><ssdm name="ALU_operation_MEM"/><MemPortTyVec>0 3 </MemPortTyVec>
</StgValue>
</port>
</ports>


<dataflows>
<dataflow id="50" from="_ssdm_op_Wait" to="empty" fromId="49" toId="9">
</dataflow>
<dataflow id="52" from="reset_Pipeline_clear_FIFO_a" to="call_ln0" fromId="51" toId="10">
</dataflow>
<dataflow id="53" from="data_a" to="call_ln0" fromId="45" toId="10">
</dataflow>
<dataflow id="54" from="reset_Pipeline_clear_FIFO_a" to="call_ln0" fromId="51" toId="11">
</dataflow>
<dataflow id="55" from="data_a" to="call_ln0" fromId="45" toId="11">
</dataflow>
<dataflow id="56" from="_ssdm_op_Wait" to="empty_33" fromId="49" toId="12">
</dataflow>
<dataflow id="57" from="_ssdm_op_Wait" to="empty_34" fromId="49" toId="13">
</dataflow>
<dataflow id="59" from="reset_Pipeline_clear_FIFO_b" to="call_ln0" fromId="58" toId="14">
</dataflow>
<dataflow id="60" from="data_b" to="call_ln0" fromId="46" toId="14">
</dataflow>
<dataflow id="61" from="reset_Pipeline_clear_FIFO_b" to="call_ln0" fromId="58" toId="15">
</dataflow>
<dataflow id="62" from="data_b" to="call_ln0" fromId="46" toId="15">
</dataflow>
<dataflow id="63" from="_ssdm_op_Wait" to="empty_35" fromId="49" toId="16">
</dataflow>
<dataflow id="64" from="_ssdm_op_Wait" to="empty_36" fromId="49" toId="17">
</dataflow>
<dataflow id="66" from="reset_Pipeline_clear_ALU_op" to="call_ln0" fromId="65" toId="18">
</dataflow>
<dataflow id="67" from="ALU_operation" to="call_ln0" fromId="47" toId="18">
</dataflow>
<dataflow id="69" from="reset_Pipeline_clear_RAM_op" to="call_ln0" fromId="68" toId="19">
</dataflow>
<dataflow id="70" from="ALU_operation_MEM" to="call_ln0" fromId="48" toId="19">
</dataflow>
<dataflow id="72" from="_ssdm_op_SpecInterface" to="specinterface_ln0" fromId="71" toId="20">
</dataflow>
<dataflow id="73" from="ALU_operation" to="specinterface_ln0" fromId="47" toId="20">
</dataflow>
<dataflow id="75" from="empty_16" to="specinterface_ln0" fromId="74" toId="20">
</dataflow>
<dataflow id="77" from="StgValue_76" to="specinterface_ln0" fromId="76" toId="20">
</dataflow>
<dataflow id="78" from="StgValue_76" to="specinterface_ln0" fromId="76" toId="20">
</dataflow>
<dataflow id="80" from="empty_20" to="specinterface_ln0" fromId="79" toId="20">
</dataflow>
<dataflow id="81" from="StgValue_76" to="specinterface_ln0" fromId="76" toId="20">
</dataflow>
<dataflow id="82" from="StgValue_76" to="specinterface_ln0" fromId="76" toId="20">
</dataflow>
<dataflow id="83" from="empty_20" to="specinterface_ln0" fromId="79" toId="20">
</dataflow>
<dataflow id="84" from="empty_20" to="specinterface_ln0" fromId="79" toId="20">
</dataflow>
<dataflow id="85" from="empty_20" to="specinterface_ln0" fromId="79" toId="20">
</dataflow>
<dataflow id="86" from="StgValue_76" to="specinterface_ln0" fromId="76" toId="20">
</dataflow>
<dataflow id="87" from="StgValue_76" to="specinterface_ln0" fromId="76" toId="20">
</dataflow>
<dataflow id="88" from="StgValue_76" to="specinterface_ln0" fromId="76" toId="20">
</dataflow>
<dataflow id="89" from="StgValue_76" to="specinterface_ln0" fromId="76" toId="20">
</dataflow>
<dataflow id="90" from="empty_20" to="specinterface_ln0" fromId="79" toId="20">
</dataflow>
<dataflow id="91" from="empty_20" to="specinterface_ln0" fromId="79" toId="20">
</dataflow>
<dataflow id="93" from="StgValue_92" to="specinterface_ln0" fromId="92" toId="20">
</dataflow>
<dataflow id="94" from="StgValue_76" to="specinterface_ln0" fromId="76" toId="20">
</dataflow>
<dataflow id="95" from="_ssdm_op_SpecInterface" to="specinterface_ln0" fromId="71" toId="21">
</dataflow>
<dataflow id="96" from="ALU_operation" to="specinterface_ln0" fromId="47" toId="21">
</dataflow>
<dataflow id="97" from="empty_16" to="specinterface_ln0" fromId="74" toId="21">
</dataflow>
<dataflow id="98" from="StgValue_76" to="specinterface_ln0" fromId="76" toId="21">
</dataflow>
<dataflow id="99" from="StgValue_76" to="specinterface_ln0" fromId="76" toId="21">
</dataflow>
<dataflow id="100" from="empty_20" to="specinterface_ln0" fromId="79" toId="21">
</dataflow>
<dataflow id="101" from="StgValue_76" to="specinterface_ln0" fromId="76" toId="21">
</dataflow>
<dataflow id="102" from="StgValue_76" to="specinterface_ln0" fromId="76" toId="21">
</dataflow>
<dataflow id="103" from="empty_20" to="specinterface_ln0" fromId="79" toId="21">
</dataflow>
<dataflow id="104" from="empty_20" to="specinterface_ln0" fromId="79" toId="21">
</dataflow>
<dataflow id="105" from="empty_20" to="specinterface_ln0" fromId="79" toId="21">
</dataflow>
<dataflow id="106" from="StgValue_76" to="specinterface_ln0" fromId="76" toId="21">
</dataflow>
<dataflow id="107" from="StgValue_76" to="specinterface_ln0" fromId="76" toId="21">
</dataflow>
<dataflow id="108" from="StgValue_76" to="specinterface_ln0" fromId="76" toId="21">
</dataflow>
<dataflow id="109" from="StgValue_76" to="specinterface_ln0" fromId="76" toId="21">
</dataflow>
<dataflow id="110" from="empty_20" to="specinterface_ln0" fromId="79" toId="21">
</dataflow>
<dataflow id="111" from="empty_20" to="specinterface_ln0" fromId="79" toId="21">
</dataflow>
<dataflow id="112" from="StgValue_92" to="specinterface_ln0" fromId="92" toId="21">
</dataflow>
<dataflow id="113" from="StgValue_76" to="specinterface_ln0" fromId="76" toId="21">
</dataflow>
<dataflow id="114" from="_ssdm_op_SpecInterface" to="specinterface_ln0" fromId="71" toId="22">
</dataflow>
<dataflow id="115" from="ALU_operation" to="specinterface_ln0" fromId="47" toId="22">
</dataflow>
<dataflow id="116" from="empty_16" to="specinterface_ln0" fromId="74" toId="22">
</dataflow>
<dataflow id="117" from="StgValue_76" to="specinterface_ln0" fromId="76" toId="22">
</dataflow>
<dataflow id="118" from="StgValue_76" to="specinterface_ln0" fromId="76" toId="22">
</dataflow>
<dataflow id="119" from="empty_20" to="specinterface_ln0" fromId="79" toId="22">
</dataflow>
<dataflow id="120" from="StgValue_76" to="specinterface_ln0" fromId="76" toId="22">
</dataflow>
<dataflow id="121" from="StgValue_76" to="specinterface_ln0" fromId="76" toId="22">
</dataflow>
<dataflow id="122" from="empty_20" to="specinterface_ln0" fromId="79" toId="22">
</dataflow>
<dataflow id="123" from="empty_20" to="specinterface_ln0" fromId="79" toId="22">
</dataflow>
<dataflow id="124" from="empty_20" to="specinterface_ln0" fromId="79" toId="22">
</dataflow>
<dataflow id="125" from="StgValue_76" to="specinterface_ln0" fromId="76" toId="22">
</dataflow>
<dataflow id="126" from="StgValue_76" to="specinterface_ln0" fromId="76" toId="22">
</dataflow>
<dataflow id="127" from="StgValue_76" to="specinterface_ln0" fromId="76" toId="22">
</dataflow>
<dataflow id="128" from="StgValue_76" to="specinterface_ln0" fromId="76" toId="22">
</dataflow>
<dataflow id="129" from="empty_20" to="specinterface_ln0" fromId="79" toId="22">
</dataflow>
<dataflow id="130" from="empty_20" to="specinterface_ln0" fromId="79" toId="22">
</dataflow>
<dataflow id="131" from="StgValue_92" to="specinterface_ln0" fromId="92" toId="22">
</dataflow>
<dataflow id="132" from="StgValue_76" to="specinterface_ln0" fromId="76" toId="22">
</dataflow>
<dataflow id="133" from="_ssdm_op_SpecInterface" to="specinterface_ln0" fromId="71" toId="23">
</dataflow>
<dataflow id="134" from="ALU_operation" to="specinterface_ln0" fromId="47" toId="23">
</dataflow>
<dataflow id="135" from="empty_16" to="specinterface_ln0" fromId="74" toId="23">
</dataflow>
<dataflow id="136" from="StgValue_76" to="specinterface_ln0" fromId="76" toId="23">
</dataflow>
<dataflow id="137" from="StgValue_76" to="specinterface_ln0" fromId="76" toId="23">
</dataflow>
<dataflow id="138" from="empty_20" to="specinterface_ln0" fromId="79" toId="23">
</dataflow>
<dataflow id="139" from="StgValue_76" to="specinterface_ln0" fromId="76" toId="23">
</dataflow>
<dataflow id="140" from="StgValue_76" to="specinterface_ln0" fromId="76" toId="23">
</dataflow>
<dataflow id="141" from="empty_20" to="specinterface_ln0" fromId="79" toId="23">
</dataflow>
<dataflow id="142" from="empty_20" to="specinterface_ln0" fromId="79" toId="23">
</dataflow>
<dataflow id="143" from="empty_20" to="specinterface_ln0" fromId="79" toId="23">
</dataflow>
<dataflow id="144" from="StgValue_76" to="specinterface_ln0" fromId="76" toId="23">
</dataflow>
<dataflow id="145" from="StgValue_76" to="specinterface_ln0" fromId="76" toId="23">
</dataflow>
<dataflow id="146" from="StgValue_76" to="specinterface_ln0" fromId="76" toId="23">
</dataflow>
<dataflow id="147" from="StgValue_76" to="specinterface_ln0" fromId="76" toId="23">
</dataflow>
<dataflow id="148" from="empty_20" to="specinterface_ln0" fromId="79" toId="23">
</dataflow>
<dataflow id="149" from="empty_20" to="specinterface_ln0" fromId="79" toId="23">
</dataflow>
<dataflow id="150" from="StgValue_92" to="specinterface_ln0" fromId="92" toId="23">
</dataflow>
<dataflow id="151" from="StgValue_76" to="specinterface_ln0" fromId="76" toId="23">
</dataflow>
<dataflow id="152" from="_ssdm_op_SpecInterface" to="specinterface_ln0" fromId="71" toId="24">
</dataflow>
<dataflow id="153" from="data_a" to="specinterface_ln0" fromId="45" toId="24">
</dataflow>
<dataflow id="154" from="empty_16" to="specinterface_ln0" fromId="74" toId="24">
</dataflow>
<dataflow id="155" from="StgValue_76" to="specinterface_ln0" fromId="76" toId="24">
</dataflow>
<dataflow id="156" from="StgValue_76" to="specinterface_ln0" fromId="76" toId="24">
</dataflow>
<dataflow id="157" from="empty_20" to="specinterface_ln0" fromId="79" toId="24">
</dataflow>
<dataflow id="158" from="StgValue_76" to="specinterface_ln0" fromId="76" toId="24">
</dataflow>
<dataflow id="159" from="StgValue_76" to="specinterface_ln0" fromId="76" toId="24">
</dataflow>
<dataflow id="160" from="empty_20" to="specinterface_ln0" fromId="79" toId="24">
</dataflow>
<dataflow id="161" from="empty_20" to="specinterface_ln0" fromId="79" toId="24">
</dataflow>
<dataflow id="162" from="empty_20" to="specinterface_ln0" fromId="79" toId="24">
</dataflow>
<dataflow id="163" from="StgValue_76" to="specinterface_ln0" fromId="76" toId="24">
</dataflow>
<dataflow id="164" from="StgValue_76" to="specinterface_ln0" fromId="76" toId="24">
</dataflow>
<dataflow id="165" from="StgValue_76" to="specinterface_ln0" fromId="76" toId="24">
</dataflow>
<dataflow id="166" from="StgValue_76" to="specinterface_ln0" fromId="76" toId="24">
</dataflow>
<dataflow id="167" from="empty_20" to="specinterface_ln0" fromId="79" toId="24">
</dataflow>
<dataflow id="168" from="empty_20" to="specinterface_ln0" fromId="79" toId="24">
</dataflow>
<dataflow id="169" from="StgValue_92" to="specinterface_ln0" fromId="92" toId="24">
</dataflow>
<dataflow id="170" from="StgValue_76" to="specinterface_ln0" fromId="76" toId="24">
</dataflow>
<dataflow id="171" from="_ssdm_op_SpecInterface" to="specinterface_ln0" fromId="71" toId="25">
</dataflow>
<dataflow id="172" from="data_a" to="specinterface_ln0" fromId="45" toId="25">
</dataflow>
<dataflow id="173" from="empty_16" to="specinterface_ln0" fromId="74" toId="25">
</dataflow>
<dataflow id="174" from="StgValue_76" to="specinterface_ln0" fromId="76" toId="25">
</dataflow>
<dataflow id="175" from="StgValue_76" to="specinterface_ln0" fromId="76" toId="25">
</dataflow>
<dataflow id="176" from="empty_20" to="specinterface_ln0" fromId="79" toId="25">
</dataflow>
<dataflow id="177" from="StgValue_76" to="specinterface_ln0" fromId="76" toId="25">
</dataflow>
<dataflow id="178" from="StgValue_76" to="specinterface_ln0" fromId="76" toId="25">
</dataflow>
<dataflow id="179" from="empty_20" to="specinterface_ln0" fromId="79" toId="25">
</dataflow>
<dataflow id="180" from="empty_20" to="specinterface_ln0" fromId="79" toId="25">
</dataflow>
<dataflow id="181" from="empty_20" to="specinterface_ln0" fromId="79" toId="25">
</dataflow>
<dataflow id="182" from="StgValue_76" to="specinterface_ln0" fromId="76" toId="25">
</dataflow>
<dataflow id="183" from="StgValue_76" to="specinterface_ln0" fromId="76" toId="25">
</dataflow>
<dataflow id="184" from="StgValue_76" to="specinterface_ln0" fromId="76" toId="25">
</dataflow>
<dataflow id="185" from="StgValue_76" to="specinterface_ln0" fromId="76" toId="25">
</dataflow>
<dataflow id="186" from="empty_20" to="specinterface_ln0" fromId="79" toId="25">
</dataflow>
<dataflow id="187" from="empty_20" to="specinterface_ln0" fromId="79" toId="25">
</dataflow>
<dataflow id="188" from="StgValue_92" to="specinterface_ln0" fromId="92" toId="25">
</dataflow>
<dataflow id="189" from="StgValue_76" to="specinterface_ln0" fromId="76" toId="25">
</dataflow>
<dataflow id="190" from="_ssdm_op_SpecInterface" to="specinterface_ln0" fromId="71" toId="26">
</dataflow>
<dataflow id="191" from="data_a" to="specinterface_ln0" fromId="45" toId="26">
</dataflow>
<dataflow id="192" from="empty_16" to="specinterface_ln0" fromId="74" toId="26">
</dataflow>
<dataflow id="193" from="StgValue_76" to="specinterface_ln0" fromId="76" toId="26">
</dataflow>
<dataflow id="194" from="StgValue_76" to="specinterface_ln0" fromId="76" toId="26">
</dataflow>
<dataflow id="195" from="empty_20" to="specinterface_ln0" fromId="79" toId="26">
</dataflow>
<dataflow id="196" from="StgValue_76" to="specinterface_ln0" fromId="76" toId="26">
</dataflow>
<dataflow id="197" from="StgValue_76" to="specinterface_ln0" fromId="76" toId="26">
</dataflow>
<dataflow id="198" from="empty_20" to="specinterface_ln0" fromId="79" toId="26">
</dataflow>
<dataflow id="199" from="empty_20" to="specinterface_ln0" fromId="79" toId="26">
</dataflow>
<dataflow id="200" from="empty_20" to="specinterface_ln0" fromId="79" toId="26">
</dataflow>
<dataflow id="201" from="StgValue_76" to="specinterface_ln0" fromId="76" toId="26">
</dataflow>
<dataflow id="202" from="StgValue_76" to="specinterface_ln0" fromId="76" toId="26">
</dataflow>
<dataflow id="203" from="StgValue_76" to="specinterface_ln0" fromId="76" toId="26">
</dataflow>
<dataflow id="204" from="StgValue_76" to="specinterface_ln0" fromId="76" toId="26">
</dataflow>
<dataflow id="205" from="empty_20" to="specinterface_ln0" fromId="79" toId="26">
</dataflow>
<dataflow id="206" from="empty_20" to="specinterface_ln0" fromId="79" toId="26">
</dataflow>
<dataflow id="207" from="StgValue_92" to="specinterface_ln0" fromId="92" toId="26">
</dataflow>
<dataflow id="208" from="StgValue_76" to="specinterface_ln0" fromId="76" toId="26">
</dataflow>
<dataflow id="209" from="_ssdm_op_SpecInterface" to="specinterface_ln0" fromId="71" toId="27">
</dataflow>
<dataflow id="210" from="data_a" to="specinterface_ln0" fromId="45" toId="27">
</dataflow>
<dataflow id="211" from="empty_16" to="specinterface_ln0" fromId="74" toId="27">
</dataflow>
<dataflow id="212" from="StgValue_76" to="specinterface_ln0" fromId="76" toId="27">
</dataflow>
<dataflow id="213" from="StgValue_76" to="specinterface_ln0" fromId="76" toId="27">
</dataflow>
<dataflow id="214" from="empty_20" to="specinterface_ln0" fromId="79" toId="27">
</dataflow>
<dataflow id="215" from="StgValue_76" to="specinterface_ln0" fromId="76" toId="27">
</dataflow>
<dataflow id="216" from="StgValue_76" to="specinterface_ln0" fromId="76" toId="27">
</dataflow>
<dataflow id="217" from="empty_20" to="specinterface_ln0" fromId="79" toId="27">
</dataflow>
<dataflow id="218" from="empty_20" to="specinterface_ln0" fromId="79" toId="27">
</dataflow>
<dataflow id="219" from="empty_20" to="specinterface_ln0" fromId="79" toId="27">
</dataflow>
<dataflow id="220" from="StgValue_76" to="specinterface_ln0" fromId="76" toId="27">
</dataflow>
<dataflow id="221" from="StgValue_76" to="specinterface_ln0" fromId="76" toId="27">
</dataflow>
<dataflow id="222" from="StgValue_76" to="specinterface_ln0" fromId="76" toId="27">
</dataflow>
<dataflow id="223" from="StgValue_76" to="specinterface_ln0" fromId="76" toId="27">
</dataflow>
<dataflow id="224" from="empty_20" to="specinterface_ln0" fromId="79" toId="27">
</dataflow>
<dataflow id="225" from="empty_20" to="specinterface_ln0" fromId="79" toId="27">
</dataflow>
<dataflow id="226" from="StgValue_92" to="specinterface_ln0" fromId="92" toId="27">
</dataflow>
<dataflow id="227" from="StgValue_76" to="specinterface_ln0" fromId="76" toId="27">
</dataflow>
<dataflow id="228" from="_ssdm_op_SpecInterface" to="specinterface_ln0" fromId="71" toId="28">
</dataflow>
<dataflow id="229" from="data_b" to="specinterface_ln0" fromId="46" toId="28">
</dataflow>
<dataflow id="230" from="empty_16" to="specinterface_ln0" fromId="74" toId="28">
</dataflow>
<dataflow id="231" from="StgValue_76" to="specinterface_ln0" fromId="76" toId="28">
</dataflow>
<dataflow id="232" from="StgValue_76" to="specinterface_ln0" fromId="76" toId="28">
</dataflow>
<dataflow id="233" from="empty_20" to="specinterface_ln0" fromId="79" toId="28">
</dataflow>
<dataflow id="234" from="StgValue_76" to="specinterface_ln0" fromId="76" toId="28">
</dataflow>
<dataflow id="235" from="StgValue_76" to="specinterface_ln0" fromId="76" toId="28">
</dataflow>
<dataflow id="236" from="empty_20" to="specinterface_ln0" fromId="79" toId="28">
</dataflow>
<dataflow id="237" from="empty_20" to="specinterface_ln0" fromId="79" toId="28">
</dataflow>
<dataflow id="238" from="empty_20" to="specinterface_ln0" fromId="79" toId="28">
</dataflow>
<dataflow id="239" from="StgValue_76" to="specinterface_ln0" fromId="76" toId="28">
</dataflow>
<dataflow id="240" from="StgValue_76" to="specinterface_ln0" fromId="76" toId="28">
</dataflow>
<dataflow id="241" from="StgValue_76" to="specinterface_ln0" fromId="76" toId="28">
</dataflow>
<dataflow id="242" from="StgValue_76" to="specinterface_ln0" fromId="76" toId="28">
</dataflow>
<dataflow id="243" from="empty_20" to="specinterface_ln0" fromId="79" toId="28">
</dataflow>
<dataflow id="244" from="empty_20" to="specinterface_ln0" fromId="79" toId="28">
</dataflow>
<dataflow id="245" from="StgValue_92" to="specinterface_ln0" fromId="92" toId="28">
</dataflow>
<dataflow id="246" from="StgValue_76" to="specinterface_ln0" fromId="76" toId="28">
</dataflow>
<dataflow id="247" from="_ssdm_op_SpecInterface" to="specinterface_ln0" fromId="71" toId="29">
</dataflow>
<dataflow id="248" from="data_b" to="specinterface_ln0" fromId="46" toId="29">
</dataflow>
<dataflow id="249" from="empty_16" to="specinterface_ln0" fromId="74" toId="29">
</dataflow>
<dataflow id="250" from="StgValue_76" to="specinterface_ln0" fromId="76" toId="29">
</dataflow>
<dataflow id="251" from="StgValue_76" to="specinterface_ln0" fromId="76" toId="29">
</dataflow>
<dataflow id="252" from="empty_20" to="specinterface_ln0" fromId="79" toId="29">
</dataflow>
<dataflow id="253" from="StgValue_76" to="specinterface_ln0" fromId="76" toId="29">
</dataflow>
<dataflow id="254" from="StgValue_76" to="specinterface_ln0" fromId="76" toId="29">
</dataflow>
<dataflow id="255" from="empty_20" to="specinterface_ln0" fromId="79" toId="29">
</dataflow>
<dataflow id="256" from="empty_20" to="specinterface_ln0" fromId="79" toId="29">
</dataflow>
<dataflow id="257" from="empty_20" to="specinterface_ln0" fromId="79" toId="29">
</dataflow>
<dataflow id="258" from="StgValue_76" to="specinterface_ln0" fromId="76" toId="29">
</dataflow>
<dataflow id="259" from="StgValue_76" to="specinterface_ln0" fromId="76" toId="29">
</dataflow>
<dataflow id="260" from="StgValue_76" to="specinterface_ln0" fromId="76" toId="29">
</dataflow>
<dataflow id="261" from="StgValue_76" to="specinterface_ln0" fromId="76" toId="29">
</dataflow>
<dataflow id="262" from="empty_20" to="specinterface_ln0" fromId="79" toId="29">
</dataflow>
<dataflow id="263" from="empty_20" to="specinterface_ln0" fromId="79" toId="29">
</dataflow>
<dataflow id="264" from="StgValue_92" to="specinterface_ln0" fromId="92" toId="29">
</dataflow>
<dataflow id="265" from="StgValue_76" to="specinterface_ln0" fromId="76" toId="29">
</dataflow>
<dataflow id="266" from="_ssdm_op_SpecInterface" to="specinterface_ln0" fromId="71" toId="30">
</dataflow>
<dataflow id="267" from="data_b" to="specinterface_ln0" fromId="46" toId="30">
</dataflow>
<dataflow id="268" from="empty_16" to="specinterface_ln0" fromId="74" toId="30">
</dataflow>
<dataflow id="269" from="StgValue_76" to="specinterface_ln0" fromId="76" toId="30">
</dataflow>
<dataflow id="270" from="StgValue_76" to="specinterface_ln0" fromId="76" toId="30">
</dataflow>
<dataflow id="271" from="empty_20" to="specinterface_ln0" fromId="79" toId="30">
</dataflow>
<dataflow id="272" from="StgValue_76" to="specinterface_ln0" fromId="76" toId="30">
</dataflow>
<dataflow id="273" from="StgValue_76" to="specinterface_ln0" fromId="76" toId="30">
</dataflow>
<dataflow id="274" from="empty_20" to="specinterface_ln0" fromId="79" toId="30">
</dataflow>
<dataflow id="275" from="empty_20" to="specinterface_ln0" fromId="79" toId="30">
</dataflow>
<dataflow id="276" from="empty_20" to="specinterface_ln0" fromId="79" toId="30">
</dataflow>
<dataflow id="277" from="StgValue_76" to="specinterface_ln0" fromId="76" toId="30">
</dataflow>
<dataflow id="278" from="StgValue_76" to="specinterface_ln0" fromId="76" toId="30">
</dataflow>
<dataflow id="279" from="StgValue_76" to="specinterface_ln0" fromId="76" toId="30">
</dataflow>
<dataflow id="280" from="StgValue_76" to="specinterface_ln0" fromId="76" toId="30">
</dataflow>
<dataflow id="281" from="empty_20" to="specinterface_ln0" fromId="79" toId="30">
</dataflow>
<dataflow id="282" from="empty_20" to="specinterface_ln0" fromId="79" toId="30">
</dataflow>
<dataflow id="283" from="StgValue_92" to="specinterface_ln0" fromId="92" toId="30">
</dataflow>
<dataflow id="284" from="StgValue_76" to="specinterface_ln0" fromId="76" toId="30">
</dataflow>
<dataflow id="285" from="_ssdm_op_SpecInterface" to="specinterface_ln0" fromId="71" toId="31">
</dataflow>
<dataflow id="286" from="data_b" to="specinterface_ln0" fromId="46" toId="31">
</dataflow>
<dataflow id="287" from="empty_16" to="specinterface_ln0" fromId="74" toId="31">
</dataflow>
<dataflow id="288" from="StgValue_76" to="specinterface_ln0" fromId="76" toId="31">
</dataflow>
<dataflow id="289" from="StgValue_76" to="specinterface_ln0" fromId="76" toId="31">
</dataflow>
<dataflow id="290" from="empty_20" to="specinterface_ln0" fromId="79" toId="31">
</dataflow>
<dataflow id="291" from="StgValue_76" to="specinterface_ln0" fromId="76" toId="31">
</dataflow>
<dataflow id="292" from="StgValue_76" to="specinterface_ln0" fromId="76" toId="31">
</dataflow>
<dataflow id="293" from="empty_20" to="specinterface_ln0" fromId="79" toId="31">
</dataflow>
<dataflow id="294" from="empty_20" to="specinterface_ln0" fromId="79" toId="31">
</dataflow>
<dataflow id="295" from="empty_20" to="specinterface_ln0" fromId="79" toId="31">
</dataflow>
<dataflow id="296" from="StgValue_76" to="specinterface_ln0" fromId="76" toId="31">
</dataflow>
<dataflow id="297" from="StgValue_76" to="specinterface_ln0" fromId="76" toId="31">
</dataflow>
<dataflow id="298" from="StgValue_76" to="specinterface_ln0" fromId="76" toId="31">
</dataflow>
<dataflow id="299" from="StgValue_76" to="specinterface_ln0" fromId="76" toId="31">
</dataflow>
<dataflow id="300" from="empty_20" to="specinterface_ln0" fromId="79" toId="31">
</dataflow>
<dataflow id="301" from="empty_20" to="specinterface_ln0" fromId="79" toId="31">
</dataflow>
<dataflow id="302" from="StgValue_92" to="specinterface_ln0" fromId="92" toId="31">
</dataflow>
<dataflow id="303" from="StgValue_76" to="specinterface_ln0" fromId="76" toId="31">
</dataflow>
<dataflow id="304" from="_ssdm_op_SpecInterface" to="specinterface_ln0" fromId="71" toId="32">
</dataflow>
<dataflow id="305" from="data_b" to="specinterface_ln0" fromId="46" toId="32">
</dataflow>
<dataflow id="306" from="empty_16" to="specinterface_ln0" fromId="74" toId="32">
</dataflow>
<dataflow id="307" from="StgValue_76" to="specinterface_ln0" fromId="76" toId="32">
</dataflow>
<dataflow id="308" from="StgValue_76" to="specinterface_ln0" fromId="76" toId="32">
</dataflow>
<dataflow id="309" from="empty_20" to="specinterface_ln0" fromId="79" toId="32">
</dataflow>
<dataflow id="310" from="StgValue_76" to="specinterface_ln0" fromId="76" toId="32">
</dataflow>
<dataflow id="311" from="StgValue_76" to="specinterface_ln0" fromId="76" toId="32">
</dataflow>
<dataflow id="312" from="empty_20" to="specinterface_ln0" fromId="79" toId="32">
</dataflow>
<dataflow id="313" from="empty_20" to="specinterface_ln0" fromId="79" toId="32">
</dataflow>
<dataflow id="314" from="empty_20" to="specinterface_ln0" fromId="79" toId="32">
</dataflow>
<dataflow id="315" from="StgValue_76" to="specinterface_ln0" fromId="76" toId="32">
</dataflow>
<dataflow id="316" from="StgValue_76" to="specinterface_ln0" fromId="76" toId="32">
</dataflow>
<dataflow id="317" from="StgValue_76" to="specinterface_ln0" fromId="76" toId="32">
</dataflow>
<dataflow id="318" from="StgValue_76" to="specinterface_ln0" fromId="76" toId="32">
</dataflow>
<dataflow id="319" from="empty_20" to="specinterface_ln0" fromId="79" toId="32">
</dataflow>
<dataflow id="320" from="empty_20" to="specinterface_ln0" fromId="79" toId="32">
</dataflow>
<dataflow id="321" from="StgValue_92" to="specinterface_ln0" fromId="92" toId="32">
</dataflow>
<dataflow id="322" from="StgValue_76" to="specinterface_ln0" fromId="76" toId="32">
</dataflow>
<dataflow id="323" from="_ssdm_op_SpecInterface" to="specinterface_ln0" fromId="71" toId="33">
</dataflow>
<dataflow id="324" from="data_a" to="specinterface_ln0" fromId="45" toId="33">
</dataflow>
<dataflow id="325" from="empty_16" to="specinterface_ln0" fromId="74" toId="33">
</dataflow>
<dataflow id="326" from="StgValue_76" to="specinterface_ln0" fromId="76" toId="33">
</dataflow>
<dataflow id="327" from="StgValue_76" to="specinterface_ln0" fromId="76" toId="33">
</dataflow>
<dataflow id="328" from="empty_20" to="specinterface_ln0" fromId="79" toId="33">
</dataflow>
<dataflow id="329" from="StgValue_76" to="specinterface_ln0" fromId="76" toId="33">
</dataflow>
<dataflow id="330" from="StgValue_76" to="specinterface_ln0" fromId="76" toId="33">
</dataflow>
<dataflow id="331" from="empty_20" to="specinterface_ln0" fromId="79" toId="33">
</dataflow>
<dataflow id="332" from="empty_20" to="specinterface_ln0" fromId="79" toId="33">
</dataflow>
<dataflow id="333" from="empty_20" to="specinterface_ln0" fromId="79" toId="33">
</dataflow>
<dataflow id="334" from="StgValue_76" to="specinterface_ln0" fromId="76" toId="33">
</dataflow>
<dataflow id="335" from="StgValue_76" to="specinterface_ln0" fromId="76" toId="33">
</dataflow>
<dataflow id="336" from="StgValue_76" to="specinterface_ln0" fromId="76" toId="33">
</dataflow>
<dataflow id="337" from="StgValue_76" to="specinterface_ln0" fromId="76" toId="33">
</dataflow>
<dataflow id="338" from="empty_20" to="specinterface_ln0" fromId="79" toId="33">
</dataflow>
<dataflow id="339" from="empty_20" to="specinterface_ln0" fromId="79" toId="33">
</dataflow>
<dataflow id="340" from="StgValue_92" to="specinterface_ln0" fromId="92" toId="33">
</dataflow>
<dataflow id="341" from="StgValue_76" to="specinterface_ln0" fromId="76" toId="33">
</dataflow>
<dataflow id="342" from="_ssdm_op_SpecInterface" to="specinterface_ln0" fromId="71" toId="34">
</dataflow>
<dataflow id="343" from="ALU_operation" to="specinterface_ln0" fromId="47" toId="34">
</dataflow>
<dataflow id="344" from="empty_16" to="specinterface_ln0" fromId="74" toId="34">
</dataflow>
<dataflow id="345" from="StgValue_76" to="specinterface_ln0" fromId="76" toId="34">
</dataflow>
<dataflow id="346" from="StgValue_76" to="specinterface_ln0" fromId="76" toId="34">
</dataflow>
<dataflow id="347" from="empty_20" to="specinterface_ln0" fromId="79" toId="34">
</dataflow>
<dataflow id="348" from="StgValue_76" to="specinterface_ln0" fromId="76" toId="34">
</dataflow>
<dataflow id="349" from="StgValue_76" to="specinterface_ln0" fromId="76" toId="34">
</dataflow>
<dataflow id="350" from="empty_20" to="specinterface_ln0" fromId="79" toId="34">
</dataflow>
<dataflow id="351" from="empty_20" to="specinterface_ln0" fromId="79" toId="34">
</dataflow>
<dataflow id="352" from="empty_20" to="specinterface_ln0" fromId="79" toId="34">
</dataflow>
<dataflow id="353" from="StgValue_76" to="specinterface_ln0" fromId="76" toId="34">
</dataflow>
<dataflow id="354" from="StgValue_76" to="specinterface_ln0" fromId="76" toId="34">
</dataflow>
<dataflow id="355" from="StgValue_76" to="specinterface_ln0" fromId="76" toId="34">
</dataflow>
<dataflow id="356" from="StgValue_76" to="specinterface_ln0" fromId="76" toId="34">
</dataflow>
<dataflow id="357" from="empty_20" to="specinterface_ln0" fromId="79" toId="34">
</dataflow>
<dataflow id="358" from="empty_20" to="specinterface_ln0" fromId="79" toId="34">
</dataflow>
<dataflow id="359" from="StgValue_92" to="specinterface_ln0" fromId="92" toId="34">
</dataflow>
<dataflow id="360" from="StgValue_76" to="specinterface_ln0" fromId="76" toId="34">
</dataflow>
<dataflow id="361" from="reset_Pipeline_clear_ALU_op" to="call_ln0" fromId="65" toId="35">
</dataflow>
<dataflow id="362" from="ALU_operation" to="call_ln0" fromId="47" toId="35">
</dataflow>
<dataflow id="363" from="reset_Pipeline_clear_RAM_op" to="call_ln0" fromId="68" toId="36">
</dataflow>
<dataflow id="364" from="ALU_operation_MEM" to="call_ln0" fromId="48" toId="36">
</dataflow>
</dataflows>


</stg>
