<?xml version="1.0"?>
<Runs Version="1" Minor="0">
	<Run Id="bd_0_hls_inst_0_synth_1" LaunchDir="C:/Users/marco/Desktop/hhllss/ALU_sys_HDL/solution1/impl/vhdl/project.runs/bd_0_hls_inst_0_synth_1" FlowId="Vivado_Synthesis" FromStepId="vivado" ToStepId="vivado"/>
	<Run Id="synth_1" LaunchDir="C:/Users/marco/Desktop/hhllss/ALU_sys_HDL/solution1/impl/vhdl/project.runs/synth_1" FlowId="Vivado_Synthesis" FromStepId="vivado" ToStepId="vivado">
		<Parent Id="bd_0_hls_inst_0_synth_1"/>
	</Run>
	<Parameters>
		<Parameter Name="runs.monitorLSFJobs" Val="true" Type="bool"/>
		<Parameter Name="runs.enableClusterConf" Val="true" Type="bool"/>
		<Parameter Name="general.shortenLongPath" Val="true" Type="bool"/>
	</Parameters>
	<ProductInfo Name="vivado"/>
</Runs>

