<?xml version="1.0" encoding="UTF-8"?>
<GenRun Id="ALU_sys_HDL_BD_rst_ps7_0_100M_0_synth_1" LaunchPart="xc7z020clg400-1" LaunchTime="1719160052">
  <File Type="PA-TCL" Name="ALU_sys_HDL_BD_rst_ps7_0_100M_0.tcl"/>
  <File Type="REPORTS-TCL" Name="ALU_sys_HDL_BD_rst_ps7_0_100M_0_reports.tcl"/>
  <File Type="RDS-RDS" Name="ALU_sys_HDL_BD_rst_ps7_0_100M_0.vds"/>
  <File Type="RDS-UTIL" Name="ALU_sys_HDL_BD_rst_ps7_0_100M_0_utilization_synth.rpt"/>
  <File Type="RDS-UTIL-PB" Name="ALU_sys_HDL_BD_rst_ps7_0_100M_0_utilization_synth.pb"/>
  <File Type="RDS-DCP" Name="ALU_sys_HDL_BD_rst_ps7_0_100M_0.dcp"/>
  <FileSet Name="sources" Type="BlockSrcs" RelSrcDir="$PSRCDIR/ALU_sys_HDL_BD_rst_ps7_0_100M_0" RelGenDir="$PGENDIR/ALU_sys_HDL_BD_rst_ps7_0_100M_0">
    <File Path="$PSRCDIR/sources_1/bd/ALU_sys_HDL_BD/ip/ALU_sys_HDL_BD_rst_ps7_0_100M_0/ALU_sys_HDL_BD_rst_ps7_0_100M_0.xci">
      <FileInfo>
        <Attr Name="ImportPath" Val="$PPRDIR/../../../../../../../../Desktop/ALU_sys_HDL_BD/ALU_sys_HDL_BD.srcs/sources_1/bd/ALU_sys_HDL_BD/ip/ALU_sys_HDL_BD_rst_ps7_0_100M_0/ALU_sys_HDL_BD_rst_ps7_0_100M_0.xci"/>
        <Attr Name="ImportTime" Val="1719159967"/>
        <Attr Name="UsedIn" Val="synthesis"/>
        <Attr Name="UsedIn" Val="implementation"/>
        <Attr Name="UsedIn" Val="simulation"/>
      </FileInfo>
    </File>
    <Config>
      <Option Name="TopModule" Val="ALU_sys_HDL_BD_rst_ps7_0_100M_0"/>
      <Option Name="UseBlackboxStub" Val="1"/>
    </Config>
  </FileSet>
  <FileSet Name="constrs_in" Type="BlockSrcs" RelSrcDir="$PSRCDIR/ALU_sys_HDL_BD_rst_ps7_0_100M_0" RelGenDir="$PGENDIR/ALU_sys_HDL_BD_rst_ps7_0_100M_0">
    <File Path="$PSRCDIR/sources_1/bd/ALU_sys_HDL_BD/ip/ALU_sys_HDL_BD_rst_ps7_0_100M_0/ALU_sys_HDL_BD_rst_ps7_0_100M_0.xci">
      <FileInfo>
        <Attr Name="ImportPath" Val="$PPRDIR/../../../../../../../../Desktop/ALU_sys_HDL_BD/ALU_sys_HDL_BD.srcs/sources_1/bd/ALU_sys_HDL_BD/ip/ALU_sys_HDL_BD_rst_ps7_0_100M_0/ALU_sys_HDL_BD_rst_ps7_0_100M_0.xci"/>
        <Attr Name="ImportTime" Val="1719159967"/>
        <Attr Name="UsedIn" Val="synthesis"/>
        <Attr Name="UsedIn" Val="implementation"/>
        <Attr Name="UsedIn" Val="simulation"/>
      </FileInfo>
    </File>
    <Config>
      <Option Name="TopModule" Val="ALU_sys_HDL_BD_rst_ps7_0_100M_0"/>
      <Option Name="UseBlackboxStub" Val="1"/>
    </Config>
  </FileSet>
  <FileSet Name="utils" Type="Utils" RelSrcDir="$PSRCDIR/utils_1" RelGenDir="$PGENDIR/utils_1">
    <Filter Type="Utils"/>
    <Config>
      <Option Name="TopAutoSet" Val="TRUE"/>
    </Config>
  </FileSet>
  <Strategy Version="1" Minor="2">
    <StratHandle Name="Vivado Synthesis Defaults" Flow="Vivado Synthesis 2023"/>
    <Step Id="synth_design"/>
  </Strategy>
</GenRun>
